id;etiqueta_heuristica;etiqueta_manual;anotador;documento_id;chunk_id_origen;posicion_relativa;etiqueta_retorica_origen;subtipo;razon_planb;longitud_palabras;texto
t2_pos_000050;contribucion;contribucion;;82295611.txt;doc_82295611_sec05_chk06;8045;sin_asignacion;positivo_planb_alto;explicito_propio;439;C. Definir Criterios de Aceptación Los criterios de aceptación son condiciones de satisfacción, específicos para cada user funcionales. El PO debe asegurarse que los criterios de aceptación sean especificados y que sean construidas y ejecutadas las pruebas que verificarán el cumplimiento de esos criterios en el producto. En estos aspectos el PO actúa en parte como analista de negocio y en parte como analista de pruebas. Sin estos criterios, el equipo tendría una comprensión incompleta del ítem del product backlog. Por esta razón, muchos equipos incluyen la existencia clara de criterios de aceptación como parte de la definición del criterio de listo. D. Gestionar la Economía El PO es responsable de asegurar que consistentemente se tomen buenas decisiones económicas relacionadas con el product Backlog, los Sprints y los Releases. A nivel de release el PO debe realizar compensaciones permanentes respecto del alcance, presupuesto, fechas y calidad, conforme recibe información que fluye durante el desarrollo del producto. Las compensaciones realizadas el principio del release, durante la ejecución del mismo. El PO, al revisar los ítems pendientes del product backlog, podrá decidir que el costo de crearlos es mayor que el valor que entregarán y como consecuencia removerá esos ítems. También puede decidir cambiar la cadencia de entrega, que por ejemplo estaba definida cada 5 Sprints, liberando versiones del producto al final de cada sprint. A nivel de cada sprint, el PO también gestionará la economía, asegurándose que se entregue un buen retorno de inversión ROI al final de cada sprint. Respecto de la visión de la economía sobre el product backlog, dado que el PO es quien lo prioriza, si las condiciones económicas cambian, las prioridades del product backlog cambiarán también. Lo expresado en la sección II, Definición del perfil del PO, es lo definido hasta ahora en la literatura ágil. A partir de lo investigado para este trabajo, se propone un conjunto de habilidades esperadas que complementan el perfil. Las mismas se exponen a continuación: Convertir conocimiento tácito en explícito: El conocimiento tácito se trata del conocimiento personal o propio del individuo, este conocimiento se halla profundamente imbricado en la mente de la persona y ampliamente relacionado con la experiencia práctica de la misma. El conocimiento explícito, ese otro tipo de conocimiento, caracterizado por ser más formal y sistemático, que puede ser transmitido al equipo de desarrollo. Nonaka y Takeuchi, 12. Manejo de Léxico Técnico: Entre otras competencias que debe tener el PO, es un léxico y comprensión de términos que seguramente son más propios del desarrollo del software que de su área de experiencia. También se requiere la competencia de integrar un equipo de trabajo con base tecnológica.
t2_neg_000086;no_contribucion;contribucion;;85382361.txt;doc_85382361_sec01_chk01;0;INTRO;negativo_dificil;objetivo_sin_novedad;426;"El presente trabajo informa acerca de algunos aspectos del análisis de un comentario crítico redactado por un grupo de ingresantes a una universidad particular de Lima, y parte de los resultados obtenidos. El objetivo de la investigación ha sido determinar y especificar las dificultades que tiene un grupo de ingresantes de una univer sidad privada de Lima en la construcción de un discurso escrito. Para ello, se hace un análisis de las redacciones elaboradas por dicho grupo. Se eligió esta muestra considerando que a esa universidad asisten alumnos pertenecientes a un nivel socioeconómico bajo. El estudio es importante, porque a través de las redacciones se puede visualizar los efectos del curso de Lenguaje o Comunicación Integral en la primaria y secundaria. Los hallazgos demuestran que los alumnos tienen dificultades en la elaboración de sus discursos escritos. Estas dificultades, en el plano sintáctico, se evidencian en el predominio de construcciones yuxtapues tas, en el uso de los conectores más simples como es la coordinación con la conjunción y; en el nivel morfológico, se ha encontrado errores en el uso de los tiempos verbales, en el uso de las preposiciones; en el ingresantes a las universidades estatales y particulares Responsable: Rosa Natalia Carbonel Apolo. Otros miembros y colaboradores: Lourdes Carpio Salas, Sabino Pariona Casamayor, Victor Manuel Gom:ilez Pumachaico. 86 ESTHER ESPINOZA REATEGU! nivel de la representación escrita, se detectó errores en el empleo de los signos de puntuación, acentuación y grafemas. Metodología Se examlnó una muestra de 50 redacdones de un total de 100. Las redacciones evaluadas corresponden a un comentario crítico acerca de un artículo leido sobre la poesía de César Vallejo. Para garantlzar el domlnlo del tema, la profesora trabajó lecturas referentes a la obra de Vallejo durante tres seslones. Se desarrollaron dlscuslones y debates acerca del contenido de la obra vallejiana y de las opiniones críticas de algunos estudlosos. Antes de la elaboraclón del escrlto, se proporclonó preguntas orientadoras a ftn de ayudar a la organización adecuada de la redacción. Seleccionada la muestra, se procedió a evaluarla en los tres com ponentes propuestos por Danlel Cassany: la adecuaclón, la coheslón y la corrección. l. La adecuaclón.- Se evalúa para dar cuenta de la estructuraclón de los contenidos comunicativos. De la tabla de evaluación que propone Cassany, examinamos los siguientes aspectos: 1.1. Propósito comprenslble: Están claro el objetlvo y las ideas e infortécnicas o complejas para el tema? Tratamiento apropiado de tú o usted? 2. La cohesión. Este componente, a su vez, comprende cuatro aspectos a la puntuación, b los conectores, e los pronombres,"
t2_neg_000095;no_contribucion;no_contribucion;;89339831.txt;doc_89339831_sec01_chk04;4968;INTRO;negativo_dificil;tercero_citado;382;Inés Dussel: la autoridad debe demostrarse cotidianamente para seguir siendo legítima2, a lo que agregamos: caso contrario, sencillamente se pierde, se esfuma, se disuelve, y con ello desaparece la oportunidad de hacer del acto de enseñar y aprender un proceso rico en significados. El pensamiento complejo y la gestión del caos indican que nada es estable, lineal ni previsible. Hervé Seriéyx, 1994 anticipaba la presencia de un universo en transformación permanente donde se conjugan el orden y el desorden, el equilibrio y el desequilibrio, lo programable y las bifurcaciones aleatorias... por qué debería ser la autoridad escolar la excepción de los nuevos tiempos? En todo caso deberíamos hablar de un problema cuya solución también se complejiza: la autoridad docente, para ser tal, rinde examen cada día. en ella también juegan factores institucionales. Gustavo Gorbeter 2007 propone sacar el foco de la percepción de los atributos personales y de personalidad de cada docente para lograr su reconocimiento como autoridad, y colocarlo en el contexto institucional, donde el docente forma parte de un todo, y es legitimado en sus decisiones y ejercicio de autoridad por el resto del equipo de docentes y directivos que consensuan criterios conocidos por todos. Para Gorbeter la autoridad en la escuela se construye institucionalmente. La escuela es una organización burocrática, en ella, los individuos ocupan puestos con responsabilidades y obligaciones formalmente definidas y la autoridad se inscribe en una estructura jerarquizada regulada por un conjunto de normas que se presupone deben ser aplicadas imparcialmente. El tránsito del adolescente por una organización de este tipo contribuye a la configuración de la actitud hacia la autoridad institucional. la percepción que los adolescentes tienen de los reglamentos escolares y del modo en que los profesores ejercen su función influirá en su orientación hacia otros sistemas institucionales. Las aproximaciones teóricas y la lectura de antecedentes de investigación que venimos realizando, nos llevaron a los siguientes planteos en el seno de nuestro equipo de saber, qué pensarán los jóvenes alumnos que por sus condiciones de vulnerabilidad han hecho de la calle su escuela y de su edad una adultez anticipada? Por otro lado si la autoridad docente, la estará reconociendo a la institución toda?, acaso la autoridad se puede heredar, replicar de una persona a otra, de un docente al resto de los docentes?.
t2_neg_000043;no_contribucion;contribucion;;70416235.txt;doc_70416235_sec05_chk04;6753;RES;negativo_facil;zona_sin_senales;260;"sobre-saturación de maestros. Se calcula una cifra aproximada de 28.000 docentes en en ejercicio, alcanzaría a cubrir la demanda de los próximos tres o cuatro años sin necesidad de recurrir a nuevas promociones, aun elevando la tasa de escolaridad al 85 con una mejor utilización de los recursos existentes. base previas evaluaciones. Tales reformas han carecido de un proceso técnico, de preeducación primaria a nivel nacional. esfuerzo educativo hacia la formación del futuro maestro dentro de la realidad del medio en donde deba desenvolverse, para que pueda tener un conocimiento real de los problemas, que le permita analizarlos y participar activamente en sus soluciones; estos factores han sido la causa del distanciamiento, de la limitada participación y apoyo de la comunidad en la tarea educativa. La deficiente calidad de las Escuelas Normales se refleja claramente en la clasificación los requisitos que garanticen la formación de maestros idóneos. Esta afirmación se demuestra con los resultados de las pruebas del ICFES en las cuales uno de los promedios más bajos fue el obtenido por los egresados de las normales, acusando mayor Ante estos resultados el estudio propone la conversión del bachillerato pedagógico a carrera intermedia ofreciendo dentro de ésta, áreas de especialización. normalista, adoptando las restantes, otras modalidades más acordes con las necesidades del país y, establecer una unidad técnica en el Ministerio de Educación Nacional que canalice las políticas de la educación normalista, asesore las Escuelas Normales y se constituya en el centro de comunicación y coordinación con las diferentes dependencias del nivel central y de las entidades regionales."
t2_neg_000056;no_contribucion;no_contribucion;;79363667.txt;doc_79363667_sec09_chk03;1974;METH;negativo_facil;zona_sin_senales;268;DISEÑO DE ESTUDIO Se trata de un estudio descriptivo de un solo sujeto n1. En éste estudio prospectivo y longitudinal, se aplican tres tratamientos que son las variables independientes Vip, y los resultados encontrados rango de movilidad completo, el control postural y la funcionalidad completa son la variable dependiente VD. El paciente firma previamente un consentimiento informado Anexo I. Se valora el rango articular activo y pasivo mediante goniometría. La utilización y fiabilidad de este instrumento de medida está ampliamente demostrada.13, 14 La valoración se realiza con el paciente sentado y se evalúan los movimientos de flexión, extensión, abducción y rotación. Se realiza el registro del grado de dolor percibido por el paciente mediante una escala visual analógica, siendo 0 la ausencia de dolor y 10 el mayor dolor imaginable Anexo II. Se considerada un método válido y adecuado para medir el dolor percibido.15 Por último se realiza la observación, registro y análisis de la postura del y tres después del tratamiento de RPG. Las fotografías se toman con la cámara Samsung WB600 con el paciente en bipedestación, registrando su postura en un plano anterior, sagital y posterior. También se registra otra dedos-suelo y para valorar las desviaciones de raquis, hipomovilidades y compensaciones foto 4 y dos fotos para valorar la posición de la cabeza respecto al ápex de la columna vertebral dorsal antes y después del tratamiento foto 8 y 9. Para añadir la cuadrícula de fondo 10x10 se utiliza el programa informático Adobe Photoshop CS3 EXTENDED Version 10.0. Paciente Fecha de nacimiento: 16021987 Edad: 26 Motivo: Pérdida de movilidad del hombro derecho.
t2_neg_000080;no_contribucion;no_contribucion;;84096778.txt;doc_84096778_sec01_chk01;14;INTRO;negativo_dificil;tercero_citado;344;Entre los desafíos de la actividad docente, el abordaje de la articulación entre teoría y práctica en los procesos de enseñanzaaprendizaje, es de los más acuciantes y pone en juego nuestro know how profesional e involucra decisiones sobre el proyecto educativo y el contexto social Masnatta et al., 2013 y Álvarez, 2012b. En este marco, es habitual que la teoría sea desarrollada por los docentes mediante diferentes tipos de actividades: clases teóricas de corte tradicional en las cuales el docente expone un tema específico, lectura de bibliografía especializada y debates. Sin embargo, en las asignaturas de carreras ingenieriles normalmente es necesario buscar un equilibro de la teoría con las actividades prácticas para lograr una mejor comprensión de los temas desarrollados. Esto se logra reconociendo la necesidad de los aportes que cada una realiza a la acción didáctica Álvarez, 2012a. Como es indicado en Álvarez, 2012b: la relación teoría-práctica educativa constituye un eterno problema, al que a lo largo de la historia se le han dado dos tipos fundamentales de respuesta enfrentadas: el enfoque científico-tecnológico y el hermenéutico-interpretativo, que enfatizan en el poder de la teoría para dominar la práctica en el primer caso, y en el poder de la práctica para dominar a la teoría en el segundo. En este contexto, la cátedra de una asignatura de la Universidad Tecnológica Nacional Facultad Regional Buenos Aires UTN FRBA ha intentado saldar este tipo de desfasaje mediante la inclusión de un trabajo práctico y la modificación de su metodología de trabajo. De esta forma aspira inscribirse en la corriente de un tercer paradigma, aquel que pretende balancear los tantos. En este artículo se describe primero, el contexto en que se realiza dicho trabajo sección 2 y el problema detectado por la cátedra sección 3. Luego, se identifica la solución propuesta sección 4 la cual es IX Congreso de Tecnolog a en Educacio n Educacio n en Tecnolog a 47 implementada y cuyos resultados obtenidos son analizados sección 5. Finalmente, se presentan las conclusiones generales obtenidas con las futuras líneas de trabajo sección 6.
t2_neg_000083;no_contribucion;no_contribucion;;84110338.txt;doc_84110338_sec03_chk02;2484;METH;negativo_dificil;senal_contrib_no_propia;453;"el real alcance de la tecnología. En este paso, es posible que algunas familias de la Comunidad se presten para utilizar el equipamiento a modo de préstamo para seguir practicando cocciones y completar la idea del uso de la tecnología. Además se aprovecha para realizar encuestas de situación yo reflexión en conjunto respecto de las necesidades reales existentes en la Comunidad y sus posibles vías de solución. 2- Prueba y motivación de la Comunidad en el uso de los sistemas, dado por el uso de los dispositivos de prueba con acompañamiento de personal del grupo investigador. 3- Adquisición de materiales necesarios: se realiza la búsqueda de los materiales necesarios para concretar el taller de armado y manejo, con plena participación del futuro usuario. 4- Taller de armado y manejo, que se divide en grupos, los cuales, arman los artefactos de todos, sin identificación aún del que será propiedad de cada uno, para permitir dedicarse por igual a cada uno de los equipos armados. 5- Seguimiento en el uso de la tecnología acompañando el proceso de apropiación y adopción final de la tecnología. Este proceso metodológico general puede cumplimentar los pasos, tomando en cuenta las posibilidades reales de trabajo limitación en la disponibilidad de recursos, alejamiento de la Comunidad para su visita, entusiasmo de la comunidad, etc.. En este caso, fue interesante observar que en dos visitas se realizaron los 4 pasos hasta llegar a la realización del taller de armado y manejo de la tecnología. Estando en este momento en proceso de seguimiento llevado a cabo por la Lic. Alejandra Fernández de la zona de Malargüe y por el equipo investigador. La ciudad de Malargüe, se encuentra a 421 Km al Sur de la ciudad de Mendoza y a 1.475 m sobre el La Figura 2 muestra la situación geográfica en el mapa de Mendoza y la localización del Barrio Los Intendentes, lugar de trabajo de la presente transferencia tecnológica dentro de la ciudad de Malargüe. Las características socioeconómicas de los participantes son las de acentuada y notoria marginalidad al sistema urbano, lo que además del exiguo monto de los ingresos percibidos por las familias que vendedores ambulantes y Kioscos muestra un contraste con el alto nivel de vida del territorio situado a muy poca distancia del predio, lo que refleja la brecha, generadora de situaciones de conflicto. Así entonces, es que existe también el la zona, casos de jóvenes judicializados, incluidos en los programas de la UMA, institución ésta que lleva adelante sus actividades propias con el aporte de técnicos del Dto. de San Rafael. F igura 2: izq. localización del Dto. de Malargüe distante 420 km. de la ciudad de Mendoza; der. localización de la comunidad Bo Municipal Calle ANCAAMUN"
t2_neg_000006;no_contribucion;no_contribucion;;109497523.txt;doc_109497523_sec04_chk04;1752;RES;negativo_dificil;tercero_citado;340;"Cada una de las técnicas seleccionadas aporta sus propios beneficios a la investigación, lo que facilitará el posterior análisis e identificación de temas dentro de los discursos recogidos. En este sentido, las entrevistas suponen la principal fuente de información a partir de una conversación pautada basada en una serie de preguntas básicas, pero con la libertad de poder reconducir el diálogo y abrirlo a nuevos temas de acuerdo con el discurso del informante; por su parte, los grupos de debate permiten observar la interacción de varios informantes sobre un mismo aspecto y abren la posibilidad a la aparición de nuevas causas como resultado de la discusión entre sus miembros2; por último, las anotaciones del profesor3 aportan información aclaratoria sobre la actuación de los informantes y sus compañeros dentro de las dinámicas del aula4. Respecto a la entrevista semiestructurada, cabe destacar que fue elegida por su mayor flexibilidad, privacidad y su suficiente uniformidad para alcanzar los objetivos propuestos. Las preguntas que la componen fueron establecidas partiendo de la literatura existente sobre el tema y de nuestro conocimiento de la realidad educativa y sociocultural de Asia Oriental. De cualquier modo, esta se iba adaptando de acuerdo con la información aportada por el entrevistado5. Veinticuatro fueron los informantes que participaron en la fase de entrevistas, cinco por cada curso que compone el grado más cuatro estudiantes de máster. El propuesto por Glaser y Strauss 1967. La selección de informantes se realizó intentando diversificar el tipo de estudiante, según la actitud mostrada por este en las clases de conversación. Los participantes fueron debidamente informados sobre el objetivo y la finalidad de las entrevistas, decidiendo participar voluntariamente en el proyecto. Sus edades oscilaban entre los 18 y los 26 años. Las entrevistas fueron realizadas, grabadas y transcritas durante el primer semestre del curso 2019-2020. Se obtuvo un total de 821 minutos de grabación. A los estudiantes con mayor nivel de español se les realizó la entrevista directamente, mientras que para aquellos con menor nivel necesitamos la ayuda de un estudiante de máster como intérprete."
t2_pos_000074;contribucion;no_contribucion;;84105715.txt;doc_84105715_sec04_chk04;652;sin_asignacion;positivo_planb_alto;explicito_propio;421;"aspectos de la Epidemiología Comunitaria, si entendemos por ésta a las estrategias por las que la comunidad asume la responsabilidad y experimenta la capacidad de ser protagonista y narrar la historia de cómo las enfermedades se cruzan con su vida Tognoni, 2011. Asimismo, la llamada Investigación-Acción-Participativa IAP se vuelve un concepto útil para pensar este estudio en tanto propone incorporar a la población involucrada en el problema desde el momento de producción de la información, y para ello se debe producir una relación horizontal entre sujetos que juntos construyen conocimiento e inventan nuevos caminos. En la estrategia que estamos analizando, esto es un horizonte clave, pero en el proceso hubo dificultades para llevarlo adelante. En primer lugar, el instrumento que se utilizó para la fase cuantitativa propuesta outsider respecto a la comunidad con la que trabajamos, y eso genera en el inicio una asimetría, que se refuerza cuando trabajamos con organismos del estado municipal o provincial a necesariamente negativo, sino una oportunidad de enriquecimiento mutuo. Si bien estas son algunas limitantes, la lectura sobre la IAP permite pensar las potencialidades de este tipo de trabajo. En primer lugar, en el momento de mapeo se encuentra el investigador externo con los referentes de la comunidad, quienes delimitan el barrio, definen las zonas a sondear, y aportan las miradas y respuestas locales al problema. En este sentido, se busca la articulación de los conocimientos específicos o locales con el conocimiento general mediante el proceso de acción, reflexión y acción transformadora Fals Borda, 1990; citado en Enríquez, 2007. Según Fals Borda, el propósito del método de la IAP es producir conocimiento que tenga relevancia para la práctica social y política. Además, según Sirvent 1994; citado en Enríquez, ciencias sociales, como es en nuestro caso, una encuesta a hogares, pero se pueden utilizar siempre y cuando se les otorgue nuevos sentidos. Nos preguntamos Qué son los nuevos sentidos? Cómo se obtienen? Esto último se relaciona con la estrategia de Fals Borda de devolución sistemática. Por esta se entiende la instancia de devolución de información a los participantes de manera tal que la investigación adquiera una función pedagógica. El dispositivo que estamos analizando tiene un momento de devolución pensado para trabajar con la comunidad los datos hallados, y abrir con ello un espacio de taller, debate y reflexión, que pudiera convocar a pensar estrategias de prevención yo abordaje Fals Borda, 1990; citado en Enríquez, 2007. Este autor plantea la necesidad de simplificar la información a la hora de devolverla, expresar los resultados en un"
t2_neg_000070;no_contribucion;no_contribucion;;82321069.txt;doc_82321069_sec01_chk01;44;INTRO;negativo_dificil;tercero_citado;471;"Didáctica, es una materia obligatoria del Profesorado y de la Licenciatura en Ciencias de la Educación. Se ubica en el segundo año de la estructura curricular de ambas carreras. El programa de la cátedra en 201628, se conformó con 4 unidades temáticas cuyos contenidos se abordaron tanto en las instancias de trabajos prácticos como en las clases teóricas. A lo largo de la materia, los estudiantes analizan las prácticas de enseñanza como procesos complejos, constituidos por sujetos sociales y objetos de conocimiento, configurados sociocultural e históricamente; acceden a los saberes conceptuales e instrumentales que la Didáctica puede aportar al mejoramiento de las prácticas de enseñanza; debaten y analizan los aspectos conceptuales y los problemas teórico-epistemológicos de la Didáctica como disciplina; y reflexionan críticamente sobre el ejercicio de la práctica docente y sus posibilidades de transformación áulica, institucional y social. La metodología de trabajo propuesta por la cátedra plantea actividades que posibilitan la realización de una evaluación permanente y formativa entre todos los actores que participamos de la cursada. Los intercambios, discusiones y producciones promovidos tanto las clases teóricas como en los trabajos prácticos, dan lugar a la explicitación de los conocimientos de los estudiantes ya sean aquéllos más ligados al sentido común como aquellos construidos LA ENSEÑANZA UNIVERSITARIA A 100 AÑOS DE LA REFORMA: LEGADOS, TRANSFORMACIONES Y COM- PROMISOS. MEMORIAS DE LAS 2o JORNADAS SOBRE LAS PRÁCTICAS DOCENTES EN LA UNIVERSIDAD PÚBLICA. a partir de las lecturas realizadas como punto de partida para la crítica y la construcción de nuevos saberes. Por ello, acompañamos a los estudiantes en el desarrollo de las actividades, con la intención de resolver dudas y realizar comentarios que tiendan a la integración conceptual y la sistematización de saberes. En ese marco de acción, al finalizar la unidad 2, es que proponemos un examen parcial que plantea la profundización de aspectos teórico-conceptuales propios de la disciplina. Sin embargo, como la Didáctica es un campo en movimiento, la resolución de la consigna del examen también puede plantear controversias ya que los saberes que allí se ponen en juego pueden considerarse saberes puramente instrumentales29. Desde la cátedra consideramos que las prácticas de enseñanza requieren ser analizadas en contexto, ya que cada uno de los componentes de la tríada didáctica sujeto de enseñanza, sujeto de aprendizaje y objeto de conocimiento tienen sustento en procesos sociales más amplios y se introducen en la lógica particular de desenvolvimiento de los procesos educativos. Es por ello que diseñamos una evaluación que contemple la posibilidad de recuperar contenidos de la materia y, al mismo tiempo, permita analizar una programación de la enseñanza situada en un contexto específico. En este sentido, el propósito fue el de favorecer la formación del estudiante como un sujeto-docente envuelto en un proceso de construcción y en una dinámica reflexiva que recupere la teoría y la práctica."
t2_neg_000034;no_contribucion;no_contribucion;;5867054.txt;doc_5867054_sec03_chk02;5619;INTRO;negativo_dificil;tercero_citado;442;Los avances en genética y genómica de los últimos años están siendo muy rápidos. Para entender y aplicar la estrategia de Ecotilling es necesario tener conocimientos previos de Genética, Genómica y técnicas de Genética Molecular PCR, electroforesis, secuenciación. El contenido que se va a presentar facilitará que el alumno utilice estos conocimientos previos para el desarrollo de una nueva estrategia de análisis de la variación. Aplicando dicha estrategia podrán descubrirse nuevas mutaciones en plantas, animales y humanos, relacionadas con características de interés en los sectores de la agronomía, medio ambiente, la producción animal o la medicina. Son impactantes los resultados obtenidos hasta la fecha: cereales, frutas o verduras resistentes a patógenos o de más calidad, o mutaciones poco frecuentes asociadas a enfermedades en animales y humanos 6. El contenido se ha estructurado utilizando un caso práctico de Ecotilling desarrollado por el grupo de Mejora Genética de Cucurbitáceas de la UPV. El objetivo de este estudio es analizar la variabilidad natural en el gen CmACO1 ACC oxidasa1 de Cucumis melo L., gen que forma parte de la ruta enzimática de producción de etileno, estando implicado, por tanto, en el proceso de maduración y la calidad del fruto. Se describen los fundamentos básicos de cada paso, planteándose una cuestión relevante al final de cada uno para validar lo aprendido. Al final se presenta un esquema resumen que permite confirmar el aprendizaje de la globalidad del proceso. El alumno se puede apoyar durante el proceso de aprendizaje en los trabajos, software y páginas web citadas durante el desarrollo del mismo. Uno de los aspectos clave para la aplicación con éxito del EcoTILLING es la selección del germoplasma a analizar. Es recomendable conocer la distribución de la variación en la especie de trabajo domesticación, centros de origen y diversificación, etc.. Una estrategia adecuada es emplear mayor parte de la variación de la especie. En cualquier caso, es conveniente realizar un análisis de la población con marcadores neutros para conocer su estructura. Ejemplo: El melón es una especie muy variable, especialmente en cuanto a caracteres de fruto. La colección empleada consiste en 212 entradas, procedentes de 54 países, preferentemente de los centros de origen y diversificación África, Asia, región mediterránea. Se encuentran tipos silvestres, naturalizados, razas locales, líneas de mejora y cultivares comerciales Figura 1. El genotipo de referencia empleado, es decir, aquel frente al cual se quieren identificar las mutaciones, es un tipo Piel de sapo PS, la clase comercial más importante a nivel internacional de los melones de tipo inodorus. morfológica de la colección de germoplasma de melón empleada en EcoTILLING. La fotografía del extremo izquierda corresponde con el tipo Piel de sapo, genotipo de
t2_pos_000004;contribucion;contribucion;;109772709.txt;doc_109772709_sec11_chk01;867;INTRO;positivo_planb_alto;explicito_propio;367;siempre gozan de buena calidad de vida, en muchos casos relegadas a trabajo de guardián fuera del hogar o también abandonas. Lo cual los deja expuestas a peligros en las calles, principalmente atropellos que suelen ser mortales y muchos casos dejándoles discapacitados. En cuanto a la atención de canes discapacitados en nuestro país es casi nula, solo existe un albergue mantiene solo con donaciones y la voluntad de su fundadora. Su cuidado se limita a alimentarlos y mantenerlos sanos, muchos de estos tienen alguna extremidad amputada o ninguna movilidad. En ese marco, el presente trabajo de investigación propone realizar un prototipo de sistema electrónico para prótesis de extremidad para canes, este dispositivo contara con sistema de control mioelectrico junto con una prótesis mecánica adecuada a la extremidad. Con esto se intenta lograr regresarle lo más posible la movilidad al can y así mejorar su calidad de vida. Calidad de vida de los perros, durante un plan de control de población canina en Surquillo se estimó que solamente sirven para labores específicas, este desinterés por el bienestar del perro aumenta si este tiene alguna discapacidad 5. De la misma forma, en Villa el Salvador es común tener perros para la seguridad de las casas, cerca del 45 de las viviendas tienen al menos un perro, muchos de ellos en total abandono de higiene siendo portadores de pulgas, garrapatas, parásitos. 6 Qué tanto beneficiaria una prótesis en la calidad de vida de un perro? Obtener señales mioelectrica caninas para el control de la prótesis mediante el uso de electrodos. Conseguir las variables de velocidad y articulación para el control de prótesis electromecánica. Diseñar un sistema de control para prótesis electromecánica para canes basándose en la composición de prótesis para humanos. 1.3 Alcance de la investigación El sistema que se presenta busca mejorar la calidad de vida de los canes discapacitados brindando una opción nueva en lo que respecta prótesis de extremidad para canes, ya que las opciones actuales para canes se limitan a prótesis mecánicas sin algún tipo de control electrónico. El presente trabajo de investigación se limitara en presentar una propuesta teórica de un prototipo de sistema animales lo cual convierte esta propuesta de proyecto como innovadora.
t2_pos_000032;contribucion;no_contribucion;;70070999.txt;doc_70070999_sec02_chk01;48;INTRO;positivo_planb_alto;explicito_propio;489;Una de los mayores males que ha tenido que sufrir la Argentina durante casi toda la segunda mitad del siglo veinte, es la falta de estímulos políticos y financieros duraderos en el mediano plazo para fomentar la innovación científicotecnológica nacional, así como la fuga de investigadores hacia países con una fuerte tradición en investigación y desarrollo. La inestabilidad institucional, la violencia, las persecuciones ideológicas, los malos salarios, y los vaivenes socio-políticos fomentaron una enorme diáspora de científicos, sobre todo a partir del golpe liderado por Juan Carlos Onganía1. En esa universidad argentina de los sesenta que el onganiato contribuyó a vaciar, intelectuales como Oscar Varsavsky Doctor en Química por formación, e intelectual revolucionario por su compromiso político habían planteado la necesidad de políticas científicas y tecnológicas articuladas con un proyecto nacional que tenga como objetivo fundamental la satisfacción de las necesidades sociales. Se proponía en ellas la necesidad de fomentar una ciencia que dé una justificación seria del rechazo del sistema social tecno-capitalista, y una descripción del sistema que lo reemplazaría. Para la corriente de pensamiento liderada por Varsavsky que veía en la emergencia del desarrollismo, con su énfasis en la modernización y en la transnacionalización de la economía, una vuelta al pasado pseudocolonial, el objetivo será el de luchar por la consecución de un desarrollo nacional y popular autónomo, ajeno a cualquier imposición de modelos externos. La verdadera disyuntiva para el hombre de ciencia se jugaba, según el autor, en la dialéctica entre reformismo y revolución. El vaciamiento, intervención y desmovilización de las universidades, y las políticas persecutorias y represivas de los regímenes militares de los sesenta y setenta, el clima de inestabilidad político-institucional de los gobiernos democráticos peronista 1973-1976 y alfonsinista 1983-1989, y la apertura neoliberal de los noventa, generaron las condiciones para que los proyectos tendientes a la gestación de una política científica nacional, popular y emancipatoria fueran reprimidos, combatidos, archivados, y condenados al olvido. Durante estas décadas, el drenaje de talentos formados y capacitados en universidades públicas argentinas hacia países con políticas científicas bien establecidas y consolidadas fue gigantesco. El presente artículo se propone hacer un recorrido crítico por la historia de las matrices sociopolíticas latinoamericanas a partir de una serie de categorías analíticas propuestas por Oscar Varsavsky. Entre estas categorías, la de estilo de desarrollo nos parece fundamental. Por su formación y desempeño como científico, el interés profesional y también político de Varsavsky estuvo centrado en el mundo de la Javier Piñeiro es Licenciado en Ciencias de la Comunicación FSOC-UBA. Maestrando en Investigación en Ciencias Sociales FSOC-UBA. Docente Universitario FSOC-UBA, CBC- UBA. Solamente el episodio conocido como La noche de los bastones largos 1966 propició el éxodo de más de 1500 científicos e intelectuales, aunque ese exilio masivo fue tan sólo el disparador de una sangría progresiva que sería el denominador de las tres décadas siguientes. Javier Piñeiro Ciencia politizada y política científica para un... 65
t2_pos_000019;contribucion;contribucion;;5173920.txt;doc_5173920_sec01_chk01;25;INTRO;positivo_planb_alto;explicito_propio;377;La reducción en el consumo de energía y emisiones de CO2 de los edificios forma ya parte de multitud de programas y acciones a corto y largo plazo. Un primer paso para conseguir viviendas cero emisiones es reducir la demanda de calefacción y refrigeración a través de la mejora en los sistemas constructivos que componen la envolvente del edificio. Esta envolvente también tiene la capacidad de garantizar la calidad ambiental interior, ya que es a través de ella donde se produce el intercambio entre el ambiente interior y el exterior, y donde la iluminación, ventilación o flujo de calor funcionan como parámetros fundamentales de diseño. En España la mitad del consumo energético de las viviendas está destinado al acondicionamiento térmico 1, donde la fachada, como parte integrante de la envolvente juega un papel determinante. Por otro lado, el 70 de las viviendas dispone de calefacción, y el 35 dispone de aire acondicionado, y sólo un 39 de las viviendas dispone de doble acristalamiento, y un 11 dispone de carpinterías con rotura de puente térmico 2. También la envolvente tiene un importante peso en los flujos de materia y energía incorporados en los materiales, ya que supone de los materiales de la edificación 3 Las diferencias en la configuración espacial y constructiva de las fachadas y los condicionantes impuestos por el proyecto, tanto para nueva construcción como para rehabilitación, hacen necesario conocer el comportamiento energético de estas fachadas atendiendo a una serie de parámetros, que permitan detectar el potencial de reducción de consumo energético y de emisiones de gases de efecto invernadero en el diseño del edificio, resulta necesario valorar el comportamiento de diferentes estrategias y detectar las posibles mejoras en una fase inicial de proyecto, integrando especialmente criterios ambientales en estas decisiones de diseño. En este estudio se presenta un análisis de la influencia de varios parámetros de diseño de fachadas en la demanda energética y emisiones de CO2 eq para el acondicionamiento térmico de viviendas en España, y su relación con la energía y emisiones incorporados en los materiales de construcción. Los resultados obtenidos se han incluido en una herramienta de asistencia al diseño que actualmente se encuentra en desarrollo y que permite vincular información sobre consumos energéticos, emisiones y costes para diferentes sistemas de fachada.
t2_neg_000023;no_contribucion;contribucion;;126940876.txt;doc_126940876_sec04_chk05;6122;RES;negativo_facil;zona_sin_senales;369;"El porcentaje de asistencia promedio a las actividades presenciales fue del 83 y el grado de participación en las actividades del aula virtual fue en general aceptable. Los resultados de las evaluaciones mostraron mejores puntajes promedio en las pruebas diferencias en los puntajes medios entre las evaluaciones grupales y las individuales fueron todas estadísticamente significativas. En los portfolios, los estudiantes comentaron y reflexionaron sobre sus experiencias durante el cursado: En las actividades planteadas:...al principio tuve mucha curiosidad y nerviosismo con los nuevos métodos.... pero rápidamente me adapté...,...nunca había trabajado en aula virtual... fue una muy buena experiencia...,...fueron complicadas, pero creo que necesarias para nuestra formación profesional;...las actividades y las tareas fueron demasiadas para el tiempo que tuvimos...;...las exigencias fueron muchas pero ahora veo que el esfuerzo valió la pena....;..... ninguno de nosotros viene preparado para un ritmo de estudio tan intenso; Sobre los trabajos grupales:...la posibilidad de compartir opiniones diferentes y respetarnos me pareció lo más valioso del trabajo grupal;.....fue una experiencia muy interesante trabajar juntos por y para un objetivo común;...considero muy provechoso la independencia que tuvimos a la hora de aprender y para buscar los conocimientos; al comienzo, en nuestro grupo, tuvimos muchos desacuerdos y peleas pero ahora somos muy buenos amigos dentro y fuera de la facultad; Sobre las evaluaciones:...tener tantos exámenes nos hizo estudiar más.....;......algunas me parece justo que las evaluaciones sean grupales, ya que muchos aprueban a costa del esfuerzo de otros; las correcciones de los trabajos deberían ser más claras y precisas acerca de nuestros errores....; Sobre sus aprendizajes...casi todos los temas que aprendí son muy útiles para la vida cotidiana y me hicieron cambiar muchas de mis conductas;...pude tomar conciencia de todo lo que podemos y debemos hacer para mejorar la salud de la población, que yo ignoraba completamente;...nos hizo sentir más humanos y más empáticos con la realidad que nos toca afrontar;...porque adquirimos conocimientos y actitudes que nos hicieron mejores personas;...ahora comprendo que la tarea más importante para el médico debe ser el Las opiniones de los estudiantes sobre la asignatura, vertidas en la encuesta administrada al finalizar el cursado se consignan en la tabla 2."
t2_pos_000020;contribucion;contribucion;;5255773.txt;doc_5255773_sec10_chk05;8218;DISC;positivo_planb_alto;explicito_propio;692;"Los procedimientos identificados se corresponden con los usados por el grupo en la solución matemática del ejercicio, y los significados conferidos se adecuan a la resolución mostrada en la Fig. 2. Nótese que los significados para algoritmo de sumar se expresan en términos de lo que el procedimiento permite hacer. Mientras que el procedimiento de resolución se indica en términos de propósito. El significado conferido a asignación de un valor numérico... se da en términos de sustitución de letras por números. camente mencionado por el grupo en su listado de conceptos, sin embargo, aparece en los significados que surgen en la identificación de procedimientos valor numérico a una incógnita que era desconocida en un principio. En tal sentido la GROS es una herramienta que da cuenta de un proceso complejo y dinámico, y que puede ser cumplimentada de varias maneras; lo cual pone de manifiesto la relatividad de los objetos y significados matemáticos. que los niños podrían tener dificultades para resolver las ecuaciones con una sola incógnita. Al parecer consideran que el procedimiento de operar en reversa o de transponer términos Filloy, Rojano y Puig, 2008 será espontáneamente desarrouna solución aritmética. Implicaciones para la formación de maestros Parece que el grupo manifiesta competencia tanto para seleccionar ejercicios tipo RAE en libros de texto para sexto curso de primaria, como para reconocer, definir, y enunciar los conceptos, procedimientos y propiedades a tener en cuenta en la enseñanza. El análisis epistémico efectuado por el grupo le permite identificar posibles conflictos de significado pertinentes y específicos, implicados en la tarea considerada. La puesta en práctica de este tipo de análisis ha permitido al grupo efectuar un reconocimiento más específico de algunos elementos propios del razonamiento algebraico elemental. Si se compara la resolución dada por los estudiantes con el análisis epistémico del ejercicio, se observa que la mera solución del ejercicio es insuficiente, tanto para reconocer los diversos objetos y significados puestos en juego, como para planificar su enseñanza para los niños. Se debe reconocer que la puesta en práctica del análisis es un reto para los futuros maestros. La identificación y discriminación de los tipos de objetos y significados resulta conflictiva, ya que supone un cierto nivel de actividad metacognitiva Castro, W.F., Godino, J.D., Rivas, M. epistémico enmarcada en la formación inicial de maestros promueve el desarrollo del conocimiento matemático para la enseñanza Ball, Thames y Phelps, 2008 en tanto que se ofrece una herramienta que promueve el reconocimiento de los diversos tipos de objetos y los significados que intervienen en la instrucción matemática. Para Carraher, Schliemann, Brizuela y Earnets 2006: temáticas de la escuela primaria. Los contenidos matemáticos deben ser transformados sutilmente para resaltar su carácter algebraico p. 88. Este tipo de actividades de reflexión y análisis podría ayudar a profundizar la comprensión de los objetos y procesos matemáticos, que a su vez contribuyen al reconocimiento y promoción del razonamiento algebraico elemental por parte de los maestros. En este sentido el presente trabajo aporta información para apoyar la revisión de los planes de formación de maestros en el área de matemáticas y de incluir el razonamiento algebraico y su didáctica en el desarrollo de los distintos bloques de contenido. Similar al trabajo de Gómez 2001 perseguimos evaluar el desarrollo del conocimiento didáctico en la formación inicial de profesores, sin embargo, avanzamos hacia la elaboración y puesta en práctica de herramientas dirigidas al desarrollo de esa forma de conocimiento. Reflexión final da cuenta de la complejidad del proceso de diseño didáctico en términos de la propuesta de Ball, Thames y Phelps 2008. Sin embargo, consideramos que la focalización en estas dos competencias y su puesta en práctica en tareas de razonamiento juego algunos elementos del razonamiento algebraico elemental sino también el reconocimiento del complejo entramado de objetos y significados inmersos en la solución de una tarea algebraica. Se ha avanzado así hacia una respuesta a la pregunta: Qué tipo de formación debe ser ofrecida a los maestros en formación para que puedan reconocer tanto el carácter algebraico de las tareas matemáticas como promover el razonamiento algebraico en los niños? Reconocimiento Trabajo realizado en el marco del proyecto de investigación, SEJ2007- 60110EDUC. MEC-FEDER."
t2_neg_000055;no_contribucion;no_contribucion;;79361424.txt;doc_79361424_sec25_chk07;1898;RES;negativo_dificil;senal_contrib_no_propia;348;1. Liderazgo. 1 a. Los líderes desarrollan la misión, visión, valores y principios éticos, actuando como modelo de referencia, en coherencia con una cultura democrática y de excelencia. 1 b. Los líderes definen, supervisan, revisan e impulsan tanto la mejora continua del sistema de gestión de la organización como de su rendimiento. Los riesgos laborales se identifican y gestionan en todos los procesos, cuidando de su eliminación y minimización. 1 c. Los líderes se implican con los grupos de interés externos 1 d. Los líderes refuerzan una cultura de excelencia entre las personas de la organización. Se fomenta la generación de nuevas ideas para impulsar la innovación y el desarrollo de la organización,apoyando a las personas para que hagan realidad sus planes, y reconociendo sus esfuerzos, oportuna y adecuadamente. Se cuida la igualdad de oportunidades y la diversidad 1 e. Los líderes se aseguran de que la organización sea flexible, gestionando el cambio de manera eficaz. Se responde con prontitud con nuevos modos de trabajar para mantener una ventaja sostenida, aprendiendo continuamente de la realidad e inspirando confianza. 2. Estrategia 2 a. La estrategia se basa en comprender las necesidades y expectativas de los grupos de interés, utilizando indicadores para anticiparse a los avances en su entorno externo. Cuidan de anticiparse al marco reglamentario y normativo, y van más allá del cumplimiento de mínimos establecidos para maximizar el valor de su aplicación. 2 b. La estrategia se basa en comprender el rendimiento de la organización y sus capacidades. Analizan de qué manera afectan las nuevas tecnologías y los modos de gestión al rendimiento de la organización y a las necesidades de los trabajadores. 2 c. La estrategia y sus políticas de apoyo se desarrollan, revisan y actualizan. Se cuida de equilibrar las necesidades de la organización y de los grupos de interés y trabajadores a la hora de planificar los objetivos actuales y futuros. 2 d. La estrategia y sus políticas de apoyo se comunican, implantan y supervisan. Se alinean los objetivos individuales y estratégicos. Se comunica debidamente dando facultades para maximizar la contribución de las personas.
t2_neg_000003;no_contribucion;no_contribucion;;107267553.txt;doc_107267553_sec01_chk01;0;INTRO;negativo_dificil;tercero_citado;462;"Mucha tela se ha cortado sobre la obra de Emily Dickinson. Mucho se ha creado y se seguirá creando al tomarla como punto de referencia: libros, reseñas, críticas, obras de arte, composiciones musicales, programas de televisión, concursos de comida, maratones de lectura, videos y la de la religión creciente, Emdigital: todos los manuscritos han sido digitalizados; existen archivos de las envolturas de chocolate que reutilizó para escribir sus poemas; podemos admirar su herbario o los originales de sus cartas. Es posible además observar su cuarto en vista de trecientos sesenta grados, la mesa donde escribía, su cama en forma de trineo; todo puede ser explorado. Se supondría que con la intimidad revelada, estaríamos más cerca de comprender todo sobre esta solitaria mujer que cambió con su poesía el camipor qué seguir hablando de Emily Dickinson? larse el misterio que guardaba la bella de Amherst en esos 1775 poemas, agrupados en manojos de hojas y guardados en el baúl de su cuarto. Todavía se sigue erigiendo alrededor de su figura un halo inalcanzable. Emily nos dice en uno de sus versos el acertijo que adivinamos rápidamente lo desdeñamos. Ella misma y su obra se constituyen en un acertijo que aún pertenece al territorio de lo inconmensurable. Este es un nuevo intento por aferrar lo inasible, entrar en el espacio vital de su existencia, mirar a los ojos a la medusa hecha de flores y petirrojos, y hacer un camino hacia la comprensión de su obra. Instantáneas A continuación se presenta una colección de instantáneas logradas a partir de la oposición de luces y sombras entre el discurso propio y el discurso de otros lectores. Estos fotogramas estarán revelados con los textos de la propia poeta. El método guía es una adaptación de la anamnesia descrita por Barthes: una mixtura de deleite y de esfuerzo en la que intentamos recuperar un recuerdo, como sucede en el haiku 1978, p. 67. Pero además de reencontrarnos con el recuerdo de Emily Dickinson se busca reconstruir una imagen de la poeta que escapa, a veces, por la predilección humana al morbo o las lecturas patriarcales que reducen el campo de visión de su obra. Este texto es una toma de posición frente al fenómeno de la escritura femenina, los mecanismos de su defensa y los disfraces que muchas veces se deben adoptar para salvar al arte, la poesía. Se recolectan aquí las cenizas para recomponer a ese sujeto disperso Barthes, 1989, p. 9. Cada fragmento será nuestro papel fotográfico en donde revelar el espectro. La toma dibuja una mirada, un puerto de avistamiento desde donde contemplarla. es ninguno y es todos. Cada uno impreso sobre el suyo ha ayudado a develar u ocultar la verdad sesgada que pedía la poeta entre susurros. Oruga en labios de ermitaña"
t2_pos_000071;contribucion;no_contribucion;;84093961.txt;doc_84093961_sec01_chk01;0;INTRO;positivo_planb_alto;explicito_propio;483;"Desde su irrupción y a lo largo de la historia, los medios masivos de comunicación transformaron la vida cotidiana del sujeto moderno, sus percepciones y sus prácticas. El esfuerzo por comprender los procesos y cambios sociales ocurridos, dio origen a una lucha epistemológica que trajo como consecuencia una fructífera producción teórica y un reconocimiento de la Comunicación como ciencia interdisciplinar 2, ya que dialoga con otras Ciencias Sociales, confrontando e intercambiando diferentes métodos, teorías y técnicas para abordar sus objetos de estudio. En Latinoamérica, los estudios de televisión en general y de telenovela en particular, se inscriben en ese marco metodológico: Este carácter interdisciplinario por excelencia de las ciencias de la comunicación puede ser observado a través, por ejemplo, de la lectura de los trabajos existentes sobre el objeto telenovela. Son investigaciones que versan sobre los más diversos temas como su historiografía, procesos de producción, estética, autoría, cuestiones de género, su universo discursivo, simbólico; puede ser abordada como entretenimiento e información, como nutriente del imaginario, como catarsis social: se pueden estudiar sus impactos sociales, las técnicas de persuasión, el uso que hace de estereotipos y preconceptos, en fin, cualquiera que sea el recorte, disciplinas como la sociología, la antropología, la psicología, la semiótica, la filosofía, etc., vienen a auxiliar la construcción del objeto 3. En este contexto, el presente artículo se propone apuntar algunos conceptos teóricos que ayuden a comprender la dialéctica entre ficción y realidad, como dos instancias constitutivas del complejo proceso de construcción de lo real social. Se considera al Merchandising Social en relación con el ámbito del cotidiano, como un camino posible para llegar a tal comprensión. La reflexión sobre el Merchandising Social aquí propuesta, versará sobre su aplicación en las telenovelas de la Red Globo. Esta elección se basa en el hecho de ser esta emisora la mayor productora de telenovelas en Brasil y por haber sistematizado y padronizado el uso de tal concepto en este tipo de ficción. Lejos de ser exhaustivo, de exponer conclusiones acabadas o una metodología sólida de abordaje, este trabajo se presenta como una primera reflexión teórica sobre el tema, como puntapié inicial para abrir caminos hacia investigaciones de mayor profundidad que permitan elucidar las relaciones entre ficción televisiva y las prácticas concretas de la sociedad de masas. Breve panorama sobre estudios antecedentes Existe una basta bibliografía sobre el estudio de las contaminaciones entre lo ficcional y lo factual tanto en el cine, como en la literatura y en la televisión, cuya citación excedería las pretensiones de este trabajo. Con relación a nuestro objeto de estudio sino además, un creciente interés de esa perspectiva de análisis por parte de la comunidad científica. De hecho, al recorrer las ponencias disponibles en internet de los Congresos INTERCOM 2000 al 2006 y ALAIC 2000-2002-2004-2006, puede identificarse un aumento de producciones sobre análisis de dialogismo entre Realidad y Ficción, que va de 1 trabajo presentado"
t2_neg_000010;no_contribucion;no_contribucion;;115326590.txt;doc_115326590_sec01_chk01;33;INTRO;negativo_dificil;objetivo_sin_novedad;296;"El virus del dengue DENV es un flavivirus envuelto que pertenece a la familia Flaviviridae. Desde el punto de vista epidemiológico y clínico, el DENV se puede clasificar por el complejo antigénico de reconocimiento en cuatro serotipos: DENV1, 2, 3 y 4 respectivamente; compartiendo una similitud entre un 65 a 70 en la secuencia aminoacídica dentro de cada grupo. 1 Departamento de Microbiología y Parasitología Clínicas, Facultad de Medicina, Universidad de los Andes, Mérida, Venezuela. 2 Departamento de Microbiología y Parasitología Clínicas, Facultad de Medicina, Universidad de los Andes, Mérida, Venezuela. 3 Departamento de Microbiología y Parasitología Clínicas, Facultad de Medicina, Universidad de los Andes, Mérida, Venezuela. 4 Universidad Laica Eloy Alfaro de Manabí, Facultad de Ciencias Médicas, carrera de Medicina, Manabí, Ecuador. 5 Facultad de Ciencias de la Salud, Universidad Técnica de Manabí, Manabí, Ecuador. 80 Facultad de Ciencias de la Salud. Universidad Técnica de Manabí. Portoviejo, Ecuador Asimismo, dentro de cada serotipo se pueden distinguir 5 genotipos clasificados mediante una serotipos circulan periódicamente en áreas endémicas e hiperendémicas y, sin distinción alguna, todos causan la enfermedad conocida como dengue3. Recientemente, algunos investigadores han propuesto la aparición de un quinto serotipo de DENV DENV5, basándose en un virus atípico que fue detectado durante el cribado de muestras virales tomadas en un paciente en Asia en el 2007, y el cual fue anunciado oficialmente en octubre de 20134. Este último, a pesar de ubicarse filogenéticamente diferente y presentar un comportamiento antigénico distinto a los cuatros serotipos antes reportados, se cree que anda circulando entre los cruzada5,6. En este sentido, el objetivo de este trabajo fue describir los elementos más importantes del virus, su distribución génica, los elementos de resistencia conferido por su estructura a nivel intracelular y el ciclo replicativo respectivo de esta familia viral."
t2_pos_000008;contribucion;contribucion;;113589969.txt;doc_113589969_sec01_chk01;0;INTRO;positivo_planb_alto;pasivo_anclado_trabajo;305;"Dese el año 1991 y con el decreto 585 de ese mismo año, se generó el interés por fortalecer la educación en materia de investigación, esto con el fin de desarrollar en los docentes fortalezas en pedagogía que aporten a los estudiantes mayores herramientas orientadas a la puesta en marcha de la investigación científica. También Colciencias en su misión de promover las políticas para construir capacidades para ciencia, tecnología e innovación señala que desde las instituciones públicas y privadas de educación superior se debe trabajar el postura tímida, sino asumirlo de manera propia; es decir, que se deben aplicar estrategias que fomenten, motiven y guíen la actividad de la investigación con un ingrediente ahora importante en la economía colombiana: la innovación. Quienes deben orientar las actividades de investigación son los profesores, que tienen la responsabilidad de llevar a estados eficaces de búsqueda del conocimiento a sus alumnos. En ese orden de ideas y de acuerdo con el análisis sobre las variables que pueden influir en los estudiantes de la Coordinación de Economía y de Gestión del Centro de Servicios Financiero CSF del SENA, para emprender una investigación y que además contenga el elemento de la innovación, se presenta en este artículo el modelo de estrategia Apoyo Pedagógico para Proyectos APP, la cual se aplicó a los aprendices del programa de Tecnólogo en Gestión Empresarial y Tecnólogo en Gestión de Negocios y que mostró resultados positivos en términos de motivación y disposición de los aprendices hacia la investigación y la innovación de sus laboratorios de simuladores empresariales. La propuesta para gestionar la motivación de los aprendices en la investigación y la innovación desde el modelo pedagógico que ha desarrollado la coordinación como una alternativa de gestión en la búsqueda de conocimiento encauzada hacia la generación de proyectos productivos que le aporten al desarrollo económico del país."
t2_pos_000070;contribucion;contribucion;;84093747.txt;doc_84093747_sec01_chk01;0;INTRO;positivo_planb_alto;explicito_propio;397;Este trabajo se propone abordar la política estatal sobre las Academias científicas y culturales durante los dos primeros gobiernos de Juan Domingo Perón 1946-1955. Para ello, nos centraremos en una serie de textos legales de diverso alcance jurídico, incluyendo Decretos, Leyes y artículos de la Constitución Nacional de 1949. Tendremos en consideración, además de los textos legales del primer y segundo mandato de Perón, los posicionamientos que en torno a la relación entre el Estado y las Academias científicas y culturales surgen tanto en el gobierno inmediatamente anterior al de Perón, el de Edelmiro Farrell, como el posterior, gobierno de facto que surge con el golpe de Estado realizado en 1955, que derroca al gobierno de Perón y proscribe cualquier referencia al movimiento o al Partido Peronista. Con este fin, incluimos en el análisis el discurso que pronuncia Farrell en Decreto-Ley 4362, que deroga las normas peronistas e instaura el régimen de Academias que, con algunas modificaciones de artículos particulares, sigue en vigencia en la actualidad. La intervención en las esferas vinculadas a las Academias culturales a través de los textos legislativos es parte de la búsqueda de un orden nuevo en la constitución de la sociedad y del modelo de ciudadano. Es parte, también, de sino también en su sentido positivo. Siguiendo a Gramsci 19321975: 105-106, la legislación aparece como la búsqueda para imponer un determinado modelo de sociedad. En este sentido, proponemos en este trabajo que la Perón y los intelectuales Cf. Fiorucci, 2004, sino también positiva, creativa, en cuanto contribuye a generar un nuevo orden de cosas, entre ellas, una imagen determinada del Estado, en general, y del Poder Ejecutivo, en nuevo modelo de funcionamiento de las Academias científicas y culturales. Por lo demás, la existencia de una serie de normas legales entre 1948 y 1952 y la insistencia del gobierno en el tema manifiesta un marcado interés en la presencia del Poder Ejecutivo en el ámbito académico-cultural. Una política dirigista o liberal implica, en este ámbito, una determinada concepción de Estado y de cultura y posiciona en cierto lugar de legitimidad o deslegitimación a las instituciones asociadas con la tradición cultural que, tal como expresa Raymond Williams, cumplen un rol determinado en la conformación de hegemonía Williams Estado en el debate parlamentario que emerge en torno a la aprobación de la Ley de Reglamentación de las Academias de 1950.
t2_pos_000009;contribucion;contribucion;;120417106.txt;doc_120417106_sec01_chk01;0;CONC;positivo_planb_alto;pasivo_anclado_trabajo;585;"Factores como el envejecimiento de la población y el aumento de la esperanza de vida, junto con la incorporación de la mujer al mundo laboral remunerado y la reducción de la natalidad, dan lugar a un aumento signilas redes informales de apoyo. Debido a la situación excepcional que se está viviendo debido a Covid-19, es habitual que se produzca una inestabilidad en cuanto a emociones y pensamientos, de miedo, enfado, frustración, etc. en los cuidadores informales de personas que se encuentran en situación de dependencia. La fluctuación de emociones producida tanto en losas cuidadoresas como en losas familiares es inevitable debido a la cantidad de información recibida en el día a día sobre la pandemia y el cambio de restricciones que se actualiza y modifica constantemente. A esto se le une, las pérdidas que se han producido en cada situación personal; fallecimientos, pérdida de trabajo, actividades y planes de futuro. La inestabilidad de emociones, pensamientos y preocupaciones, además de la sobrecarga emocional es inevitable en losas cuidadoresas, pero el mayor problema se encuentra en la forma de res- El programa que se presenta en este trabajo pretende ser una herramienta que aporte flexibilidad psicológica y cubra las necesidades de losas cuidadoresas. A lo largo del año 2020, han surgido números textos y recursos para poder ayudar a las familias durante el periodo de confinamiento. Las estrategias y fundamentos de la Terapia de Aceptación y Compromiso ACT pueden constituir una guía de apoyo y diseño de intervenciones para favorecer la flexibilidad psicológica Wilson y Luciano, 2007. ACT es un modelo de intervención que cuenta con diversas evidencias dentro del tratamiento de problemas psicológicos Molina y Quevedo, 2019; st, 2014. de los cuidadores informales de personas mayores o en situación de dependencia durante este año de pandemia por Covid-19. Presentando una herramienta para validar la importancia de su trabajo y el cuidado de las personas dependientes, y dotar de estrategias y habilidades de gestión emocional. Trabajando el empoderamiento, la aceptación y orientación en valores. Con esta herramienta que se ofrece a los cuidadores informales se pretende mejorar la calidad de vida del cuidador y por ende de la persona mayor o en situación de dependencia. Se parte de la premisa de que si el cuidador aprende a relacionarse de forma diferente con sus eventos privados entendiendo los mismos cómo pensamientos, emociones y sensaciones, los cuales actúan muchas veces cómo barreras, teniendo como base la aceptación en la dirección de valores personales, podrá llevar a cabo diferentes estrategias y habilidades que mejoraran de forma significativa el cuidado de su familiar y su estado personal. Las herramientas de comunicación y buen trato con la persona dependiente en este programa tienen un valor añadido tras partir de la aceptación y orientación a valores. Convirtiéndose el aprendizaje en una acción dentro de su escala de valores. Además, otro aspecto innovador que se quiere remarcar como aportación que se hace en este proyecto, es la importancia del papel del Psicólogo dentro de la Atención Primaria. Llevándose a cabo el cribado de losas participantes del programa a partir del médico de Atención Primaria. Considerado como principal receptor de las demandas de los cuidadores. naza para la salud, pero si podemos controlar cómo respondemos ante la misma, creando programas cómo el presentado cuyo principal objetivo es mejorar la calidad de vida de losas cuidadores informales consiguiendo una mejora de su salud biopsicosocial y satisfacción vital. Consiguiendo una mejora del cuidado y atención de las personas que se encuentran en situación de dependencia."
t2_neg_000001;no_contribucion;contribucion;;106025724.txt;doc_106025724_sec03_chk04;2312;CONC;negativo_dificil;objetivo_sin_novedad;419;"estancias en el extranjero Santos Díaz, 2015b, 2017, 2018, el programa de enseñanza Fernández y Jiménez, 2015 o la tipología lingüística Martínez-Adrián y Gallardo-del-Puerto, 2017 son objeto de análisis solo en algunos de ellos. Finalmente, desde el punto de vista metodológico, la limpieza de corpus en los distintos trabajos, esto es la validación de las respuestas y la revisión y unificación de los datos obtenidos, sigue las normas de edición del Proyecto panhispánico así como el exhaustivo trabajo de informantes estudiantes de lenguas extranjeras, existen ciertas casuísticas que requieren la toma de decisiones específicas. A este respecto los trabajos de Carcedo González 2000 y Samper Hernández 2002 constituyen referencias fundamentales. En relación con los resultados acerca de las variables analizadas en este estudio, los distintos trabajos obtienen conclusiones distintas. Por lo que respecta a la variable sexo, muy presente en estos estudios, su análisis ha revelado resultados, en ocasiones, contradictorios. De un lado, Carcedo González, 2000; Samper Hernández, 2002, mientras que, en otros, las diferencias suelen ser favorables a las chicas, aunque el análisis estadístico revela diferencias significativas en unos casos Agustín y Fernández, 2014; Fernández Fontecha, 2010; Jiménez y Ojeda, 2009b y, puesto de manifiesto en el trabajo de Jiménez y Ojeda 2009b es la existencia de una interacción significativa entre los centros de interés y el palabras actualizadas es mayor en unos centros que en otros. Con respecto al itinerario de formación, tan solo conocemos un estudio que haya abordado la disponibilidad léxica en inglés de profesorado en formación, aunque se trata del profesorado de secundaria Santos Díaz, 2015a. En su trabajo, la investigadora muestra cómo las Hostelería y Turismo, también con una fuerte carga en asignaturas de idiomas, ocupan los primeros rangos en promedio del índice corregido de descentralización léxica. De esta breve presentación de resultados, se desprende la profundizar sobre los resultados contradictorios que arrojan ciertas variables, como el sexo. Asimismo, es un hecho la escasez de trabajos desarrollados con la finalidad de evaluar el léxico disponible de futuros profesores, pues solo conocemos algunos con este tipo de muestra pero que se centran en la competencia en lengua materna Herranz Llácer, 2018. Por todo ello, el presente artículo pretende contribuir a paliar esa falta de estudios, analizando la disponibilidad léxica de maestros de inglés en Educación Primaria, con el fin de caracterizar y determinar la cantidad total de palabras y vocablos producidos en cada uno de los centros de interés analizados, así como de proporcionar respuestas a las siguientes preguntas de investigación:"
t2_pos_000025;contribucion;contribucion;;59937043.txt;doc_59937043_sec02_chk01;42;INTRO;positivo_planb_alto;entidad_propia_objeto;349;últimos años han aparecido una serie de trabajos que inciden en las aportaciones de esta disciplina a la didáctica de la lengua. En el ámbito español, esos trabajos son deudores, de alguna manera, del artículo de Moreno Fernández 1994, quien plantea algunas de las aportaciones de la Sociolingüística para la enseñanza de lenguas. Posteriormente, otros autores como incidido en la relación entre Sociolingüística y didáctica. funcionamiento de una lengua y el uso de esa lengua en su contexto social, en mejores condiciones estaremos para afrontar su enseñanza, y eso es precisamente lo que nos aportan los estudios sociolingüísticos, un mejor conocimiento del funcionamiento de la lengua. Un intento de utilizar los hallazgos de la Sociolingüística para una mejor enseñanza de la fonética lo podemos encontrar en Fasold 1984, quien afirma que si, como es habitual, los sonidos difíciles de la segunda lengua son más fáciles de pronunciar en unos contextos fonéticos que en otros, es conveniente estructurar los programas de tal forma que los sonidos nuevos que presentan una dificultad mayor sean introducidos y practicados, en primer lugar, dentro de los contextos que facilitan la articulación de ese sonido. Una vez que los estudiantes dominan la realización del sonido en esos contextos, se pasa a los contextos que lo favorecen en menor medida. Adamson 1988 piensa que estos principios se pueden aplicar a la sintaxis. En definitiva, los análisis sociolingüísticos intentan cuantificar en qué medida influyen factores lingüísticos contexto, función, etc. 1 y extralingüísticos edad, nivel de instrucción, etc. sobre los fenómenos variables, determinando cuál es la probabilidad de que esos fenómenos tengan una manifestación concreta en unas condiciones lingüísticas y sociales concretas. Lo que en Sociolingüística se denomina regla variable sería, por tanto, el estudio de la incidencia de una serie de factores sobre la posibilidad de aparición de un determinado elemento lingüístico Moreno Fernández, 1994: 137. En este artículo defenderemos la conveniencia de la incorporación en la didáctica de la lengua de los datos que la Sociolingüística variacionista nos aporta, y ofreceremos alguna propuesta para la didáctica de léxico en la enseñanza del español como lengua extranjera.
t2_pos_000048;contribucion;no_contribucion;;82289874.txt;doc_82289874_sec01_chk01;0;INTRO;positivo_planb_alto;explicito_propio;703;Investigación consistente en la reconstrucción histórica de los orígenes de la enseñanza integral de la arquitectura como carrera de grado en la Universidad Nacional de La Plata UNLP. Será clave el recorte de la coyuntura política en nuestro país, sino porque enmarca el inicio de un proceso formativo que funda sus bases en la creación y organización del Departamento de Arquitectura y Urbanismo DAU en la Facultad de Ciencias Fisicomatemáticas FCF de la citada universidad. En los albores de la década del 60, la producción de los jóvenes arquitectos egresados de La Plata, será la primera señal material de una renovación paulatina del paisaje urbano bonaerense, registrándose un salto de calidad a partir de la difusión del lenguaje estéticoconstructivo de la Arquitectura Moderna AM. En síntesis, este desafío parte del supuesto entrelazamiento entre la formación académica, el intento por verificar su impronta en la obra construida y el progresivo cruce que comienza a darse entre la enseñanza de la arquitectura y la vida política universitaria. Para ello, hemos optado por indagar sobre tres líneas principales de investigación: 1. Enseñanza de arquitectura en Argentina. El caso de la pre-Facultad de La Plata 1952-63. 2. Universidad, arquitectura y política. El Centro de Estudiantes de Arquitectura y Urbanismo CEAU. 3. Arquitectura Moderna. Praxis profesional de los primeros arquitectos platenses. OBJETIVOS El objetivo general de esta comunicación pretende difundir un avance parcial de los alcances obtenidos sobre la investigación en curso, labor ejecutada y articulada en la UI 10 IDEHABFAUUNLP, que dirige el Arq. René Longoni. Ahora bien, esta investigación presenta un interés particular, ya que se acaban de cumplir cien años de la fundación de la UNLP 2005 y hace tan solo cinco años del Cincuentenario de la creación de la carrera de Arquitectura en el marco de esta institución 2002, lo que significa el inicio de la enseñanza integral de esta disciplina en la ciudad de La Plata. Este panorama motiva la necesidad de reparar la todavía y este trabajo pretende aportar un breve capítulo a ese relato ausente. Es por esto, que la meta primordial de la investigación es transferir los resultados y discusiones al ámbito académico. Nuestro objeto de estudio obtendrá una historia de sus actividades desde su época embrionaria, desarrollando un interés que seguramente se hará extensible al campo profesional. Asimismo, la posibilidad de crear un archivo documental será útil en la elaboración de la Historia de la Arquitectura Moderna local, con la posibilidad de aplicarse como documentación potencial para la restauración de obras patrimoniales de carácter público yo privado. Acciones conjuntas entre organismos oficiales, privados y académicos podrán ser destinadas a evitar la desaparición yo deterioro permanente del patrimonio urbano y arquitectónico, posibilitando el trazado de políticas adecuadas. Por último, es la propia comunidad en su conjunto la destinataria final del estudio, en la medida en que pueda aportar elementos objetivos que profundicen la toma de conciencia sobre la propia identidad cultural. MATERIALES Y MÉTODOS En términos epistemológicos se recurre al aporte del campo histórico incorporando el uso de documentos textuales inexplorados y testimonios orales. Desde el inicio, se parte de la bibliografía existente historiografía específica y general para definir aspectos teóricosconceptuales y aproximaciones metodológicas en el desarrollo de la investigación, con el objeto de encauzar estrategias de abordaje al problema. Es así como la metodología varía según los materiales, adoptándose para el registro de los datos duros una metodología cuantitativa, basada en la recolección y registros académicos oficiales y complementarios, verificación y certificación en archivos bibliotecas u otras dependencias públicas, conformación de estadísticas y relevamiento de documentación técnica planos de obra - MOP yo Ob. Part. e histórica fotografías, dibujos, proyectos, etc., lo que permite estructurar la información de una forma ordenada. Por su parte, los datos blandos se obtienen a través de una metodología cualitativa, utilizando como recurso el aporte testimonial de estudiantes y docentes de la época, cruzándose los datos obtenidos a partir de un cuestionario diseñado para este fin. Esto permite ampliar el espectro y cualificar una idea integral del tema. En resumen, se indaga el problema desde el rigor histórico de una investigación científica que comienza a delinearse en detalle a través de la interacción dialéctica y dinámica de cada material. 96 Comunicaciones de Becarios
t2_pos_000085;contribucion;contribucion;;86669426.txt;doc_86669426_sec04_chk03;6333;CONC;positivo_planb_alto;explicito_propio;742;Esta longitud yd puede calcularse a partir de la consideración de que el ángulo de reflexión tomado con respecto a la normal al plano es igual al ángulo de incidencia de la radiación directa. Éste ángulo fue denominado, y puede determinarse a partir de la ecuación 1. La figura 8 muestra un sistema de ejes donde el eje z coincide con la normal al plano del espejo, el eje y coincide con el eje de rotación del espejo y el eje x es perpendicular a ambos formando un ángulo b con la horizontal. Considerando un vector de longitud unitaria en la dirección del rayo incidente, es posible definir sus coordenadas en función del ángulo de reflexión y del azimut del sol g. Utilizando la transformación de coordenadas correspondiente a una rotación de ejes igual a b, ecuación 8, se obtiene la altura zo respecto al eje x figura 8. zo zo cos b - xo sen b 8 yd yo H zo 9 Considerando la semejanza de los triángulos que forma la proyección de la radiación reflejada sobre el plano vertical NS funcionamiento, en cualquier día del año, para cada espejo. Como ejemplo se muestra la curva de variación diaria de yd para el prototipo estudiado para distintos días del año figura 9. 03.220 Se observa que el valor de yd llega a tomar valores mayores que la longitud de los espejos 6 m. Se concluye que para evitar debe tener la posibilidad de desplazarse en la dirección NS a fin de que durante todo el año ingrese al absorbedor toda la radiación reflejada. En el caso de sistemas con absorbedor y espejos largos puede evitarse la complicación que significa mover el absorbedor mediante un diseño en el cual el absorbedor tenga una longitud mayor que la de los espejos. También absorbedor. El programa desarrollado provee los valores de radiación a la simulación global del sistema Fresnel lineal. A partir de las rutinas que permiten calcular la inclinación de los espejos b y los ángulos de incidencia es posible estimar la radiación diaria en cualquier día del año utilizando un modelo de atenuación atmosférica. El modelo utilizado en este caso para la estimación de la irradiancia solar directa sobre una superficie normal al haz usa la ecuación empírica de Hottel, válida hasta los 2.500 m de altura. La ecuación de Hottel permite calcular la transmitancia para atmósferas claras en función del ángulo cenital incluyendo tres coeficientes cuyos valores dependen de la altitud del lugar. El valor standart calculado, que corresponde a una visibilidad de 23 km, se afecta luego por factores de corrección correspondientes a cuatro tipos de clima distintos Duffie y Beckman, 2006. El modelo de Hottel fue incorporado al código de SIMUSOL para poder estimar la radiación directa recibida en el equipo durante su movimiento de seguimiento al sol. En la Figura 10 se muestra un ejemplo del cálculo de la radiación directa durante todo el día y se superponen datos medidos de radiación directa sobre el plano de uno de los espejos. Se observa para este caso que el modelo estima valores de radiación mayores que los reales. La radiación que recibe cada espejo inclinado es GbT Gbn cos, donde Gbn es la radiación directa. De esta expresión se desprende que se puede mejorar la eficiencia de un sistema Fresnel lineal con una configuración en la cual se aumenten los valores de cos, aproximando la dirección de la normal de los espejos a la dirección de la radiación directa. Esto se puede lograr con un sistema en el cual cada conjunto de espejos esté asociado a dos absorbedores en los extremos figura 10 en lugar de uno solo en la línea central figura 4. Con esta configuración, se plantea que durante las horas anteriores al mediodía solar los espejos reflejen la radiación sobre el absorbedor ubicado al este y durante las horas posteriores al mediodía solar la reflejen hacia el absorbedor ubicado al oeste. Utilizando el soft que se presenta en este artículo se realizó el cálculo de cuánto mejora la eficiencia con el sistema de 2 absorbedores respecto al de 1 absorbedor. Se presenta en la figura 12 los resultados para dos días representativos. Para el día del 7,9. La nueva configuración implica un aumento de los costos del sistema y una modificación en el sistema de seguimiento. Pero en sistemas de gran escala una mejora en la eficiencia óptica como la obtenida resulta muy interesante.
t2_pos_000051;contribucion;no_contribucion;;82296575.txt;doc_82296575_sec02_chk04;3523;INTRO;positivo_planb_alto;explicito_propio;647;El primer trabajo práctico, denominado la formación del sistema clásico recupera casi de manera literal las primeras clases teóricas dedicadas a Grecia y Roma. Reconocer la idea del sistema clásico como una construcción de la historiografía, identificar sus elementos y al mismo tiempo verificar su pertinencia como instrumentos de análisis constituyen sus objetivos. El trabajo se desarrolla a partir de los textos clave de John Summerson El lenguaje clásico de la Arquitectura- y de Tzonis, Lefaivre Bilodeau - El clasicismo en Arquitectura. Se pide a los alumnos que reconozcan en las obras los elementos y el soporte normativo, a través del reconocimiento de la tripartición, el metro y las proporciones. Tanto en este trabajo como los siguientes, podemos reconocer actividades de comprensión2 que el alumno desarrolla durante la realización de los mismos. Consideramos que la principal es la aplicación de ciertas herramientas de análisis de obras de arquitectura a casos particulares ya que aparece en todas las instancias y es el fundamento de los trabajos. En esta actividad la explicación que se hace de los textos Luego destacamos la ejemplificación de ciertos conceptos a través de su reconocimiento en las obras estudiadas, como así también la generalización de los mismos. Finalmente la comparación y el contraste entre obras de arquitectura y los elementos que las componen constituye una relevante actividad de comprensión. Se trata de un trabajo mayormente descriptivo que introduce al alumno en la problemática central de Historia I, pero al mismo tiempo promueve el reconocimiento de los autores, la reflexión y el entrenamiento con la representación como recurso de análisis y comunicación. Como primer ejercicio presenta un alto grado de abstracción, teniendo en cuenta que, comenzando el segundo año de la carrera, es muy escasa la noción que los estudiantes tienen de los modos de representación y también de los elementos de la arquitectura. Así y todo, el trabajo práctico sirve como una aproximación a los mecanismos de abordaje del objeto arquitectónico y como entrenamiento para el reconocimiento de las obras de los períodos abordados en la materia. 2 Son la caja de herramientas que provee la cultura a través de la educación para crear la realidad Bruner, 1997 El concepto central de la taxis -la tripartición- es comprendido aquí parcialmente. La contradicción entre la existencia de un eje de simetría y al mismo tiempo tres partes diferentes en el alzado a, b, c en el Palacio de la Minería es un indicador suficiente de la falta de internalización de los conceptos La idea de modelo métrico señalada por Tzonis es aprehendida a partir de su graficación en diferentes vistas. En el segundo trabajo práctico, dedicado al reconocimiento de la sistematización del lenguaje clásico operada en el Renacimiento, se espera que los alumnos identifiquen esta idea de sistematización o normalización, asociándola a la perspectiva como instrumento de representación y de proyecto y comprendiendo la idea de sistema como elemento central de la construcción de lo clásico en la historiografía. Esta actividad implica introducir la problemática del proyecto al trabajo analítico. El problema de la perspectiva como instrumento para pensar la obra, como elemento del control de la misma, ligada a la geometría como matriz de la composición, emerge ahora más explícitamente. La extrema racionalidad compositiva de obras como las de Brunelleschi permite al mismo tiempo comprender la mecánica del proyecto renacentista y apropiarse del dibujo como instrumento analítico. Quizás más dificultoso ha sido entender el vínculo entre la materialidad y el sistema geométrico. La sistematización compositiva y estructural, evidenciada en un determinado tratamiento tectónico, fue señalada por los alumnos como aspectos independientes, en general sin ligar la relación intrínseca existente entre estas dimensiones del proyecto en la obra renacentista. Sin embargo, la cátedra entiende estos ejercicios analíticos como partes de un proceso, en el cual los alumnos progresivamente van apropiándose de las herramientas de análisis, de la abstracción que supone referirse a las ideas exhibiéndolas gráficamente.
t2_neg_000087;no_contribucion;no_contribucion;;85396792.txt;doc_85396792_sec03_chk01;183;METH;negativo_facil;zona_sin_senales;338;"El delirium es un trastorno agudo de la atención y la conciencia que se observa con relativa frecuencia en las personas mayores, es decir, aquellos de 65 años o más. La alteración generalmente se desarrolla durante un corto período de tiempo horas a algunos días y tiende a fluctuar en severidad durante el transcurso de un día, también puede ocurrir una alteración adicional en la cognición por ejemplo, déficit de memoria, desorientación, lenguaje, capacidad visoespacial o percepción, además de alteraciones en el comportamiento psicomotor, la emoción y el ciclo sueño-vigilia 9. Los pacientes suelen comenzar con desorientación temporo-espacial, aumento o disminución de la actividad psicomotriz y con trastorno del ciclo vigilia-sueño. Fases de agitación psicomotriz y desorientación suelen Delirium en el adulto mayor - Dra. Carolina Blanco Artola; Dra. Natasha Gómez Solórzano; Dr. Andrés Arce Chaves alternar con fases de somnolencia diurna. Por tanto, el delírium suele desarrollarse durante la noche y en lugares con escaso estímulo ambiental y desconocido para el paciente. Por todo ello, el delirium debe ser entendido como una enfermedad médica potencialmente tratable y, lo que es más importante, prevenible 12. Es un diagnóstico clínico y requiere el cumplimiento de cinco criterios de acuerdo con el DSM-5, el quinto criterio requiere que se encuentre una causa y esto exige una evaluación médica completa 7. Criterios diagnósticos del DSM-5 A. Una alteración de la atención p.ej., capacidad reducida para dirigir, centrar, mantener o desviar la atención y la conciencia orientación reducida al entorno. B. La alteración aparece en poco tiempo habitualmente unas horas o pocos días, constituye un cambio respecto a la atención y conciencia iniciales y su gravedad tiende a fluctuar a lo largo del día. C. Una alteración cognitiva adicional p.ej., déficit de memoria, de orientación, de lenguaje, de la capacidad visoespacial o de la percepción. D. Las alteraciones de los Criterios A y alteración neurocognitiva preexistente, establecida o en curso, ni suceden en el contexto de un nivel de estimulación extremadamente reducido, como sería el coma."
t2_pos_000036;contribucion;no_contribucion;;70679534.txt;doc_70679534_sec02_chk01;137;INTRO;positivo_planb_alto;explicito_propio;665;"El presente trabajo propone analizar los principales cambios que se producen en el contexto de globalización en los ámbitos político, económico y territorial, teniendo en cuenta las escalas supranacional, estatal y local. Se preve hacer hincapié en el concepto de desarrollo local como alternativa de crecimiento, en el marco de la nueva gestión pública, y teniendo en cuenta la revalorización del territorio que deja de ser considerado un mero soporte donde compiten las empresas para constituirse un factor decisivo para el desarrollo. En la segunda parte, se considera al Corredor Bioceánico Norpatagónico como ejemplo de las denominadas regiones funcionales, y se plantea un análisis del perfil productivo de las unidades territoriales que lo conforman, es decir, de la región de Los Lagos Chile y la provincia de Río Negro Argentina. Se plantean las siguientes hipótesis: - las profundas transformaciones originadas a partir del avance de la globalización, generan importantes cambios en los ámbitos político, económico y territorial a diferentes escalas; - la creciente importancia de las ventajas competitivas generan una revalorización del territorio lo local que deja de ser considerado un soporte para convertirse en un factor clave para el desarrollo; - el Corredor Bioceánico Norpatagónico representa una oportunidad de crecimiento económico en la región que permite, a partir de la articulación y coordinación de políticas, potenciar una inserción competitiva del área de estudio en la economía mundial. Los objetivos que se establecen son los de analizar los principales cambios que el proceso de globalización impone en los ámbitos antes mencionados; definir el grado de especialización de la región de Los Lagos y la provincia de Río Negro; y determinar la evolución de los perfiles productivos de ambas unidades territoriales. Metodológicamente, para la primera parte se preve una revisión bibliográfica de publicaciones y artículos referentes a la temática, y para el análisis del perfil productivo del área de estudio, se consideran datos estadísticos para aplicar las fórmulas de cociente de localización y cociente de variación, que permiten El Corredor Bioceánico Norpatagónico, una alternativa de desarrollo local en el marco... conocer el grado de especialización de cada unidad territorial, y la evolución de los diversos sectores productivos en los últimos años. El nuevo contexto mundial El proceso de globalización puede ser definido como...una interacción entre, al menos, fuerzas globales y condiciones locales que produce resultados específicos Del Cerro Santamaría, G. 2004.. Se manifiesta en la aparición de un espacio global de interdependencias, flujos y movilidades, que cubre el planeta entero y se superpone al viejo territorio estructurado como un mosaico de continentes, países y regiones Bervejillo, 1995, y a partir de su carácter totalizador, afecta todas las dimensiones de la sociedad: tecnológica a partir de la revolución científicotecnológica, económica con la liberalización de la economía, cultural asociada a la posmodernidad, política creación de bloques entre países, ideológica con el fin de la bipolaridad y el surgimiento de la multipolaridad y físico-ambiental visión ecosistémica a escala global altamente interdependiente. Teniendo en cuenta las esferas política, económica y territorial, las transformaciones se pueden sintetizar en el siguiente cuadro que será explicado en los apartados del ensayo Figura 1: Ámbito Escala Económico Político Territorial Supranacional Liberalización de la economía Integración en bloques económicos Nueva geografía de nodos y redes Nacional Espacio nacional de la economía internacional Cambio de rol del Estado de benefactor a regulador Desequilibrios territoriales áreas luminosas y opacas Subnacional Desarrollo económico local como alternativa Governance como nueva forma de gestión Revalorización del territorio escalas.Fuente: Elaboración propia. Liberalización económica, ajuste neoliberal y desarrollo local El proceso de liberalización económica evidenciado a partir del gran avance del capitalismo en los últimos años, genera un nuevo sistema económico mundial que es dinámico, exclusivista y de fronteras cambiantes. Se suele utilizar la idea de archipiélago que permite determinar áreas emergentes, es decir aquéllos territorios en los que se acumulan flujos económicos y modernidades; y áreas sumergidas, económica global y quedan excluidas. De esta manera, parece adecuado afirmar la idea de Santos 1988 que sostiene que la globalización...supone un proceso"
t2_neg_000008;no_contribucion;no_contribucion;;109866932.txt;doc_109866932_sec01_chk01;0;METH;negativo_dificil;tercero_citado;381;Para la realización del reconocedor de errores sintácticos, el proyecto toma la ayuda de diferentes tecnologías. JavaCC Es un generador de analizador sintáctico para el lenguaje de programación Java, generando un parser para una gramática presentada en notación BNF, tomando como salida un código escrito en Java Norvell, 2011. Admite el uso de estados léxicos y la capacidad de agregar acciones léxicas incluyendo un bloque de código Java tras el identificador de un token. Se trata de una herramienta que facilita la construcción de analizadores léxicos y sintácticos por el método de las funciones recursivas Gálvez Mora, 2005. De esta manera, los analizadores generados utilizan la técnica descendente a la hora de obtener el árbol sintáctico. Entre los generadores de analizadores sintácticos descendentes, JavaCC es uno de los que poseen mejor gestión de errores. Los analizadores generados por JavaCC son capaces de localizar exactamente la ubicación de los errores, proporcionando información diagnóstica completa. HTML HyperText Markup Language, Es un lenguaje de marcado de hipertexto, para la elaboración de páginas web. CSS Cascading Style Sheets, es un lenguaje de diseño gráfico para definir y crear la presentación de un documento estructurado escrito en un lenguaje de marcado. PHP PHP es el acrónimo de Hipertext Preprocesor. Es un lenguaje interpretado para programar scripts del lado del servidor. Php permite la creación de páginas web dinámicas que se incrustan dentro del código HTML Como se cita en Sierra Espinoza, 2018. Así mismo permite trabajar con bases de datos. XAMPP Cuando se trabaja en php, el primer requisito es contar con un servidor, para ello, el proyecto usará xampp. siendo un servidor independiente de plataforma, un paquete de software libre, que consiste principalmente en el sistema de gestión de bases de datos MySQL, el servidor web Apache y los intérpretes para lenguajes de script: PHP y Perl. Visual Studio Code Es un editor de código fuente desarrollado por Microsoft, en el cual se llevará a cabo todo el trabajo. En dicho editor, se escribirá los tokens necesarios, junto con la sintaxis a la cual pertenece el lenguaje php, siendo un editor de código fuertemente centrado en el desarrollo de sitios web, soportando una gran cantidad de lenguajes de programación, como lo son, C, Visual Basic, PHP, Phyton, Java, HTML, CSS, JavaScript entre otros Medina, 2015.
t2_neg_000024;no_contribucion;no_contribucion;;141526417.txt;doc_141526417_sec02_chk04;4765;sin_asignacion;negativo_dificil;objetivo_sin_novedad;484;"En Uruguay, por otra parte, se encontraron dos experiencias pedagógicas que utilizaron prácticas sincrónicas con un modelo de aprendizaje basado en proyectos por medio de los cuales se sometía un grupo de estudiantes a la herramientas tecnológicas como ordenadores, celulares o tablets. En esta experiencia hicieron un seguimiento sobre las competencias que debían desarrollar los estudiantes, según el currículo de educación básica de España dado en el decreto 236 de 2015. En la propuesta había dos roles docentes, uno llamado docente remoto, el cual diseñaba y ejecutaba la práctica de forma remota, mediante vínculos web y exposiciones que guiaban el trabajo de los estudiantes, y el otro llamado docente de aula, quien debía conocer de antemano la actividad a desarrollar, se familiarizaba con los entornos virtuales, desde las plataformas de comunicación usadas por los alumnos y docentes, y conocía las aplicaciones para la ejecución de la propuesta. Los grupos se dividieron de acuerdo con su nivel académico y a cada uno se le asignó una problemática propia de la escuela donde aprendían; algunos problemas correspondían a la contaminación auditiva, la ausencia de rampas de acceso y de reciclaje apuntando a la idea de basura cero. Los resultados mostraron que el pensamiento computacional se usaba como guía para pensar en cómo atender el problema y daba cuenta de acciones como la de definir del problema, elaborar estrategias, abstraer, definir un conjunto ordenado de pasos, formular estrategias de solución claras, comunicables y legibles para terceros, así como el ejecutar y evaluar. Con los instrumentos de evaluación usados definieron la importancia de la docencia apoyada con entornos virtuales de aprendizaje EVA, y mostraron cómo con ello se lograron desarrollar habilidades multimedia, así como mecanismos de colaboración, autoevaluación, comunicación y progreso del conocimiento Basogain Olmedo, 2020. Este proyecto centró sus esfuerzos en sino además las competencias transversales requeridas para las necesidades sociales, culturales, ambientales y laborales de la actualidad. Existen diferentes iniciativas y estrategias para promover el uso y conocimiento de las TIC en beneficio del desarrollo de la sociedad. Aquí se ha presentado algunas que involucran el desarrollo de pensamiento procesos de formación ni cómo se puede incorporar de manera transversal en el currículo escolar, para formar ciudadanos capaces de crear y expresarse a través de la tecnología Sánchez-Vera, 2019. Es por tal razón que este proyecto tiene como propósito formular un conjunto finito de competencias, que den cuenta del nivel de aproximación que deben alcanzar los estudiantes de educación básica y media en las tecnologías de la información y la comunicación TIC, de modo que con ellas sea posible definir rutas vocacionales que contribuyan al desarrollo tanto personal de los estudiantes como de estos en los diversos sectores productivos de Colombia. Para lograr este propósito se hizo necesario identificar los factores que facilitan la aproximación de los individuos a las TIC en la sociedad y sobre lo cual se presentarán algunos resultados en este documento."
t2_pos_000011;contribucion;contribucion;;122399425.txt;doc_122399425_sec07_chk05;8873;CONC;positivo_planb_alto;explicito_propio;302;En definitiva, dadas las características del comercio internacional, el modelo desarrollado es factible, adecuándose perfectamente a la representación visual de las trayectorias comerciales por Capítulo y Fracción Arancelaria como a la obtención de pronósticos y sus límites respecto al valor de cada vértice. La hipótesis planteada se acepta, quedado demostrado, además, que mediante ecuaciones hiperbólicas de cada momento comercial mesaño, es posible conocer la eficiencia mediante el cálculo de la excentricidad, medida que este estudio propone como un estadístico idóneo y alternativo, ya que con un solo valor se puede medir el desempeño comercial, complementando los estadísticos convencionales de centralización, desviación o residuos. En otras palabras, el desempeño comercial para un período determinado se logra con una menor excentricidad lo que indica que la tendencia es que la exportación pueda cobrar mayores cantidades monetarias con menores incrementos en la cantidad de las mercancías enviadas, por el contrario, una mayor excentricidad implicaría que para recibir incipientes mejoras en la contraprestación monetaria por la exportación se tendría que enviar mucha mayor cantidad de mercancía. Es importante mencionar que existen algunos otros hallazgos importantes con el tema de las cónicas, particularmente con las hipérbolas, tal es el caso del estudio que encontró la posibilidad de obtener una hipérbola a partir de una sola ecuación cuadrática binaria de tipo pell negativa Gopalan, Geetha, Sumithra, 2015. De contar con un modelo de medición de este tipo, autoridades y dependencias como el Servicio de Administración Tributaria, Secretaría de Economía, Banco Nacional de Comercio Exterior, entre otros, conociendo los datos en tiempo real, podrían establecer trayectorias con diversas aplicaciones, las cuales servirían como un novedoso método de precios de transferencia, o bien, como contribución a una mayor eficiencia de autoridades aduaneras o comerciales, las cuales podrían detectar un patrón fuera de la trayectoria esperada para un determinado mes incluso
t2_pos_000080;contribucion;contribucion;;84225853.txt;doc_84225853_sec06_chk07;9434;CONC;positivo_planb_alto;entidad_propia_objeto;267;En este trabajo se presentó un método para la segmentación de estructuras contenidas en imágenes digitales 3D, el cual se basa en la combinación de un algoritmo de crecimiento de regiones y modelos deformables. El enfoque presenta ventajas comparado con estrategias de segmentación previas similares. Una de las más importantes es que el algoritmo siempre permite generar mallas de superficie cerradas y orientadas, que encierran la región segmentada. La segmentación inicial con RG provee una detección inicial conveniente de las estructuras de interés con una intervención limitada por parte del usuario requerida para la selección de puntos semilla. El algoritmo de crecimiento incorpora información sobre el entorno local de los voxels, la cual sustancialmente reduce el efecto del ruido y evita desbordes hacia otras regiones. Al utilizar las segmentaciones obtenidas con RG como inicialización de modelos deformables, es posible recuperar en pocas iteraciones representaciones de superficie suaves aún de objetos de geometrías complejas. El enfoque ofrece una alternativa interesante frente a otras propuestas basadas en marching cubes para generar mallas iniciales para modelos de snakes, los cuales están limitados por las falencias típicas de esos métodos. Al lograr aproximaciones cercanas al resultado final, en este caso la deformación de la snake se restringe en general a perturbaciones menores de refinamiento, reduciendo sustancialmente la complejidad computacional. El modelo fue aplicado a la segmentación de estructuras complejas, a partir de fantomas simulados y en imágenes reales. La evaluación cuantitativa del método ha mostrado una muy buena performance superando el 90. Las representaciones finales que resultan de la aplicación de modelos deformables producen mallas de alta calidad y gran detalle.
t2_pos_000001;contribucion;contribucion;;107376361.txt;doc_107376361_sec01_chk02;1194;CONTR;positivo_planb_alto;explicito_propio;272;Metodología de diagnóstico de perturbaciones en la calidad de potencia usando la Transformada S Por otro lado, la Transformada S es la extensión de las ideas de la Transformada Wavelet 10, 11 y la generalización de la Transformada de Fourier de Tiempo Corto STFT, y sus propiedades superiores se deben al hecho de que las sinusoides son ajustadas con respecto al eje del tiempo, mientras que la ventana gaussiana se dilata y se traslada, resultando una fase absoluta del espectro en el sentido de que siempre tiene su referencia con respecto al origen del eje del tiempo. En trabajos tales como 12-16 ha sido utilizada la Transformada S, en el contexto de caracterización de distorsiones en sistemas eléctricos de potencia. Así mismo, existen desarrollos tales como en 17, donde la Transformada S es obtenida a partir de la WT Modificada, sin embargo, esto presenta desventajas en cuanto a que se requiere de un mayor esfuerzo computacional frente a la metodología propuesta en este artículo, cuyo desarrollo es a partir de la STFT. Este trabajo propone el uso de la Transformada S como una herramienta para el diagnóstico de perturbaciones de energía ante diferentes condiciones transitorias comunes, que se presentan en los sistemas eléctricos de potencia. Para ello, este trabajo de investigación se encuentra conformado por una sección donde expresa matemáticamente la Transformada S, tanto continua como discreta. Posteriormente, se mostrarán resultados y discusión ante algunos escenarios relevantes en sistemas eléctricos de potencia, donde será validada la metodología mediante el análisis de patrones presentes en diferentes planos de tiempo-frecuencia normalizada y, finalmente, las principales contribuciones se encontrarán resumidas en las conclusiones.
t2_neg_000046;no_contribucion;no_contribucion;;74559927.txt;doc_74559927_sec01_chk01;0;METH;negativo_facil;zona_sin_senales;443;"2.2.1 TIPO DE ESTUDIO: Es de tipo Explicativo. Hernandez et al. 2010 emparejaron, se hizo uso de un diseño cuasi experimental. Hernandez et al. 2010. Estos grupos se formaron, antes del experimento, por afinidad y se sorteó cuál de los grupos seria el experimental y cuál el de control. Para evitar los sesgos en la calificación del rendimiento académico se utilizó una evaluación a ciego. Aiken 2003. 2.2.3 VARIABLES Las variables que se considerarán en el estudio son: a Variable independiente: Modelo didáctico: Se formaron los siguientes grupos: Grupo control: En este grupo se aplicó el modelo didáctico tradicional; es decir en el laboratorio de cómputo se trabajó las distribuciones de probabilidad de una variable aleatoria continua usando Excel. Grupo experimental: En este grupo se aplicó el modelo didáctico ABP y material educativo computarizado Derive y Winplot; es decir en el laboratorio de cómputo se trabajó las distribuciones de probabilidad de una variable aleatoria continua aplicando el ABP usando Derive y Winplot. b Variable dependiente: Aprendizaje de Cálculo de Probabilidades I Medido por el rendimiento académico de los estudiantes de Ingeniería Estadística en los contenidos de la Unidad II: Modelos de probabilidad continuos multidimensionales, a escala vigesimal. 2.2.4 INSTRUMENTO DE RECOLECCIÓN DE DATOS Se aplicó un único instrumento de tipo test que consta de 10 items entre preguntas y sub preguntas, cuyo contenido fue evaluado por 3 docentes estadísticos de amplia experiencia en la UNT, el cual sirvió para aplicar a los estudiantes de los dos grupos, en el centro de cómputo, antes de empezar la II Unidad pre test y al término de la II Unidad post test. Este test, de tipo aplicativo, presenta 10 items relacionadas al contenido correspondiente a la II Unidad del silabo del curso de Cálculo de Probabilidades I, y para la calificación del rendimiento académico se pidió a un docente estadístico evaluar y calificar a los dos grupos, por separados, sin que éste conozca la naturaleza de cada grupo, es decir se utilizó una evaluación a ciego. Para la confiabilidad del instrumento fue utilizado el coeficiente Alpha de Crombach, con el que se verificó la fiabilidad interna considerando todos los ítems del test, lo que se puede ver en el Cuadro N1. Considerando todas las preguntas, el test presenta una consistencia interna del 0,857, lo que indica alta fiabilidad de la consistencia interna. en el curso de Cálculo de Probabilidades I 2.2.5 Análisis Estadístico de datos Se hizo uso de la Prueba de Hipótesis unilateral de la media de las diferencias, la Prueba de Hipótesis unilateral de comparación de medias, la Prueba de Hipótesis de homogeneidad de varianzas."
t2_neg_000059;no_contribucion;no_contribucion;;79653386.txt;doc_79653386_sec10_chk10;7196;sin_asignacion;negativo_dificil;objetivo_sin_novedad;432;"una determinada situación problémica, a los efectos de su solución desde una se comprenda bien la situación que se aborda, todo el trabajo que se realice en aras de resolverla puede resultar inútil. La comprensión implica un análisis de la situación problémica, es decir, su fragmentación en partes, para examinar detalladamente cada una, con el propósito de identificar los objetos reales, matemáticos o computacionales que las conforman, sus características y sus funciones, así como determinar las más importantes o esenciales a los efectos del objetivo que se persigue. Todo esto conducirá a una primera comprensión de la situación problémica, la que deberá irse perfeccionando a lo largo de todo el proceso de algoritmización. Ahora bien, la comprensión de una situación problémica depende de los conocimientos que posee el estudiante computacionales, matemáticos y sobre el mundo que le rodea, pues tendrá que ir creando, imaginando objetos y relaciones, en correspondencia con los objetos y relaciones externas que presenta la citada situación. De aquí que los conocimientos y experiencias sobre el mundo sean sumamente importantes para lograr una adecuada comprensión de la situación, la presencia de conocimientos lingüísticos, por ejemplo, es obviamente necesaria, ya que el estudiante debe comprender el lenguaje y las experiencias por medio de las cuales recibe el planteamiento de la situación. Si todos estos conocimientos resultan suficientes para procesar la información que brinda la situación, es muy probable que se pueda lograr una adecuada comprensión de la misma, la que facilitará su posterior solución. Aun así, complementa con una interpretación matemática del problema, como expresión del proceso de reconstrucción matemática que realiza el estudiante, a partir de establecer asociaciones y relaciones entre los objetos que intervienen en la situación problémica, con lo que se atribuye un significado a dicho proceso en función de la situación o problemática real que se pretende resolver, desde un conocimiento matemático, adquiriendo con ello un sentido diferente y cualitativamente superior. Aquí resulta de vital importancia este proceso encaminado a establecer asociaciones y relaciones, el que se da una vez que se comprende la situación y conduce a la realización de abstracciones sustentadas en objetos y relaciones matemáticas. Así, para establecer estas relaciones deberán conectarse los resultados de la exploración y vincular las diversas partes de la información obtenida, es decir; conectar los datos similares y localizar las diferencias y semejanzas, para que, una vez hecha la comparación, se puedan establecer los vínculos entre los componentes de la información y expresarlos matemáticamente. Si se tiene en cuenta que el conocimiento matemático es un conjunto de esquemas mentales en los que el individuo ha organizado los conceptos,"
t2_pos_000002;contribucion;contribucion;;107376694.txt;doc_107376694_sec01_chk01;0;INTRO;positivo_planb_alto;explicito_propio;547;"El ser humano es un sistema, las empresas y las organizaciones son sistemas, el mundo en el que vivimos es un complejo gigante que trabaja y funciona como un sistema; y en esta complejidad, el diseño se manifiesta en una multiplicidad de formas, distintos elementos pueden combinarse en formas funcionalmente relacionadas, o en estructuras coherentes de elementos compatibles capaces de hacer del sistema una organización flexible. Benévolo 1982, señala al diseño como la forma de conocer y modificar el conjunto de objetos materiales que hacen más sencilla o complicada nuestra vida cotidiana, nos ayudan o nos estorban en lo que realizamos. Bunge 2003, describe: Diseño es el bosquejo deliberado e inteligente de una cosa o proceso artificial... es el núcleo de la tecnología y un concepto praxiológico clave. Típicamente, la tarea del diseñador es plantearse o resolver un problema inverso: dado un desempeño deseado, imaginar lo que pudiera lograrlo. La implicación del diseño en la estructura de sistemas permite alcanzar su buen funcionamiento. El hombre como diseñador puede crear artefactos físicos que satisfagan propósitos definidos particulares. Diseñar para satisfacer esas necesidades requiere la coordinación de numerosos: medios, signos, espacios, vehículos y sonidos; de manera que permita a los usuarios resolver fácilmente cualquier complejidad Heskett, 2008. Estudiar del concepto en sus detalles, sino de ideas y principios muy generales. La complejidad de los sistemas se deriva del funcionamiento entre sus partes, y sus relaciones con otros sisdefinir dadas sus características objetivas y subjetivas. El enfoque de sistemas nos ayuda a abordar problemas complejos y proponer soluciones viables. El sistema de la moda funciona como un sistema complejo, un problema genera otro problema, las influencias a las que están expuestas con el paso del tiempo modifican su percepción. Su complejidad se deriva de una débil integración de los procesos productivos en bienes de alto valor agregado, baja capacidad para desarrollar productos diferenciados con moda y calidad, deficiencia en el uso de las nuevas tecnologías, debilidad para evolucionar de la maquila de productos básicos a productos competitivos, resistencia al cambio, bajo nivel educativo y cultural del personal Saviolo, 2007. Las aportaciones científicas sobre la gestión de la moda fundizar en el tema. En este trabajo tomando el enfoque de sistemas se propone el Método Exitus para gestionar con éxito el sistema de la moda, el cual está orientado a resolver problemas complejos que surgen en el proceso de diseño de prendas de vestir. Derivado de la fusión de dos modelos: Metodología de Sistemas Suaves MSS y el Modelo de Gestión del Diseño MGD. 2. Teoría 2.1. Sistemas y enfoque de sistemas Ferrater-Mora 1979 define sistema como el conjunto de elementos relacionados entre sí funcionalmente, de modo que cada elemento del sistema es función de algún otro nos ejemplos de sistemas son: un átomo es un sistema físico compuesto por protones, neutrones y electrones; una célula es un sistema biológico compuesto de subsistemas; una empresa comercial es un sistema social compuesto de administradores, empleados y artefactos; los enteros forman un sistema reunido por la suma y la multiplicación; y un lenguaje es un sistema de signos que se mantienen unidos por la concatenación y el significado Bunge, 2007. De acuerdo a Daellenbach y McNickle 2005, un sistema Método Exitus para gestionar el diseño en el sistema de la moda"
t2_neg_000025;no_contribucion;contribucion;;141526598.txt;doc_141526598_sec03_chk03;7174;RES;negativo_facil;zona_sin_senales;293;"El estudio determina que la relación entre el calzado y la violencia de género y violencia intrafamiliar está fuertemente ligada en términos de estética e historia, las alteraciones de la imagen de una persona pueden determinar la vida que lleva, se relaciona el concepto hogar en el calzado y violencia, como acercamiento de ser el lugar de inseguridad para muchas mujeres. Se encuentra una relación cultural entre la violencia y el calzado en cuanto las dos muestran un factor de tradiciones y comodidad por parte de la sociedad. Un gran porcentaje de las mujeres colombianas se han sentido agredidas en alguna etapa de su vida, donde los registros de violencia psicológica muestra ser la más usada Pataquiva, 2009-2014, pero es la menos denunciada, se puede ver que el emocionales en los colombianos. Las niñas y mujeres son las más violentadas; se observa que los lugares donde más se encuentran víctimas son las zonas rurales, por falta de información y acceso a centros de ayuda. Por otro lado, se observa que la violencia termina siendo un gran problema para la sociedad colombiana y se concluye a través de la investigación que es un problema de salud pública Heredia, 2009-20014. Al observar los bancos de imágenes, se encuentran resultados históricos sobre zapatos en la Segunda Guerra Mundial, como muestra de lo que se vivió en esta época; algunos artistas han enfrentado esta situación sociopolítica con este objeto. El calzado como metáfora de la violencia posee una interesante conexión, ya que en nuestro país podemos relacionarlo con diferentes tipos de comunidades, tradiciones e historias; es por lo mismo que la modificación de este objeto para representar la violencia puede causar un gran impacto en las personas, pues es un objeto de la vida cotidiana."
t2_neg_000085;no_contribucion;contribucion;;84124362.txt;doc_84124362_sec04_chk05;5206;CONC;negativo_dificil;tercero_citado;354;Las expectativas que se asignan a la educación según Vázquez Olivera quedan de manifiesto en la orientación y contenido de la política educativa, entendida como el conjunto de decisiones lineamientos declarativos y prescriptivos tomadas por el Estado, para orientar la práctica educativa en contextos específicos. El cambio normativo introducido por el Ministerio de Educación en la República Argentina para el desarrollo de la opción pedagógico-didáctica a distancia en las instituciones educativas de nivel superior más allá de suponer desafíos también provee una oportunidad a las instituciones para reformular muchas de sus prácticas. Repensar el sentido de la capacitación docente e institucionalizar algunos de los aspectos de las mismas pueden abrir en las universidades explorados por las interacciones que normalmente se dan en la triangulación estudiante docente institución. A raíz del proceso llevado adelante desde la conceptualización hasta la implementación de la capacitación docente que se relata en el presente trabajo, se ha podido resignificar a nivel institucional dos conceptos fundamentales: El de sujeto que aprende, eje sobre el cual se construyeron muchos de los aspectos abordados por esta experiencia de capacitación. Ellos suelen enfrentar muchas barreras que dificultan los procesos de aprendizaje en línea. Con esta capacitación se pretendió hacer que los docentes participantes vivencien una situación de ser sujeto capacitado para brindarles a futuro la posibilidad de detectar en forma temprana distintas problemáticas como primer paso para poder resolverlas. El de institución que aprende, al abordar esta capacitación como un proceso sostenido desde la acción del equipo tutorial como así también por la labor de la supervisión académica realizada por las unidades de estudio. La implementación de la capacitación docente en el formato presentado ha implicado un esfuerzo adicional de coordinación en las distintas actividades llevadas adelante por todos los actores intervinientes, y también ha producido algunas demoras sobre los plazos de implementación previstos originalmente. En función de las interacciones, la dinámica y la sinergia que se ha producido entre los distintos actores en la actualidad se está incentivando la conformación de una comunidad de práctica propia dentro de la universidad que pueda a futuro ser soporte del desarrollo en la modalidad.
t2_pos_000072;contribucion;no_contribucion;;84098953.txt;doc_84098953_sec01_chk01;0;INTRO;positivo_planb_alto;entidad_propia_objeto;545;La magnitud del crecimiento que ha tenido el mundo digital en los últimos años, produjo que muchas organizaciones hayan migrado hacia una nueva forma de concebir el trabajo. El crecimiento se debió principalmente a la expansión de las redes de datos de alta velocidad que permitieron la interconexión de lugares distantes y que conjuntamente con el apoyo de dispositivos informáticos, lograron que muchas tareas que se realizaban de manera tradicional evolucionaran hacia procesos digitalizados, abriendo nuevas propuestas y perspectivas en el ámbito laboral. Surge así el concepto de transacciones electrónicas, las cuales se basan en la transferencia de información digital con propósitos específicos, produciendo ahorros de dinero, mejor respuesta a las necesidades en tiempo y forma y por ende, más eficientes. robo de información, suplantación de identidad, modificación de la información o repudio de la misma. Nuevas amenazas de seguridad evolucionan continuamente, por lo tanto las políticas de seguridad, también lo deberán hacer. Es por ello, que para adecuarse a la era digital de manera segura, se requiere acompañar este proceso con una constante búsqueda de herramientas tecnológicas que brinden seguridad, confianza y respaldo a las transacciones. Bajo este panorama mundial, diferentes organismos internacionales y nacionales, tales como, ITUT1, IETF2, ISOIEC3, ETSI4, ONTI5 han desarrollado estándares para la aplicación de métodos y procesos que garanticen mayor seguridad en las operaciones digitales. objeto de estudio de este trabajo, resulta de interés analizar algunas situaciones de inseguridad que pueden presentarse, para las cuales esta propuesta de trabajo presenta alternativas para mitigar el riesgo. En este marco, pueden mencionarse todas aquellas situaciones en las cuales dos personas que se comunican por medios digitales necesitan intercambiar documentos que sellen un acuerdo entre partes. En los procesos tradicionales donde se tiene soporte en papel, el contenido de dicho acuerdo sólo es conocido por las personas involucradas, manteniendo la parte, el acto de firma del acuerdo se realiza generalmente con la presencia de las partes intervinientes y en el momento de firmar el acuerdo, se verifica la integridad del documento realizando enmiendas y volviendo a firmar en caso de que existan errores. La firma hológrafa garantiza entonces la autoría e integridad del documento, lo que sumado a la normativa explicitada en el Código Civil, otorga también el Cuando el escenario cambia al soporte digital, se tiene un documento electrónico mismo lugar, la distancia que los separa puede ser cualquiera así como también el momento en que se firma por cada uno es diferido. Como elemento adicional, dicho documento debe transmitirse a través de la red desde un actor a otro. Toda esta situación genera las siguientes necesidades: Se requiere contar con un mecanismo que cumpla la función de la firma hológrafa, garantizando las propiedades de autoría e integridad. En caso contrario, podrían darse situaciones de suplantación de identidad yo alteración del contenido del documento. En algunos casos, también se podría requerir contar con un mecanismo que asegure fecha y hora de la firma de manera fehaciente, especialmente en aquellas operaciones que implican realizar una presentación en una fecha y hora determinada para tener validez. Las situaciones descriptas anteriormente son las que dieron origen a nuevas tecnologías y herramientas que permiten resolver los requerimientos planteados. Así surge una herramienta tecnológica que ha tenido gran impulso y que brinda los denominada Firma Digital6.
t2_neg_000067;no_contribucion;no_contribucion;;82318930.txt;doc_82318930_sec01_chk01;0;BACK;negativo_dificil;senal_contrib_no_propia;420;"Para dar una rápida lectura de nuestro contexto teórico ponemos a consideración algunos de los conceptos que consideramos claves. Partimos de considerar a la: Educación: La educación, del latín educere guiar, conducir o educare formar, instruir, la concebimos como el proceso multidireccional mediante el cual se transmiten conocimientos, valores, costumbres y formas de actuar de una cultura. Está presente en todas nuestras acciones. A través de la educación, las nuevas generaciones asimilan formas de ver el mundo de generaciones anteriores, y crean nuevas miradas. Implica el proceso de socialización formal de los individuos de una sociedad. La educación se imbrinca en la historia individual y social, desde diversos modos. Lo formal hace refeun currículo específico, y la educación informal es aquella que fundamentalmente se recibe en los ámbitos sociales, es la que se adquiere progresivamente a lo largo de toda la vida. Por tanto, como sostiene Edgard Morín la educación tiene como cometido el despliegue de las potencialidades de los seres humanos. La misión de la misma es enseñar a vivir, acto que se sostiene en dos pilares: conocer y asumir la condición humana, y convertirse en ciudadano. A la hora de asumir la condición humana propone una auto-observación en el acto de aprendizaje. Al habitar una comunidad dentro del planeta, el convertirse en ciudadano implica la conciencia de pertenecer a una comunidad terrena; Facilitar esa toma de conciencia y despertar nuevas solidaridades acordes con su realidad, es uno de los ineludibles compromisos de la educación y uno de los elementos necesarios para el aprendizaje de la ciudadanía Ángeles Murga Menoyo, 2005. Ambiente: Como se expresa en La educación en la perspectiva de la naturaleza Ricardo Nassif nos aporta: nos hallamos circundados y condicionados por un territorio específicamente nuestro, por un medio físico y socio-cultural, que hoy definimos como ambiente humano. Según nuestro pedagogo, el hombre es un ser de naturaleza pero a la vez y por excelencia, un ser de cultura modificador y creador de ambientes que, en permanente interrelación con ellos, vuelve a modificarlo en una larga serie de corrientes transformadoras y re-transformadoras. Acordamos en que hoy es imposible pensar el ambiente en estado de naturaleza pura, lo brindado a los seres humanos es la mediación de sus propias obras. El ambiente natural posee una fuerza educadora, la categoría de naturaleza-ambiente resulta muy rica para el pedagogo si la examina desde las perspectivas de su conexión con la educación... Educación Ambiental: En este punto nos sostenemos en los aportes de Pérez Acosta y Martínez,"
t2_pos_000068;contribucion;contribucion;;84090522.txt;doc_84090522_sec02_chk02;937;INTRO;positivo_planb_alto;explicito_propio;677;Debido a que el hardware gráfico programable está diseñado para optimizar la ejecución del modelo scan-line, para implementar RT hay que mapearlo a un modelo que sea ejecutable por el hardware. En este trabajo se propone pensar al RT como un pipeline entre kernels, con distintas etapas por las que va pasando cada pixel hasta que queda definido su color final. Para poder implementar el método, son necesarias algunas suposiciones iniciales para simplificar el problema y hacerlo más manejable por el hardware. El método implementado utiliza como única primitiva el triángulo, debido a que es la primitiva más utilizada para describir objetos y la que se suele usar en el método de scan-line. Además, el hardware gráfico está organizado para polígonos convexos, cuanto más simples mejor. Además, para que los métodos tengan un rendimiento aceptable, se deben organizar los intersecciones de los rayos con todos los objetos de la escena, sino con un subconjunto relevante. La implementación utiliza como estructura aceleradora una grilla uniforme, debido a que el recorrido de esta grilla es implementable por hardware con relativa sencillez utilizando una técnica de recorrido de voxels DDA 3D similar a la presentada en 10 y da en general buenos resultados de performance como toda estructura aceleradora, su performance depende de la escena en particular. Cada uno de los cubos definidos por esta grilla es llamado voxel. La comunicación entre kernels se realiza enviando todos los pixels en paralelo a través de una textura. Los diferentes kernels de la implementación se describen a continuación. El generador de rayos es el kernel más simple de los cuatro, tanto en sus funciones como en su implementación. Este kernel se ejecuta una vez al comienzo del ciclo de renderizado. Genera un rayo por pixel de la imagen final en base a la posición y orientación de la cámara, y guarda la información de los rayos generados en una textura. Como los rayos son vectores, se aprovecha la naturaleza vectorial de la aritmética de la GPU. Además, como las direcciones de los rayos varían linealmente dentro del viewport, con un único paso desde el procesador de vértices se puede utilizar el convertidor scan de la GPU para generar los rayos como texcoords en el procesador de fragmentos. Eventualmente, si por alguna razón se dispusiera un esquema diferente de muestreo 5, entonces habría que modificar la programación de este kernel. Situaciones donde puede ocurrir un muestreo diferente son, por ejemplo, realizar varias muestras ponderadas oversampling por pixel para luego aplicar anti-aliasing, realizar subdivisiones adaptativas para optimizar el cómputo undersampling adaptativo 7, o utilizar alguna de las técnicas aceleradas de RT como beam tracing 8, pencil tracing 12, etc. La etapa de recorrido o traversal cumple dos funciones diferenciadas. La primera consiste en encontrar los voxels de entrada de los rayos en la estructura aceleradora. Esto implica extender los rayos hasta que lleguen a los bordes de la grilla, y encontrar el voxel que corresponde a esta intersección. Esta tarea se realiza justo después del generador de rayos, y una sola vez por ciclo de renderizado. La segunda función que tiene este kernel es la de recorrer la grilla, atravesando los sucesivos voxels en la dirección de los rayos, hasta encontrar voxels que contengan triángulos o llegar al final de la grilla. El recorrido de la grilla se realiza utilizando un algoritmo DDA 3D 6, donde cada iteración del algoritmo se corresponde con una ejecución del kernel. Esto significa que por cada ejecución del kernel, el rayo avanza un voxel solamente. Durante la iteración se decide si el próximo kernel que se debe ejecutar para el rayo en cuestión es el detector de intersecciones, de nuevo el traversal o ninguno, si el rayo sale fuera de la grilla. Esta etapa recorre los triángulos de cada voxel buscando intersecciones entre los mismos y el rayo que se está analizando. En cada ejecución de este kernel se evalúa la intersección del rayo con un triángulo del voxel en particular. Cuando ya se evaluó la intersección con todos los ninguna intersección o el shader.
t2_pos_000003;contribucion;no_contribucion;;108650054.txt;doc_108650054_sec01_chk01;13;CONC;positivo_planb_alto;explicito_propio;493;4. INTRODUCCIÓN Y ESTADO DE LA CUESTIÓN: también en el ámbito social y económico. Las decisiones que tomemos actualmente serán claves para el futuro de nuestro planeta. En este trabajo hablaremos sobre los ODS, Objetivos de Desarrollo Sostenible ONU, 2015, 17 objetivos que su fin principal es mejorar la situación del planeta a todos los niveles. El desarrollo sostenible es un tema candente en la actualidad. Se entiende como desarrollo sostenible: la satisfacción de las necesidades de la generación presente sin comprometer la capacidad de las generaciones futuras para satisfacer sus propias necesidades Informe titulado Nuestro futuro común de 1987, Comisión Mundial sobre el Medio Ambiente y el Desarrollo Llevamos años, exprimiendo al máximo todos los recursos del planeta y la se regeneran con el paso del tiempo. A su vez, los seres humanos también producimos grandes sumas de contaminantes, destruyendo así nuestra capa de ozono, nuestros suelos... en definitiva, nuestro planeta. Existen estudios que aseguran que la huella del hombre ha sido tal, que actualmente nos encontramos en una nueva era geológica, el Antropoceno, que marcaría el final del Holoceno, la era actual. El Antropoceno es un término popularizado por el oficial por la comunidad científica, pero se emplea para subrayar los efectos irreversibles de las actividades humanas en los ecosistemas y el clima de la Tierra. Por otro lado, existe, y siempre ha existido una gran desigualdad social entre países e incluso dentro de un mismo país. La desigualdad social también se mide por desigualdad económica desigualdad en la distribución de la renta que influye en otros factores importantes como son la educación, la salud y el contexto social y familiar. Mundialmente necesitamos un cambio a gran escala y en todos los ámbitos posibles. La cúspide de este proyecto sería que ninguna persona se quedase sin un plato de comida en la mesa, que todo el mundo tuviera accesibilidad al agua potable, que todo niño y niña recibiera una educación de calidad, que nadie sintiera acoso por discriminación sexual, de género, religión o raza. Que las empresas funcionaran con energías renovables, que invirtieran en innovación e investigación para ser lo más sostenibles posibles. Que las ciudades de todo el mundo cuidaran su ecosistema. En resumen, hacer de este mundo un territorio donde toda persona, por insignificante que sea, tenga una vida próspera en equilibrio con el medio ambiente. El desarrollo sostenible abarca numerosos retos para nuestra época. Necesitamos un desarrollo basado en la igualdad social, un desarrollo económico el cual sea equilibrado, una conciencia global sobre las limitaciones ambientales de nuestro planeta, etc. Para ello, sería conveniente una asamblea asentada en alternativas y soluciones para enmendar el mal que provocamos al planeta durante tantos años. Para ello, en este trabajo, se propone incluir los 17 Objetivos de Desarrollo Sostenible, que pueden aplicarse en cualquier ámbito y a cualquier escala, para poder remediar los problemas en nuestro planeta. Derechos humanos Igualdad de género Cultura de paz y Ciudadanía mundial Diversidad cultural ODS
t2_pos_000079;contribucion;contribucion;;84122697.txt;doc_84122697_sec03_chk05;5799;sin_asignacion;positivo_planb_alto;explicito_propio;560;Aplicación en la industria de packaging alimenticio 4.1. La Empresa El contexto en el cual se desarrolla la aplicación es la empresa Packall S.A. nombre fantasía. Esta empresa se dedica a la fabricación de film de PVC. Los diferentes productos que produce la empresa son bobinas de film de PVC que se caracterizan por el tamaño y el espesor, así por ejemplo, bobinas de diferente tamaño dan lugar a productos diferentes. Otros productos que produce la empresa son bobinas de papel aluminio, y papel manteca. La empresa es líder nacional y cuenta con elevados niveles de exportación de sus productos en comparación a la competencia. La empresa cuenta con 5 líneas de producción. 4.2. El proceso El proceso de producción de un producto normalmente consiste en preparar una mezcla de resinas de PVC y plastificantes, los mismos son calentados hasta lograr un estado líquido. Posteriormente dicha mezcla es absorbida mediante sopladores los cuales generan una burbuja que en el otro extremo se aplasta y se cortan los bordes para poder así separarla. Por último, la película de film es depositada en los rodillos de tiro de la línea, aquí a la película, aun en caliente, se le aplica un esfuerzo mecánico para tensarla. Este esfuerzo mecánico permite obtener la textura, espesor y elasticidad del producto final. El proceso de producción de film de PVC incluye la unidad de tiro, esto es un conjunto de rodillos colocados en distintos puntos de la línea de producción que permiten tensar y afinar las películas de film se presenta en Fig. 4. Fig. 4 Proceso de fabricación de film de PVC 4.3. El Problema El problema que se aborda en este trabajo es el que se presenta en el proceso de producción cuando la bobina de semielaborado al pasar por la unidad de tiro se corta. La principal causa que ocasiona este corte indeseado es el desfasaje en las velocidades de los motores que componen la unidad de tiro. Este desfasaje produce que las películas de film se tensen por arriba de los límites mecánicos del material punto de corte y se produzca el corte de material. Como consecuencia de este fallo se debe reiniciar todo el sistema para poder continuar con la producción. Esta tarea implica, limpieza de los distintos componentes, reemplazo de filtros y setup de todos los componentes de la línea de producción. Todas estas tareas producen pérdidas para la empresa tales como horas hombres necesarias para el retrabajo, scrap material de descarte y materia prima. La motivación de este trabajo es contribuir a la reducción de este tipo de fallos con el objetivo de mejorar la eficiencia del proceso de producción. 4.4. La solución propuesta Se propone el desarrollo de un dispositivo Poka-Yoke, provisto de un artefacto de hardware y software de código abierto. Dicho artefacto permite sensar la velocidad de los motores permanentemente y enviar los datos capturados al sistema de trazabilidad de velocidad, con el fin de ir generando un registro histórico y de aplicar funciones de análisis y transferencia de datos. La solución involucra un dispositivo de hardware abierto junto a un sistema de registro y trazabilidad de velocidades para la producción de film de PVC denominado RTVFilm. Este sistema está basado en la recolección y tratamiento de datos provenientes de sensores ubicados en diferentes motores. La información de los diferentes
t2_neg_000017;no_contribucion;no_contribucion;;122777545.txt;doc_122777545_sec08_chk03;1711;BACK;negativo_dificil;senal_contrib_no_propia;330;Se encontró que en Veracruz se maneja un gran mercado a nivel nacional e internacional en donde se puede lograr un gran acogimiento así como lo indica el autor Trujillo, Resulta necesario remitirse a lo que el autor denomina El gran mercado veracruzano y que fue el proceso mismo que llevó a que Veracruz, en la segunda mitad del siglo XVIII, se convirtiera por su crecimiento en una comunidad mercantil que tuvo significativos montos de los capitales precisamente por el tráfico mar en fuera. Es la época del pleno comercio libre y de la desregulación definitiva del comercio novohispano y del Consulado de Veracruz. Trujillo Bolio Antonio García de León, 2011. En buenaventura podemos ver como el proceso de investigación del territorio costero para señalar los diferentes sitios en que fue ubicado, mostrando que empezó como puerto fluvial para luego ser reubicado hasta convertirlo en marítimo. Los problemas que enfrentó, así como la difícil comunicación con el interior, la resistencia indígena que llevó a que el poblado fuera destruido y la necesidad final de poblar la zona con esclavos negros para la explotación de la frontera minera. Se muestra también cómo fue controlado por las élites de la ciudad de Cali, hasta convertirse durante el período republicano en el único puerto colombiano sobre el Pacífico. Desde el Siglo XVI, los comerciantes caleños se lucraban haciendo transmontar las mercancías a lomo de indio desde Buenaventura, por los farallones. Extinguidos los indígenas de la cordillera, la ruta intentó abrirse varias veces en el siglo XVII, sin conseguirse de manera definitiva. Sólo la pacificación de los noanamas permitió el acceso a la región por el río Dagua, desde la cual se remontaba el San Juan, para abastecer los distritos mineros del Chocó. La misma provincia de Noama que comprendía Buenaventura, la región de El Raposo y los pueblos de San Javier y Zabaletas, se estimaba jurisdicción de Cali, y sus riquezas mineras fueron explotadas, principalmente, por vecinos de la ciudad. Valencia Llano, 2016.
t2_neg_000079;no_contribucion;no_contribucion;;84096574.txt;doc_84096574_sec03_chk08;42;sin_asignacion;negativo_dificil;tercero_citado;471;Por otra parte, San Agustín la utiliza para designar la vivencia interna de la vida y la fe y, en último término de la vida mística. La experiencia que prima en la Modernidad originada en los sentidos, pues ha terminado habitando de manera extensiva los objetos artificiales más que los naturales. Desde la vuelta experimental hacia la naturaleza que se produce de la Edad Media hasta el Renacimiento, y bajo el triunfo de las taxonomías, la Biología y las economías de mercado financiero, pasando por el hallazgo y uso de la fuerza atómica, se ha despertado un aplastante hedonismo inclinado por el vivir, el sentir y alcanzar todo aquello que en algún instante fue apenas imaginación, y que hoy se ha convertido en realidad posible y cercana, cuestión a la En el pensamiento de Immanuel Kant la experiencia es vista como el área dentro de la cual se vuelve posible el conocimiento. En su origen, Kant considera que el conocimiento posibilitado por la experiencia desplazaría las facultades superiores hacia la verdadera sabiduría, transformando a ésta en la responsable en la producción del conocimiento objetivo de la ciencia y de las ideas racionales de la Filosofía. Según Como el conocimiento es además conocimiento del mundo de la apariencia, la noción de experiencia se halla ligada a la noción de apariencia. Kant habla de experiencia interna innere Erfahungsurteile, y señala que la existencia en el tiempo el sujeto es consciente mediante tal experiencia. Para los idealistas Alemanes el proyecto es el de dar razón de toda experiencia o si se quiere dar razón de los fundamentos de toda experiencia. Según lo que plantea Concha Fernández Martorrell esta tesis idealista lo que pretende es establecer una experiencia absoluta que de nuevo vinculara al ser humano con el mundo 1992: 43. Atendiendo a lo expresado por Kant, es decir, siguiendo esta línea de análisis que claramente puede vincularse con lo que acontece en el campo de la enseñanza de la Educación Física actual -y de la educación en general-, en La vida del espíritu 1978 Arendt desarrolla sus ideas sobre lo que significa pensar. Estructura sus ideas en torno a las ideas que encuentra en el filósofo alemán y se detiene en el pensar por sí mismo, en el colocarse en el lugar del otro y el estar de acuerdo con uno mismo. Arendt considera fundamental, en el ejercicio de la facultad de pensar, la interrelación entre la percepción y la facultad de crear esquemas o imágenes. Las facultades mentales permiten crear imágenes y comprender lo que algo sea. Lo que inicia el proceso de pensamiento es la vida misma, la experiencia y la observación, y es fundamental adecuar lo que se dice con lo que se observa. Arendt subraya la importancia de pensar por sí mismo para entender el mundo. La narración y la
t2_pos_000037;contribucion;contribucion;;71109708.txt;doc_71109708_sec02_chk05;2733;sin_asignacion;positivo_planb_alto;explicito_propio;563;"La propuesta metodológica de Díaz-Barriga 2013 para construir una secuencia didáctica incluye los siguientes elementos: descripción de la asignatura, unidad temática, programa y temática; contenidos; duración de la secuencia y número de sesiones previstas; objetivos; orientaciones generales para la evaluación; secuencia didáctica actividades de apertura, desarrollo y cierre y recursos bibliográficos. Díaz-Barriga, 2013, p. 3. La elaboración de una secuencia didáctica se encuentra inscrita en el marco de un proceso de planeación dinámica Díaz-Barriga, 2013, en este proceso todos los factores de la planeación se afectan entre sí, aspecto que denota la relación sistémica que se establece entre cada uno de los componentes del modelo. El punto de partida está en la selección de un contenido basado en el marco de la propuesta que tiene el programa de estudios y la determinación de una intención de aprendizaje de ese contenido, que debe estar expresada en términos de objetivos. A partir de ello, se avanza en dos líneas simultáneas, la primera línea basada en definir los resultados que se esperan de los alumnos, lo que indica hacia la construcción de acciones de evaluación y la segunda línea está relacionada con las actividades que se deben proponer para crear un ambiente de aprendizaje. En el marco de esta investigación se retoma la estructura de la línea de secuencia didáctica definida por Díaz-Barriga 2013. Este autor plantea dos tipologías fundamentales, la primera, a partir de las actividades de apertura, desarrollo y cierre; y una segunda línea de secuencia aquella que parte bien sea de un problema-eje como estructurante de todo el curso o como estructura de una secuencia, su principal forma de desarrollo es un proyecto Diaz-Barriga, 2013, pp.26. El profesor en la etapa de planeación puede escoger cualquier tipo de línea en correspondencia con sus objetivos y la evaluación debe estar en función de la línea señalada. En el marco de esta investigación no se descarta el uso de ambas líneas de secuencia de forma simultánea, siempre que sea necesario recurrir a la integración de conocimientos y habilidades desde los contenidos de la Disciplina Integradora y se sea consecuente desde la etapa de planificación y evaluación, es recomendable hacer uso de cualquiera tipología de líneas. Las dimensiones culturales declaradas por Hofstede, 1995 y Cushner y Brislin, 1996 hacen de forma declarativa los contenidos interculturales que se deben abordar para el desarrollo de la competencia intercultural en cualquier nivel o especialidad. Sin embargo, en el caso del profesional de Turismo sería mucho más pertinente que los contenidos interculturales que subyacen de estas dimensiones interculturales sean abordados de forma sincronizada con los contenidos de la Disciplina Integradora de la profesión de la carrera de Licenciatura en Turismo ya que los contenidos de la Disciplina Integradora incluyen los contenidos medulares que le dan salida al perfil del profesional de esta carrera. Se recomiendan tener en cuenta, además, los elementos que integran las competencias discretas de la competencia intercultural integrada abordadas por Bolten 2011. A partir de la sistematización de los elementos relacionados con las secuencias de aprendizaje y teniendo como referentes las propuestas de secuencia didáctica a partir de Tobón, Pimienta y García, 2010; Diaz-Barriga, 2013 y Niuca y Urbay, 2017, en el marco de esta de esta investigación propone una estructura metodológica para planificar y evaluar las secuencias de aprendizaje que satisfagan la formación de la competencia intercultural integrada."
t2_neg_000091;no_contribucion;no_contribucion;;86669134.txt;doc_86669134_sec01_chk02;1055;INTRO;negativo_dificil;tercero_citado;476;"entre las fuerzas armadas regulares del Estado colombiano y grupos armados irregulares. Bien sabemos que la denominación trasciende el ámbito de la semántica para insertarse en la esfera de lo político, de lo histórico y de lo sociológico, sin embargo, utilizamos el término como referencia genérica de uso común. El texto está organizado en dos apartados, el primero da cuenta de las investigaciones que se han enfocado en dilucidar las ideas construidas por los jóvenes escolares adentrándose en su universo simbólico y representacional, en su proceso de construcción y en el papel que juega la escuela en dicho proceso; mientras que el segundo expone los hallazgos, tensiones, vacíos y posibles líneas de indagación que porten al campo. 1. Formas y sentidos de las ideas de los jóvenes escolares sobre el conflicto armado. Sin ser un todo homogéneo, las investigaciones que se presentan a continuación coinciden en que quieren comprender las fuentes de configuración, los sentidos y las implicaciones que tienen las ideas sobre el conflicto armado que tienen los jóvenes escolares. Conceptos como imaginarios, representaciones, ideas, concepciones, relatos, percepciones y narrativas son los que predominan, y las preguntas por la guerra, la paz, los acuerdos de paz, el posconflicto, la reconciliación y la desaparición forzada las más recurrentes. La totalidad de las investigaciones que se revisaron tienen asidero en el primaria. de un conflicto social profundo, con una solución percibida como lejana y cuyos orígenes son aún más difusos. La forma en la cual los estudiantes decantan el conflicto armado a un conjunto de imágenes concretas es a partir de la relación que establecen entre los hechos propios del conflicto y la violencia establecer una diferenciación muy clara entre las causas del conflicto armado y la violencia del contexto inmediato, siendo palabras como vicio y duros propias de su lenguaje coloquial y usadas para referirse a las substancias psicoactivas y quienes manejan el negocio respectivamente las predominantes cuando se habla tanto de un tema como del otro. Al igual que las investigaciones precedentes, los autores señalan que la televisión es la fuente primordial para construir imaginarios sobre el conflicto armado, sin embargo, puntualizan que son las denominadas narconovelas8 las que mayor especificidad poseen para comprender y referenciar la naturaleza del fenómeno. De otra parte, se evidencia con fuerza el imaginario de la violencia como fuerza fundadora del orden social vigente, lo cual implica su naturalización y normalización como y López, 2018. Parra 2011, propone una investigación con niños escolares entre 7 y 10 años adscritos a un colegio de la policía nacional en la cual afirma que las representaciones sociales se circunscriben a sentimientos de malestar y tristeza siendo recurrente la evocación de escenarios de enfrentamientos armados en espacios rurales en los cuales se evidencia una relación de buenos: policías y militares, malos: guerrillas y víctimas: población civil. Esta investigación aporta un elementos clave para el"
t2_neg_000088;no_contribucion;contribucion;;86356726.txt;doc_86356726_sec01_chk01;31;INTRO;negativo_dificil;tercero_citado;383;A los fines de supervisar el estado de la generación y para la adecuada operación de algunos sistemas de control usados en pequeñas centrales hidroeléctricas PCH de operación aislada, es necesario medir la tensión y la frecuencia proporcionada por el generador. Por otro lado, la puesta a punto del sistema de control y por ende de la generación, requiere poder visualizar estos valores, rápidamente. Con relación a la medición de frecuencia, es usual en instalaciones electromecánicas, la utilización de un frecuencímetro de lengüetas. Este caso constituye una solución poco económica para las inversiones que son efectuadas en las instalaciones correspondientes a las PCH. Principalmente por este motivo, un frecuencímetro electrónico como el que se propone en este trabajo, presenta una buena opción. A partir de lo mencionado, se ha estudiado la forma de construir un frecuencímetro electrónico que mida y además permita visualizar de forma simple y efectiva, la frecuencia de generación fG a través de un circuito electrónico económico y de bajo mantenimiento, para que pueda ser aplicado a las PCH con base en las premisas de la tecnología apropiada Kurtz, 2003. Se propone en este artículo, el análisis, desarrollo e implementación de un circuito electrónico de bajo costo, construido con componentes fácilmente asequibles en el mercado local, el cual permite medir la frecuencia eléctrica, presentando el valor de la misma en forma sencilla, emulando la visualización de los tradicionales frecuencímetros electromecánicos a lengüeta. La visualización es efectuada utilizando diodos LEDs los cuales se iluminan conforme varía la frecuencia medida en un rango que va desde los 46Hz hasta los 54Hz. Este trabajo constituye la evolución de un circuito desarrollado anteriormente Terlecki et al., 2006, donde se utilizaron componentes discretos para construcción. A pesar la sencillez del mismo, este presenta dificultades para la calibración en su puesta en operación. Cabe destacar que el circuito electrónico propuesto en este trabajo, será aplicable siempre que todo el sistema de generación cuente con las protecciones contra descargas atmosféricas adecuadas, principalmente en lo que respecta a la Provincia de Misiones. A continuación se describen los principios utilizados para efectuar la medición y visualización de la frecuencia eléctrica, con el microcontrolador. 1 Docente - Investigador, FIO - UNaM. 2 Docente - Investigador, FIO - UNaM, CONICET. 3 Docente - Investigador, FIO - UNaM. ASADES Avances en Energías Renovables y Medio Ambiente 08.19
t2_neg_000098;no_contribucion;no_contribucion;;98107090.txt;doc_98107090_sec03_chk02;3031;RES;negativo_dificil;senal_contrib_no_propia;406;Antes de aplicar las pruebas de comparación de grupos se examinó el cumplimiento de los supuestos de normalidad y homocedasticidad. Al calcular las pruebas de Shapiro-Wilk y Kolmorogov-Smirnof con corrección de Lilliefors, se obtuvieron Planicación del tiempo de estudio Lectura y comprensión de textos Toma de apuntes y Organización de la información Escritura Preparación para exámenes Aprendizaje Autorregulado Formular y responder preguntas Dar y recibir feedback Exposición oral de trabajos Coordinación de grupos Habilidades Sociales Académicas pp 41-52 así el supuesto de normalidad. Tampoco se obtuvieron resultados significativos al aplicar la prueba de Levene, lo cual garantiza el cumplimiento de la homocedastidad. Al comparar las medidas pretest mediante una prueba t de Student para ron diferencias estadísticamente significativas entre los grupos. Lo cual sugiere la equivalencia de entre los grupos antes del tratamiento. Al comparar los cambios intra-grupo mediante una prueba t de Student para muestras relacionadas se observó que los ingresantes que recibieron el programa de entrenamiento disminuyeron de manera significativa sus manifestaciones cognitisignificativos en el grupo control, más aún se aprecia un leve aumento en los niveles promedio de manifestaciones cognitivas de ansiedad de los ingresantes. Esta tendencia se puede apreciar en el gráfico de dispersión de la Figura 2, donde el eje horizontal representa las puntuaciones en el pretest y el eje vertical las puntuaciones en el postest. Los cambios observados dentro de cada grupo pueden analizarse considerando los puntos que se encuentran por encima y debajo de la recta. De esta manera los puntos que aparecen por encima de la línea representan los participantes que mostraron un aumento en sus manifestaciones cognitivas de ansiedad, mientras que los puntos que aparecen por debajo de la línea representan los estudiantes que mostraron una disminución en sus manifestaciones cognitivas de ansiedad. manifestaciones cognitivas de ansiedad para el grupo experimental y control. Al comparar las puntuaciones de ganancias entre los grupos se observa que el grupo que recibió el programa presenta una mayor disminución que el grupo control Figura 3. Al aplicar una prueba t para muestras independientes se corrobora que los ingresantes que participan del programa de entrenamiento disminuyen sus manifestaciones cognitivas de ansiedad en mayor medida que el grupo control t 3.12, gl 60, p0.01. Cabe señalar que al calcular la d de Cohen para determinar el tamaño del efecto, se observa que el programa presenta un efecto grande d.54 considerando los criterios propuestos por Cohen 1988.
t2_neg_000052;no_contribucion;no_contribucion;;78363982.txt;doc_78363982_sec01_chk01;0;INTRO;negativo_dificil;tercero_citado;400;"La mediación es un método alternativo para la solución de conflictos que se encuentra vigente en Ecuador desde el año 1997, reconocido en la Constitución de la República 2008 e incorporado en el año 2014 por el Consejo de la Judicatura, en donde funcionan centros de mediación que atienden materias transigibles, con limitaciones en el campo de la mediación familiar, según lo establecido en la Ley de Arbitraje y Mediación 1997. Ante esas regulaciones, cabe preguntarse: Cómo la incorporación de la mediación familiar en la ley, contribuye a la ampliación de servicios de atención en conflictos familiares?; es un problema de investigación, porque las personas solicitantes abordarían desde una perspectiva multidimensional aspectos: jurídicos, psicosociales, educativos, afectivoemocionales, relacionales, de convivencia, existenciales; entre otros. En el ámbito de sus competencias, definir cómo la mediación contribuye a la solución de conflictos familiares en una institución social en donde se articulan principios básicos, estilos de relacionarse, hábitos, costumbres, modelos de crianza; encuadran en un sistema relacional con características propias de cada uno de sus miembros de acuerdo a su ciclo vital. La ausencia de un título en la citada Ley de Arbitraje y Mediación que permita la ejecución de la mediación familiar con temas inclusivos a la dinámica familiar, en donde los hijos son sujetos de derechos y fácilmente vulnerados por uno o ambos progenitores, dio paso a investigar, tomando como base una realizada en el año 2017, bajo el tema Estudio de los conflictos socio-familiares suscitados en la ciudadela Galo Cedeño del cantón Puebloviejo y la mediación como mecanismo de conciliación Brito, 2017 que evaluó los conflictos sociofamiliares con la finalidad de incrementar el cumplimiento de las obligaciones parento filiales; es decir, se enfocó en un solo tema dentro del gran abanico de necesidades, intereses y acciones surgidas dentro de un sistema familiar en el rol parental. En la práctica, escenarios judiciales y centros de mediación intervienen en determinados casos relacionados con la familia, resultando insuficientes, por lo que se necesita la inclusión de un cuerpo legal que reconozca ese tipo de mediación para la validación de intervenciones en el este contexto social; por ende, el presente trabajo define cómo la mediación contribuye a la resolución de conflictos familiares y en el ámbito de aplicación, se plantea como propuesta el diseño de gestión de cómo la mediación familiar puede contribuir al vacío legal que existe en la Ley de Arbitraje y Mediación."
t2_pos_000095;contribucion;contribucion;;91157836.txt;doc_91157836_sec01_chk01;0;INTRO;positivo_planb_alto;explicito_propio;273;"sino dentro de la comunidad en la que le ha tocado vivir. A partir de este pensamiento el profesor maestro debe estar preparado para ser un comunicador que pueda favorecer el espacio entorno en la época que le ha tocado vivir; de ahí que deba proponerse tareas y retos con los que su espectro cultural se enriquezca y desde esta óptica deberá estar adecuadamente preparado para lo cual requiere de una superación constante, con lo que se favorece el proceso docente educativo. Si se tiene en cuenta que un profesor en la actualidad, especialmente en el territorio cubano, tiene vías de exigencias para obtener mayores categorías científicas y académicas, es importante que este busque y agote los medios y procedimientos necesarios para conducirse en su rol de comunicador, aprovechando al máximo todas las posibilidades que brinda para ello la lengua materna, puesto que para desarrollar los ejercicios que le otorguen el grado cuerpo cognitivo de la ciencia a la cual responde, sino la forma en que defiende sus propios conceptos y argumentos, para lo cual requiere del uso correcto de la expresión, tanto oral como escrita. Sobre la base de los requerimientos que debe poseer el profesor, dentro de la expresión escrita, para realizar exitosamente sus exámenes con vista a la obtención de grados científicos y académicos y en pos de una defensa decorosa, se precisa este trabajo, de manera que se propone una estrategia para la realización de talleres, cursos y postgrados, los cuales permitan viabilizar la función comunicativa del lenguaje, a través de la incorporación de las competencias lingüísticas en cada profesor que se somete a una evaluación de esta índole."
t2_neg_000002;no_contribucion;no_contribucion;;107262875.txt;doc_107262875_sec03_chk02;335;BACK;negativo_facil;zona_sin_senales;389;Letrozol: inhibidor de aromatasa que actúa mediante dos mecanismos, inhibiendo la conversión de androstenediona a estrona y testosterona a estradiol, además, previene la biosíntesis de estrógenos a nivel sistémico. Es así como se logra generar una retroalimentación hacia el eje hipotálamo-hipófisis que resulta en un aumento de las gonadotropinas y por ende, en la inducción de la ovulación. efecto en el endometrio ni en moco cervical 13. El riesgo de desarrollo multifolicular en este caso es menor, pues el sistema de retroalimentación entre el hipotálamo y la hipófisis está intacto, a diferencia de lo que sucede con el CC, donde la inhibición se da en los receptores de estrógeno hipotalámicos 5. Citrato de clomifeno versus letrozol: el citrato de clomifeno fue por muchos Manejo de infertilidad por anovulación en síndrome de ovario poliquístico - Dra. Fiorella Otoya Chaves, Dra. Stephanie León Quirós Tratamiento de segunda línea Este grupo de terapias son parte de las opciones que actualmente se presentan a las pacientes una vez que se ha diagnosticado resistencia al CC. Dentro de estas terapias las utilizadas son, la metformina, gonadotropinas y la perforación ovárica laparoscópica 16,17. Metformina combinada con citrato de clomifeno: este es un fármaco derivado sintético de biguanida que se utiliza en combinación con el CC en las pacientes resistentes a esta última droga en monoterapia. Aunque se ha estudiado el papel de la metformina en monoterapia, y pese a elevar las tasas de ovulación, clomifeno, el letrozol o la terapia combinada de CC con metformina. Empero, la terapia combinada con CC sí cuenta con evidencia que indica que podría considerarse como terapia de primera línea 15,18,19. Respecto a su mecanismo de acción, se debe mencionar el papel de la AMH en la subfertilidad que se observa en pacientes con SOPQ, ya que esta regula de forma negativa los folículos principales. Las células de la granulosa de los folículos pre-antrales y antrales pequeños son las encargadas principales de la secreción de la AMH. Se ha documentado que las pacientes con SOPQ pueden tener valores de 2 a 3 veces mayores que otras mujeres sanas 7. La metformina logra disminuir los niveles de AMH, y esto se presume que está asociado a un mecanismo insulino- Manejo de infertilidad por anovulación en síndrome de ovario poliquístico - Dra. Fiorella Otoya Chaves, Dra. Stephanie León Quirós
t2_pos_000065;contribucion;contribucion;;84087282.txt;doc_84087282_sec01_chk03;2423;INTRO;positivo_planb_alto;explicito_propio;670;Estos aspectos, que se reunen en el perfil del usuario, son utilizados por el sistema multiagente para mejorar la búsqueda de los recursos educacionales. 3. Sistemas Multiagentes En los últimos años, se ha incrementado el diseño e implementación de sistemas multiagentes MAS para abordar el desarrollo de sistemas distribuidos complejos. Para dar un sustento formal a estos sistemas, se han propuesto distintas teorías y arquitecturas. Entre las teorías más notorias están las que modelan al agente como un sistema intencional, cuyo comportamiento puede predecirse mediante la atribución de ciertas actitudes mentales. Considerando al agente como un sistema intencional, una de las arquitecturas sobre la que más se ha trabajado es el agente BDI de Rao y Georgeff 9. Este modelo está basado en la representación explícita de las creencias B del agente, que representan el estado del entorno, sus deseos D, representando sus motivaciones, y las intenciones I del agente, que modelizan sus metas u objetivos. Esta arquitectura ha evolucionado en el tiempo y ha sido utilizada en importantes aplicaciones de sistemas multiagentes. 3.1. Agentes BDI Graduados Las distintas arquitecturas de agentes desarrolladas hasta el momento, han sido planteadas para manejar información básicamente bivaluada. Con el propósito de hacer que la arquitectura BDI sea más flexible, Casali et al. 10 han propuesto un modelo general para diseñar agentes BDI graduados g-BDI. Este modelo permite especificar arquitecturas capaces de tratar con la incertidumbre del entorno y con actitudes mentales graduadas, con el fin de desarrollar agentes que puedan tener una mejor performance en entornos dinámicos e inciertos, En este modelo, los grados en las creencias van a representar en qué medida el agente cree que una fórmula es cierta. Los grados en los deseos, positivos o negativos, permiten al agente establecer respectivamente, diferentes niveles de preferencia o de rechazo. Las graduaciones en las intenciones también estarán dando una medida de preferencia, pero en este caso, modelarán la relación costo-beneficio que le significa al agente alcanzar esa meta. A partir de la representación de estas tres actitudes y según como interactúen unas con otras, se pueden modelar distintos tipos de agentes que tendrán diferentes comportamientos. El modelo g-BDI está basado en la noción de sistemas multi-contextos que constituyen una propuesta interesante para el diseño de sistemas lógicos complejos, y que particularmente han sido utilizados para la especificación de agentes 11. Estos sistemas permiten la definición de diferentes componentes formales y sus interrelaciones. En el modelo g-BDI se utilizan contextos separados para representar cada actitud mental, y cada uno está formalizado con el aparato lógico más apropiado. Las interacciones entre componentes se especifican usando reglas intercontextos, llamadas reglas puente bridge rules. Esta propuesta ha sido utilizada previamente para modelar agentes en el dominio turístico 12, donde los diferentes componentes de la arquitectura y sus interacciones pueden ser representados con claridad. Una Plataforma Multiagente para la Búsqueda de Recursos Educacionales considerando Aspectos Culturales Entre las variadas aplicaciones de agentes inteligentes y sistemas multiagentes cabe destacar el trabajo que se viene desarrollando en sistemas recomendadores. Estos sistemas brindan ayuda a distintos usuarios en la tarea de elegir entre muchas opciones disponibles, la más adecuada. El objetivo de estos agentes es explorar y filtrar las mejores opciones a partir de un perfil de usuario preferencias, características, etc. considerando muchas de ellas provenientes de la web. Entre las aplicaciones potenciales de los sistemas recomendadores, el dominio de la educación parece ser un buen candidato ya que las ofertas de recursos educativos están en constante crecimiento. En este trabajo, se presenta una arquitectura multiagente para la recuperación de recursos educativos con el fin de asistir a un estudiante o integrante de la comunidad educativa a elegir cursos acordes a sus preferencias personales y culturales. Esta plataforma multiagente incluye varios tipos de agentes en concordancia con las distintas funcionalidades del sistema. En particular, se ha modelado el Educational Resources Finder Agent como un agente BDI Graduado, el cual se encarga de la recuperación de los mejores cursos acordes al perfil del estudiante. 4.
t2_neg_000045;no_contribucion;no_contribucion;;73055143.txt;doc_73055143_sec01_chk01;33;METH;negativo_dificil;senal_contrib_no_propia;295;"A partir del estudio realizado por Garcés y López 2005, en que se definieron criterios de elección de puntos muestreados, para soluciones superficiales en las áreas de aportes a vertientes y surgencias termales, como en las de acumulación en los sectores marginales bofedales y más internos láminas de salmuera; y en el que se caracterizaron químicamente los principales cuerpos de agua del salar, y las relaciones químicas existentes entre ellos; unido al trabajo de Garcés et al. 2009 en el que a partir de datos metereológicos, aguas lluvias y temperaturas adquiridos a la Dirección General de Aguas se predice el cambio del recurso hídrico en la cuenca y sus aportes, se tiene la información base que sustenta el presente trabajo. Las muestras de aguas que se tomaron en distintas estaciones del año, cubren un rango amplio de las condiciones naturales bajo las cuales evoluciona el sistema salino. De forma simultánea a la recogida de muestras se determinaron in situ la temperatura y el pH de las soluciones, procediéndose a almacenar las muestras al abrigo de la luz durante su traslado al laboratorio de análisis químico, donde se realizaron las determinaciones del contenido en Ca, Mg, Na, K, Li todos ellos mediante espectrometría de absorción atómica, SO4 precipitación con BaCl2, Cl método de Mohr, HCO3 y CO3 potenciometría y, en algunas muestras, se analizó también su contenido en B técnica ácido-base. Durante las campañas al salar, se tomaron fotografías a las comunidades vegetales y se reconocieron algunas aves y mamíferos, las que posteriormente fueron contrastadas con fuentes directas. A partir de estos resultados se realiza un análisis desde el punto de vista de la biodiversidad que presenta el salar y sus consecuencias que podrían existir producto de las sequías y del aumento de la temperatura."
t2_neg_000082;no_contribucion;no_contribucion;;84104613.txt;doc_84104613_sec01_chk01;0;INTRO;negativo_dificil;objetivo_sin_novedad;304;lugares manipulados por el ser humano, dentro de una misma unidad biogeostructural Agroecosistemas. Dentro de las labores del ser humano, se encuentra el manejo de las plantas acompañantes, que en la mayoría de los casos, se ha limitado a las aplicaciones de herbicidas, siendo esta estrategia muy cuestionada, debido a los altos costos y problemas técnicos generados por la aplicación y contaminaciones ambientales por el uso inadecuado de ellos. Los sistemas productivos, a pesar de las acciones antrópicas para controlar las especies acompañantes, han demostrado resiliencia, que se define como la capacidad que presenta un sistema de mantener su productividad y recuperarse, frente a perturbaciones externas. Una de las manifestaciones de la resiliencia, se da con la repoblación de la comunidad vegetal emergente. Ya que esta, a pesar de generar competencia con el sistema productivo, presta servicios ecológicos como la regulación del micro clima, disminución de pérdidas por erosión, fijación de carbono, hospedaje de fauna y entre las más importante está el aumento de la biodiversidad dentro del sistema productivo Sarandon Flores, 2014. La biodiversidad, en el Convenio sobre la Diversidad Biológica en 1992, se definió oficialmente como la diversidad genética de especies y de ecosistemas Naciones Unidas, 1992. Sin embargo, la agricultura es una de las acciones antrópicas que puede generar cambios negativos sobre la diversidad, debido a que la agricultura, implica una simplificación del sistema y disminución de la biodiversidad. A pesar de esto, los sistemas productivos, presentan mayores niveles de resistencia cuando son frecuentemente perturbados como mecanismos de respuestas Death, 1996. Por lo anterior, se plantea como objetivo de esta investigación, evaluar la resiliencia en la biodiversidad natural de las plantas acompañantes frente a las prácticas de manejo en sistemas productivos de aguacate, comparando métodos mecánicos, frente a controles químicos en predios de la Cuenca del Rio Negro de Antioquia Colombia.
t2_neg_000062;no_contribucion;contribucion;;82306848.txt;doc_82306848_sec04_chk04;4462;RES;negativo_dificil;senal_contrib_no_propia;453;En respuesta a sus contenidos de celulosa se seleccionó el vástago de plátano 55, tallos línea de producción conformada por las siguientes etapas: En el proceso establecido a nivel artesanal se involucraron las mismas etapas que a nivel industrial solo que se omitió el uso de sustancias químicas para retirar la lignina, ésta se retiró con agua y en el caso del vástago del plátano utilizando calor. Se estableció que para 40 láminas tamaño carta de papel son necesarios alrededor de 20 litros de agua, esta agua se puede reutilizar en el proceso o se puede usar para riego. Se realizaron 3 diferentes combinaciones de residuos versus papel reciclado para preparar la pulpa, entre 0, 10 y 20 de papel reciclado y el resto residuos orgánicos. El calibre del papel se puede elegir logrando papeles muy finos casi como papel higiénico hasta papeles que pueden servir como tapas de libros. Esto lo determinaba la densidad de la mezcla entre menos densa más delgada la hoja de papel. En cuanto al papel obtenido inicialmente se puede decir que el papel se deja moldear pero que se necesita de al menos un 10 de papel para facilitar la Recolección Material vegetal seleccionad os. Triturado de material vegetal Extracción de ligninas y celulosas Combinacion es papel Residuos Formación de laminas Secado PAPEL VEGETAL adhesión de las fibras en el caso de piña y de pasto, en el caso de los tallos se puede obtener papel con 100 de los residuos y este presenta una alta resistencia: Con las láminas de papel se realizaron los empaques obteniendo: Una vez elaborados los empaques se procedió a evaluar su calidad seleccionando 6 parámetros resistencia, humectación, estabilidad, textura, pliegues, escritura, para cada característica y 5 que la presenta en la forma deseada, a continuación se presenta la evaluación de calidad: Los papeles que presentan mejor característica en términos de resistencia, dobleces y estabilidad son los residuos de vástago de plátano y tallos de flores al 100 debido a las resistencia es necesario mezclarlo con papel reciclado. En cuanto a la durabilidad de las hojas, es la misma de la de un empaque normal pero en condiciones de baja humedad. También es importante resaltar que los pliegues más que depender de los porcentajes de residuos usados dependen del calibre del papel, entre más delgado más fácil de hacer pliegues. Para el caso de las impresiones, éstas se facilitan más cuando se usa un porcentaje de papel reciclado entre 10 y 20. En el análisis de ciclo de vida se encontró que los empaques elaborados a partir de residuos para obtener la materia prima, si implica costos y emisiones de gases asociados al químicas diferentes a los compuestos presentes en los residuos.
t2_neg_000096;no_contribucion;contribucion;;89415888.txt;doc_89415888_sec04_chk04;2303;RES;negativo_facil;zona_sin_senales;366;"Dimensiones de variación 1- El mito del origen... Caracterización de las unidades de análisis a partir de la genealogía histórica y política. Los militantes de Barrios de Pie BP, y el Movimiento Territorial de Liberación, sitúan su origen en la crisis de 2001, frente al tema acuciante del hambre; un poco antes del estallido social, en clima de efervescencia En relación con el contexto de origen, vemos otra característica común: BP es la herramienta territorial de lo que en su momento era Patria Libre y hoy es Libres del Sur y de Venceremos Matías, BP. El entrevistado plantea un rasgo que atraviesa el arco completo de MTD que surgen en el 2001 como colaterales piqueteras de partidos políticos que frente a la gran desocupación hacen pie sobre esa masa de trabajadores desocupados. Asimismo, BP pasó del otrora momento orientado por la corriente Patria Libre autoafirmado como la fuerza política del Sr. Presidente Clarín, 1472004 a la ruptura con este, siempre embanderado en su estrategia nacionalista revolucionaria, y rebautizado como Libres del Sur y en la historia reciente, como Sur. Se funda en el cruce de los años 2001-2002 y en sus comienzos integra la FTV, primero como CTA de los Barrios y luego como agrupación Primero de Mayo. Su dirigente, el abogado Jorge Ceballos, fue luego funcionario del Ministerio de Acción Social dirigido por Alicia Kirchner para acabar rompiendo con el gobierno actual. Para el período 2001-03 se desarrollaron actividades como olla popular, corte de ruta y calle, y la pelea por los planes y por los alimentos Matías, BP. Luego comenzaron a abrir las áreas de trabajo, salud medición de talla y peso; MAC; prevención ITS-sida, educación, cultura, comunicación, vivienda, economía social y derecho popular. En relación a la situación política nacional, consideran que ante la recuperación económica y el achicamiento del margen de desocupados barajaron la posibilidad de decrecimiento, pero habrían reconvertido la misma política barrial. Sostiene que su objetivo es conmover el escenario político cuando se logre poner 100000 compañeros en la Plaza Matías, BP en una suerte de construcción organizacional como un fin en sí mismo. Procura distanciarse de la política como ES hoy, de la rosca, reproduciendo un"
t2_neg_000090;no_contribucion;no_contribucion;;86669087.txt;doc_86669087_sec02_chk02;1575;METH;negativo_facil;zona_sin_senales;334;UNLVirtual cuenta con una Red de Centros de Apoyo, en los cuales capacitandos acceden a los materiales educativos, a los recursos tecnológicos computadoras con conexión a Internet y demás servicios que le facilitan el estudio a distancia. Suman un total de 122, con presencia en 14 provincias. Quienes residen en otras provincias, igualmente pueden estudiar en UNLVirtual, recibiendo los materiales de estudio en su domicilio personal, eligiendo la opción Centro de Apoyo Virtual. acciones de los tutores del sistema que orientan sobre aquellas cuestiones funcionales y operativas propias del entorno digital empleado. El curso de extensión Aprovechamiento térmico de la energía solar se desarrolló en el año 2008. Fue ofrecido para docentes y alumnos avanzados de escuelas secundarias y carreras universitarias relacionadas con energía, medioambiente y tecnología, escuelas técnicas y agrotécnicas. Además, para profesionales y técnicos pertenecientes a organismos e instituciones que trabajan en áreas de energía y medioambiente. Recibió la aprobación de la Red Federal de Capacitación Docente Continua. El objetivo general del curso fue brindar conocimientos sobre la radiación solar, la conversión de la energía solar y sus aplicaciones térmicas. Los objetivos específicos fueron presentar conceptos, instrumentos y métodos para la evaluación de la radiación proveniente del Sol como recurso energético, y desarrollar los principios básicos y los aspectos técnicos involucrados en los equipos de aprovechamiento térmico solar. 10.05 El curso a distancia se inició con un panorama sobre los distintos tipos y fuentes de energía, formas de consumo de las conceptos teóricos y herramientas usadas para la valoración del recurso solar a ser aplicado. Finalmente se formularon los principios básicos, se describieron y analizaron los dispositivos tecnológicos utilizados para el empleo de la energía solar como energía térmica. En la Tabla 1 se resume el contenido temático del curso, que se construyó con tres módulos de tres temas cada uno. La última etapa del curso se destinó a la formular solución de un problema real a través de la aplicación de un equipo de aprovechamiento de la energía solar térmica.
t2_pos_000057;contribucion;contribucion;;82302435.txt;doc_82302435_sec01_chk01;0;INTRO;positivo_planb_alto;explicito_propio;360;"traducido en el desarrollo de metodologías de aplicación generalizada. Ello se debe en a la diversidad situaciones implícitas en los distintos modelos productivos y en los diferentes ámbitos espaciales y temporales Sarandón, 2002; Sarandón et al., 2006. En general, las metodologías de evaluación de la sustentabilidad se basan en la detección de puntos críticos de los sistemas productivos, para proponer soluciones a mediano plazo a partir de su análisis Bolívar, 2011. De esta forma, alcanzar niveles de sustentabilidad adecuados permite mantener o mejorar la productividad, reducir riesgos e incertidumbre, aumentar los servicios ecológicos y socioeconómicos, proteger la base de recursos y prevenir la degradación de suelos, agua y biodiversidad, sin disminuir la viabilidad económica del sistema Altieri, 1997. La complejidad de un sistema productivo puede ser estudiada a través de diferentes indicadores. Según Sarandón 2002, los indicadores de sustentabilidad permiten: a decidir introducción o el desplazamiento de un cultivo de una zona a otra, c comparar diferentes sistemas de producción y d evaluar el riesgo de un sistema de producción en el tiempo. A partir de la década del 80, los sistemas hortícolas predominantes de la región pampeana han experimentado cambios, que los hacen más intensivos en cuanto a la inversión de capital y mano de obra y cuya organización está crecientemente delineada bajo los requerimientos de un mercado más exigente en volumen y en calidad definida por atributos visuales. En la década del 90, a su vez, los cambios se orientan a la especialización de cultivos Sánchez, 2010. Algunos elementos como la disminución de productores, la explotación creciente de los trabajadores, la contaminación de los alimentos y el ambiente sugieren que es relevante evaluar el grado de sustentabilidad de los sistemas hortícolas. En este trabajo se presenta una metodología tendiente a evaluar la sustentabilidad de sistemas agrícolas hortícolas a nivel de predios en el sureste de la Provincia de Buenos Aires. Para ello se pone a prueba su posible aplicación utilizando seis casos de estudio. La metodología se basa en una adaptación de la propuesta realizada por Sarandón et al. 2006. Para ello se indagan indicadores correspondientes a tres dimensiones: la económica, la ecológica y la socio-político-cultural."
t2_pos_000045;contribucion;contribucion;;79386595.txt;doc_79386595_sec03_chk05;9078;CONC;positivo_planb_alto;explicito_propio;683;"Una vez puesta La hija de Celestina en su contexto, atendiendo a sus características genéricas y estilísticas más reseñables, analizados los rasgos principales de las dos esferas sociales que en ella se contraponen, a través de sus personajes representativos, y advertida la enseñanza moralizante que la obra transmite mediante esta contraposición, podemos sacar las siguientes conclusiones. Cabe destacar que nos encontramos ante una obra innovadora, híbrida, que combina elementos de la picaresca con la novela cortesana. Su encuadramiento en un género o en el otro, como anunciábamos al principio del presente estudio, es el gran debate respecto a la obra, y cuenta con diferentes opiniones por parte de la crítica. Si bien es cierto que encontramos en esta narración muchos rasgos de la picaresca, por otro lado la crítica ha señalado repetidamente una característica que parece separarla de este género, y es que la mayor parte de la obra tiene un narrador omnisciente en tercera persona, rasgo que pertenece a la novela cortesana en el caso de la picaresca es un elemento central el narrador en primera persona, el carácter pseudoautobiográfico. Este narrador en tercera persona es más propio de la novela cortesana, cuya influencia advertimos también en los personajes y ambientes aristocráticos que la historia presenta, la trama amorosa aunque se trate de un amor engañoso, del que solo participa don Sancho por su condición de personaje noble, los galanteos... De alguna manera, tal y como los mundos picaresco y cortesano se rozan a través de los personajes de distinta condición social en esta obra, también se rozan los géneros picaresco y cortesano, participando de la narración con elementos característicos de cada uno. En cualquier caso, para unos críticos predomina la estructura de la novela cortesana; para otros, el relato picaresco. En La hija de Celestina se deja un único capítulo el tercero a la pícara, Elena, en el que asumir el papel de narradora. Exceptuando este capítulo, en el que nuestra pícara narra su vida, observamos en todo momento cómo el narrador omnisciente se posiciona con respecto a la narración y a los personajes, mostrando claramente su inclinación ideológica: articula la narración para defender los valores y la actuación de los personajes de la esfera aristocrática, a la que, en definitiva, va dirigida la novela. Así pues, podemos afirmar que esta obra posee un sentido moralizante bastante claro, basado en la exaltación de los valores aristocráticos y en la condena total del mundo picaresco y su forma de vida. Por otro lado, advertimos también claramente su inspiración celestinesca, que ya resuena en el título. Encontramos rasgos celestinescos muy definidos en personajes como la madre de Elena y la vieja Méndez, así como en las referencias a rehacer virginidades, la incorporación de Elena en el mundo de la prostitución, etc. Así, nos encontramos ante una obra innovadora y el paso del tiempo fue enterrada, como la obra de Salas Barbadillo en general, en el olvido por parte del público y de la crítica. Por otra parte, como hemos ido señalando a lo largo de todo este estudio, nos encontramos ante una novela que presenta dos esferas sociales que se articulan como mundos opuestos, el picaresco y marginal y el aristocrático, y nos muestra cuáles son los valores que los representan. El mundo picaresco y marginal se representa mediante el materialismo más absoluto como valor esencial, sin ningún sentido de la virtud, muy en conexión con la idea del antihonor picaresco que viene de la tradición de este género. Mientras tanto, en el mundo aristocrático priman la honra y la sangre noble, valores ensalzados, en definitiva, en la visión moralizante de la obra. En este sentido, cabe también destacar, como ya hemos mencionado a lo largo de este trabajo, la asociación, típica de la época, que se da entre la honra hidalga, el linaje y la pureza de sangre, frente a la que se da entre la villanía, la vileza, el vicio y la ascendencia infame, determinada en cierta medida por la presencia de sangre cristiana nueva como observamos en el personaje de la madre de Elena, cuya ascendencia morisca ya hemos comentado."
t2_pos_000078;contribucion;contribucion;;84115326.txt;doc_84115326_sec01_chk01;0;INTRO;positivo_planb_alto;pasivo_anclado_trabajo;780;El presente artículo se enmarca en el proyecto Microtecnologías y nuevos recursos de sistemas digitales, acreditado por la UNLP y el cual se desarrolla en la UIDET CeTAD, tiene como objetivo exponer el proceso de diseño, síntesis, fabricación y prueba de circuitos microelectrónicos. En primer lugar, se presenta una breve descripción de la microelectrónica digital. Luego, la creación de una biblioteca propia de celdas básicas, con el diseño de compuertas lógicas y de algunos circuitos simples a partir de transistores MOSFET y una lógica CMOS. Todo esto se realiza utilizando herramientas de software incluidas en la suite Tanner EDA, con las cuales se realizan tanto esquemático y layout como las simulaciones necesarias. Por otra parte, para comprender mejor el funcionamiento de este tipo de circuitos, se realiza un estudio más profundo de las capacidades parásitas presentes y de tiempos característicos de las celdas más elementales. A continuación, se muestra el desarrollo de dos circuitos de mayor complejidad, realizados utilizando dos métodos de diseño de microcircuitos diferentes: un detector de secuencia programable usando de celdas estándar, y un conversor analógico-digital ADC del tipo doble rampa hecho con una técnica define todas las reglas de diseño que usaremos y los costos de fabricación. La tecnología se caracteriza principalmente por el ancho de canal de transistor mínimo que permite construir. Esta dimensión y las diferentes limitaciones para cumplir son estrictamente definidas por cada fabricante, puesto que dependen de sus procesos de fabricación. Los tamaños MOSFET y una lógica CMOS. Para la realización de los diferentes diseños, se utilizó una tecnología de 500 nanómetros, siguiendo las reglas de diseño del proceso AMI 0.5 del fabricante. Esta elección se debe a la existencia de un programa educativo del servicio MOSIS de la Universidad del Sur de California, el cual a través de convenios con diversos fabricantes pone estas reglas a disposición de estudiantes y universidades, e incluso facilita la fabricación gratuita de algunos diseños. Una vez definida la tecnología se realiza la planificación floorplaning. Es esencial determinar si el diseño propuesto entraría en el área del chip destinada y poder estimar la densidad de conectores, por lo que en esta etapa se estima el área de los mayores componentes y su ubicación en el mismo. Es importante realizar una evaluación inicial tan pronto como la lógica esté medianamente definida, puesto que las limitaciones de espacio pueden hacer que sea necesario realizar cambios en la lógica y las microarquitecturas. Se trata de un proceso que requiere retroalimentación, la cual produce usualmente variaciones en el planteamiento inicial. Cuando se planifica un diseño complejo, es muy útil realizar una subdivisión jerárquica en bloques y unidades. 452 Electrotecnia 5o Jornadas ITE - 2019 - Facultad de Ingeniería - UNLP La dificultad del planeamiento está en hacer una buena estimación de las áreas de cada unidad sin entrar en el diseño detallado de la misma. Éstos deben tener unas dimensiones previamente determinadas, para poder luego unir los necesarios y armar las conexiones requeridas para los circuitos. Cuando se trabaja en un diseño totalmente personalizado, en cambio, se generan todas las compuertas como un todo, consiguiéndose un diseño mucho más complejo, pero más optimizado. Los diseños presentados en este trabajo se realizan combinando ambos estilos. Teniendo en cuenta las reglas básicas de diseño en microelectrónica son establecidas por cada fabricante dependiendo de sus procesos de producción, se pueden generalizar en los siguientes pasos: 1. Cantidad de capas de metal. 2. Cantidad de capas de polisilicio. 3. Capas para dopar las zonas. 4. Materiales de alta resistencia, capacidad e inductancia. 5. Distancias mínimas de colocación de materiales. Para realizar los diseños, teniendo en cuenta las herramientas accesibles y asiendo hincapié en la formación de conocimientos se realiza un flujo de diseño propio utilizando herramientas de software incluidas en la suite Tanner EDA, con las cuales se realizan tanto esquemático y layout como las simulaciones necesarias 6 Los pasos realizados son: 1. Generación del diseño esquemático del circuito en el programa S-Edit. 2. Simulación de dicho esquemático en el mismo programa. 3. Diseño del Layout del circuito en el programa L-Edit. 4. Chequeo de reglas de diseño. 5. Verificación de correspondencia entre el esquemático y el Layout en la herramienta LVS. Cada paso es recursivo, es decir, se realiza una y se avanza al siguiente paso solo si se logra lo esperado. Caso contrario, debe repetirse. A partir de estas reglas se plantearon los diseños de celdas más básicas: Inversor, Compuerta NAND, Compuerta OR, Compuertas AND y OR, Multiplexor, Transistores de paso y compuertas de transmisión, Tri-estados y Circuitos secuenciales Se presenta, a modo de ejemplo, en la Fig. 1, uno de los diseños realizados y su correspondiente simulación. Fig. 2
t2_pos_000005;contribucion;no_contribucion;;112592570.txt;doc_112592570_sec02_chk02;676;sin_asignacion;positivo_planb_alto;explicito_propio;718;Para el tipo de investigación el presente trabajo será de tipo exploratorio y descriptivo, en base a revisión bibliográfica. La investigación se desarrolla a partir de diversas metodologías de descomposición y sobre la base de la Encuesta de Estructura Salarial, beneficiándose para ello del uso de la encuesta que presenta una mayor cobertura del sector público, la correspondiente a 2010. Un rasgo adicional destacable de esta fuente de información es que incluye microdatos emparejados empresa-trabajador, un tipo de datos que ha facilitado un análisis más profundo y pormenorizado en todo lo relacionado con el impacto de la determinación de los salarios, pero cuyo empleo en el análisis de las diferencias salariales entre el sector público y privado ha sido muy reducido hasta el momento. Así, entre otras circunstancias, los mismos permiten examinar apropiadamente la contribución a dichas cuenta suficientemente en este tipo de análisis. La base de datos utilizada es la Muestra Continua de Vidas Laborales MCVL. Esta se construye a partir de los registros administrativos de la Seguridad Social, de los que se extrae una muestra representativa equivalente al 4 de la población registrada es decir, alrededor de 1,1 millones de individuos, que se sigue cada año desde 2015. La muestra se complementa con información salarial procedente de registros fiscales. La muestra incluye trabajadores asalariados del Régimen General de la Seguridad Social con edades comprendidas entre los 25 y los 54 años de los que se dispone información salarial de sus registros fiscales. La variable principal del análisis es el salario real por hora trabajada y se construye combinando la información salarial individual procedente de los registros fiscales con la información sobre días de trabajo anuales de cada individuo según los registros de la Seguridad Social y la información sobre horas de trabajo procedente de la EPA. La revisión se basa en el estudio documental orientado a obtener informaciones puntuales. Se han utilizado obras y artículos de autores dedicados a la materia para contextualizar el estudio y facilitar la comprensión de los datos. En primer lugar se llevó a cabo una búsqueda en Google académico de documentos y guías de relatos y testimonios publicados por diferentes sociedades y asociaciones profesionales tanto en España como en el contexto internacional sobre recomendaciones de cribado visual. Esta búsqueda se hizo tanto en español como en inglés. Posteriormente, se realizó una búsqueda de revisiones bibliográficas de la literatura científica sin límite de fecha, e incluyendo artículos tanto en inglés como en español. Para la búsqueda de estudios originales se consultó las bases de datos Cindoc, mediante ecuaciones de búsqueda. Asimismo, se ha realizado una búsqueda sistemática en bases de datos electrónicas en español e inglés, Google Académico. Scielo ALCORZE De estas bases de datos se han seleccionado varios documentos que se encontraban a texto completo, con distintas palabras claves mencionadas. la palabra clave, también se han utilizado en algún momento para delimitar la búsqueda únicamente a uno de los dos tipos de tratamiento. En segundo lugar se han servido para buscar a la vez artículos que únicamente hablaran del tema a desarrollar. Por último también han servido para conseguir mayor especificidad y sensibilidad en la búsqueda. A partir de examinar distintos estudios publicados y referidos de forma directa o trasversal al tema que ocupa el trabajo y teniendo en cuenta el momento en que realizaron, se intenta dar una correcta explicación en donde sean fácilmente reconocibles las características necesarias que puedan permitir conocer sus perfiles, motivaciones, etc. A la vez que se hace eco de los métodos más adecuados para resolver el problema. Con dicha búsqueda se ha localizado y recuperado textos relacionados directamente con los objetivos planteados de nuestra investigación yo que contenían algún aspecto que aclaraba, ampliaba y concretaba contenidos de los diversos epígrafes del presente estudio. Estrategia de recogida de información. Para la realización del trabajo se realiza en primer lugar una revisión bibliográfica sobre la temática. Para ello se utiliza bibliografía en formato de libro o electrónico, artículos científicos, de revistas, páginas especializadas en internet... posteriormente se realizará una recogida de datos. Los criterios de inclusión han sido: -Artículos de comparación. -Artículos publicados y estudios hechos en inglés. -En cuanto al diseño de los artículos, se han incluido las revisiones bibliográficas, meta-análisis y revisiones. Los criterios de exclusión han sido: - Artículos sin relación directa.
t2_pos_000060;contribucion;contribucion;;82315421.txt;doc_82315421_sec01_chk01;0;INTRO;positivo_planb_alto;explicito_propio;608;Un reciente estudio de United Nations Department of Economic and Social Affairs 2018 informa que un 55 de la población mundial vive en zonas urbanas, ubicando a Latinoamérica como la segunda región del mundo con la mayor tasa de urbanización 81. El consumo de recursos y energía, y la generación de residuos, en torno a las ciudades genera un deterioro de la calidad del aire entre otros problemas ambientales urbanos 1. La exposición continua a elevados niveles de contaminantes atmosféricos provoca efectos adversos sobre la salud de la población. Se estima que la contaminación del aire causa el 36 de las muertes por cáncer de pulmón, el 27 de los infartos al corazón, el 34 de los accidentes cerebrovasculares y el 35 de las muertes por insuficiencias respiratorias 2. Por otra parte, se ha encontrado un vínculo entre la mala calidad del aire y el cambio climático que expone a gran parte del planeta de desastres ambientales 3. En este sentido, resulta sumamente importante contar con sistemas continuos de vigilancia que den cuenta de la gravedad de la calidad del aire y que brinden información clara para la toma de acciones 4. El material particulado MP es una mezcla de partículas sólidas y líquidas de distintos tamaños que se encuentran suspendidas en el aire. El MP de menor tamaño, con diámetro constituye un peligroso agente carcinógeno 5. Los niveles de MP se ven influenciadas por factores naturales y antrópicos, como son la temperatura, la humedad y la ubicación, entre otros 6. La elevada variabilidad espacial y temporal que posee el MP en el aire urbano convierten a su monitoreo en un interesante desafío. El surgimiento de protocolos de comunicación de bajo consumo y con altas prestaciones, junto a los últimos avances en hardware, establecen un óptimo contexto para el desarrollo de redes inalámbricas de sensores WSNs para el monitoreo y la vigilancia. Sin embargo, el uso de las redes WSN en el máximo 7. El desarrollo de sensores de bajo coste aparece como una posible solución a la necesidad de redes altamente densificadas. La posibilidad de adquirir dispositivos pequeños, económicos y portátiles, puede mejorar ampliamente la capacidad para caracterizar las concentraciones de MP en distintos puntos y de forma simultánea 8. Como limitación de esta tecnología, en el mercado se presentan una gran variedad de equipos de diferente gama, cuyas mediciones pueden tener distintos niveles de calidad 9. En Argentina existen estudios previos que dan cuenta de la calidad del aire en zonas urbanas 10 11 y de los efectos en la salud de la población 12 13. Sin embargo, son pocas las ciudades que presentan un monitoreo sistemático en el tiempo y únicamente la Ciudad Autónoma de Buenos Aires cuenta con una red de monitoreo continuo de la calidad del aire, desconociéndose la calidad del aire para la mayoría de las áreas urbanas de Argentina. Desde el enfoque del internet de las cosas IOT, distintos trabajos muestran la potencialidad de las redes LoRaWAN con sensores portátiles para desarrollar sistemas de alerta temprana para la gestión de la calidad del aire 14 15. Mediante la tecnología de detección a distancia, la conectividad, el procesamiento de datos y la generación de información de fácil interpretación, es posible generar redes de monitoreo que contribuyan en la transformación de las áreas urbanas a ciudades inteligentes 16. En base a esto, en este trabajo compartiremos una solución bajo el paradigma IOT para smart cities atacando la problemática de la calidad del aire. Se propone un sistema de monitoreo de la calidad del aire basado en una red LoRaWAN con sensores portátiles, tomando como caso de aplicación la ciudad de La Plata, Argentina.
t2_pos_000084;contribucion;contribucion;;86472543.txt;doc_86472543_sec02_chk02;995;sin_asignacion;positivo_planb_alto;explicito_propio;638;El modelo de ciudad urbótica propuesto en este trabajo presupone tres acciones indispensables. Cada una de las cuales aporta al modelo una característica fundamental para alcanzar el objetivo final: mejorar el funcionamiento de las ciudades respecto a la actualidad y definir las base de partida para nuevos modelos de planificación y gestión urbana en contextos altamente tecnificados. El uso de automatismos, como demuestra la psicología es un fenómeno humano bastante difuso, que al superar ciertos limites se convierte en disturbo o enfermedad. Algunos formas de automatismos conocidos por todos son el escribir, manejar un vehiculo o correr. Una vez conocida la acción se la puede repetir casi sin pensar. Los automatismos artificiales encuentran gran desarrollo desde la revolución industrial, trasformando acelerando la lógica del proceso productivo y económico, en primer lugar, y social como efecto indirecto. Desde entonces hemos incorporado un sinnúmero de automatismo a nuestras vidas, y su evolución ha condicionado enormemente el funcionamiento de la sociedad. Las ciudades fueron incorporando aisladamente automatismo con diversas formas y utilidades. Un ejemplo simple que nos servirá para describir su evolución es el semáforo. El primer semáforo moderno fue creado en 1914 y hasta 1922 funcionaron manualmente primero a Cleveland, donde fue construido, y luego a New York. Desde entonces comienzan a funcionar en forma automática con el utilizo de un timer interno. En pocos año se difundió en las principales ciudades europeas estableciendo una convención reconocida internacionalmente sobre el color de las luces. Es interesante notar que gran parte de los semáforos actuales mantienen el mismo nivel de tecnología de los primeros modelos automáticos. Solo en los últimos años se comienza a implementar innovaciones tecnológicas al funcionamiento de los mismos. Luego del automatismo simple, que da una respuesta idéntica en un tiempo preestablecido, se pasa a un tipo de automatismo que podemos llamar avanzado. El elemento de innovación del automatismo avanzado es el incremento de las fuentes de ingreso de información que determinarán su que incorpora nuevos impulsos provenientes del exterior del sistema. Volviendo al ejemplo de los semáforos, podemos citar los semáforos tele-comandados. El mayor uso de este tipo de automatismo lo encontramos en los semáforos peatonales. Si bien se conocen casos de semáforos tele-comandados extensa, y su uso ha sido muy limitado. El automatismo avanzado es el primer paso de una revolución que acelerará enormemente el pasaje del automatismo a la inteligencia. De hecho en inglés se utiliza le termine intelligent automation para referirse a esta ultima fase de desarrollo del automatismo. El automatismo inteligente puede ser considerado como la materia prima de nuestro modelo. Es a partir de este tipo de aplicación tecnológica que podemos desarrollar un discurso sobre la urbótica. Los automatismos inteligentes a diferencia de los relaciona con situaciones anteriores de manera tal de responder con la acción que mejor resuelve la solicitación del contexto externo. Si bien el ejemplo del semáforo es extremadamente simple como para demostrar el potencial funcionamiento del automatismo inteligente, es útil para comprender el funcionamiento básico. Los semáforos inteligentes existentes representan una componente de los que se llama Sistema semáforo automático avanzado. El semáforo inteligente recoge información del contexto, identifica presencias y las clasifica por tipología: ambulancia, policía, transporte público de pasajeros, vehículo particular, bus escolar, peatones, ciclistas, vehículos acumulados en el caso que se formen filas y decide el tiempo y la precedencia de los atravesamientos para reducir o eliminar el tiempo de espera y posibles accidentes. En el modelo que proponemos, el semáforo inteligente forma parte de una red de información que le permite tener en cuenta, además, información sobre todo el sistema de la viabilidad de la ciudad en tiempo real. De este modo problemas aislados accidentes, manifestaciones, conciertos, obras publicas, etc. son resueltos con respuestas sistémicas que aumentan las posibilidades de intervención reduciendo o evitando los prejuicios en otras zonas de la ciudad.
t2_pos_000087;contribucion;contribucion;;86793654.txt;doc_86793654_sec04_chk07;5495;DISC;positivo_planb_alto;explicito_propio;573;Ahora pasamos a analizar los resultados más destacados, teniendo en cuenta los objetivos de la investigación. En primer lugar nos planteábamos si los Grupos Interactivos transforman a todos los alumnos en sujetos más activos. Es decir, si los niños son capaces de seleccionar los contenidos importantes, clasificarlos, valorarlos y emitir una respuesta razonada. Pues bien, tras este estudio hemos podido comprobar que esta estrategia desarrolla niños más autónomos y participativos, ya que son ellos los que deben buscar soluciones a las actividades planteadas. El hecho de que los alumnos se encuentren solos, pues únicamente cuentan con el apoyo de sus compañeros, les proporciona la sensación de ser los dueños de su aprendizaje. A través de los GI los alumnos se convierten en sus propios maestros, ya que son los encargados de organizarse y trabajar cooperativamente para conseguir solucionar el ejercicio. Tal como tenemos anotado en los registros de observaciones, en todas las sesiones se han cumplido los ítems relativos tanto a la participación del alumnado como el aspecto relativo al trabajo grupal. Del mismo modo, realizar varias actividades de corta duración y cambiar de voluntario favorece la actitud dinámica de los escolares, pues les obliga a permanecer siempre atentos y centrados en el trabajo. Esto ocasiona resultados muy positivos, como que los niños aprendan durante toda la sesión, a la vez que la clase transcurre más rápida para la mayoría de ellos. En ese sentido Ania Ballesteros 2011, una alumna de 10 años cuyo colegio es una CA, defendió en Bruselas en la jornada Includ ed sobre fracaso escolar e inclusión social que a través de los GI: Los alumnos aprendemos más y la clase pasa más rápido, y si algún niño tiene alguna duda la resolvemos en un segundo, además apuntó es mucho más divertido trabajar en los GI porque aprendemos más que en una clase normal la mayor parte del voluntariado comenzó asistiendo solamente al aula de sus hijos y actualmente participan en los GI de varias aulas y en otras actividades de éxito, como los tutores lectores. Como ejemplo basta citar el caso de una madre algo escéptica al principio, y al quedarse desempleada comenzó a implicarse más en el proyecto. El día de la asamblea afirmó: actualmente, participo en la biblioteca tutorizada de cuarto de Primaria, como tutor lector en segundo de Primaria y en los GI de Infantil, y en segundo, tercero, cuarto y sexto de Educación Primaria 1OAL4143. También la complicado porque al empezar más tarde que mis compañeros, ya habían muchos padres ilusionados y con ganas de empezar 1ETIL1920. Continuando con el segundo objetivo del estudio, el trabajo en equipo, propio de esta actuación de éxito, fomenta la interacción y el diálogo entre los estudiantes. Cabe destacar que se cumple así una de las principales finalidades de los GI, que es introducir en el aula el máximo de interacciones posibles para que los alumnos aprendan lo necesario para poder enfrentarse con éxito a los desafíos que encontrará en nuestra sociedad. El diálogo es tan fluido entre los alumnos que, como apuntaba el maestro de primaria en su entrevista, llegan a sorprender: también el caso de otros grupos, hasta su madre se sorprendió 1ETPL5860. Hemos podido observar que el éxito se debe a la acción de las personas voluntarias que fomentan la participación y la relación entre los miembros de los equipos. Además la dinámica de esta estrategia, es decir, que cada veinte minutos cambien de actividad
t2_neg_000092;no_contribucion;no_contribucion;;86761739.txt;doc_86761739_sec05_chk03;3063;RES;negativo_dificil;senal_contrib_no_propia;356;El SERCE es una evaluación del desempeño de los estudiantes realizada en América Latina y el Caribe. Es organizado y coordinado por el Laboratorio Latinoamericano de Evaluación de la Calidad de la Educación LLECE y se enmarca dentro de las acciones globales de la Oficina Regional de Educación de la UNESCO para América Latina y el Caribe OREALCUNESCO Santiago. Las principales actividades del mencionado el PERCE, Primer Estudio Regional Comparativo y Explicativo implementado durante el año 1997. El SERCE evalúa el desempeño alcanzado por estudiantes latinoamericanos de 3o y 6o grados de Educación Primaria en Lenguaje Lectura y Escritura y Matemática, mientras que la evaluación de Ciencias se lleva a cabo sólo en 6o grado de Educación Primaria. Asimismo, el SERCE recoge información sobre los estudiantes y sus familias, los docentes, los directores y las escuelas, la cual permite identificar y comprender qué factores tienen mayor incidencia en los desempeños estudiantiles. El estudio cuenta con la participación de dieciséis países. Argentina participó del SERCE habiendo sido incluidas en el estudio 167 escuelas. Fueron evaluados 6663 estudiantes Características de la evaluación del desempeño en lectura de los alumnos de 6o grado de Educación Primaria Para evaluar los desempeños de los estudiantes, el SERCE utiliza pruebas referidas a contenidos comunes en los currículos oficiales de los países de la región y al enfoque de habilidades para la vida promovido por la UNESCO. Éste considera que la escuela debe promover conocimientos, habilidades, valores y actitudes que sirvan a los estudiantes para participar activamente en la sociedad, como individuos y como ciudadanos. El establecimiento de los contenidos comunes se llevó a cabo a través del análisis de los currículos de cada país, de los principales textos escolares y los instrumentos de evaluación que se utilizan en los distintos países participantes del estudio. En la revisión curricular realizada por el SERCE en lo relativo a la lectura, se observó que los distintos currículos ponen el acento fundamentalmente en la comprensión de textos asociada a las competencias comunicativas y en la diversidad textual. Es por esto que la prueba del área de Lectura elaborada se basa en lo que se considera una
t2_pos_000062;contribucion;contribucion;;82320207.txt;doc_82320207_sec04_chk06;8479;CONC;positivo_planb_alto;explicito_propio;622;"Concretamente, y en lo relativo al primer cuestionamiento que motiva esta investigación, lo sucedido en el aula, si bien responde a una metodología tradicional mencionada en el PA, en seleccionados. El MGPC presenta una postura pedagógica crítica basada en una concepción relacional del sujeto pedagógico, cuyo pilar es el vínculo entre los actores de la educación en relación con el curriculum y los contenidos que este prescribe. Estos sujetos sociales complejos, lejos de entenderse como entidades homogéneas, se constituyen como identidades plurales y diversas -infantiles, juveniles y de adultos-, y por lo tanto, conforman múltiples maneras de ser docente y de ser alumno. Contrariamente, en el aula se visibilizó un constante etiquetamiento por parte del docente, destacando las falencias de los alumnos a partir de un prototipo ideal; la inexistencia de un vínculo pedagógico entre docente y alumnos y la culpabilidad a éstos últimos del fracaso en los aprendizajes. En relación al conocimiento, el MGPC lo concibe como aquellos significados construidos y consensuados socialmente, de carácter provisorio, problematizado y cuestionable. Desde esta sobre la potencialidad de las imágenes en sí mismas, sino que simplemente se las utilizó como medio de inspiración para la creación de una corta narración que concluiría en una producción visual. Asimismo, y teniendo en cuenta que proponer un ejemplo es proponer una visión de tampoco se articularon los contenidos abordados con el contexto actual de los alumnos. Otra situación que afirma un desfasaje entre lo teórico prescriptivo y los que sucede en el aula tiene que ver con el hacer del docente. Las distintas intervenciones del mismo consistían en meros retos disciplinarios más que en la proposición de disparadores que generen espacios de pensamiento y debate y que promuevan el trabajo en la clase. Asimismo, el docente lejos de actuar como un agente crítico, se posicionaba desde la dirección y el condicionamiento de las producciones de los alumnos, contrariando lo expuesto por Jorge Fasce al mencionar que pueda salir de los alumnos deberían expresarlo ellos. Fasce, 2007:4. LA ENSEÑANZA UNIVERSITARIA A 100 AÑOS DE LA REFORMA: LEGADOS, TRANSFORMACIONES Y COM- PROMISOS. MEMORIAS DE LAS 2o JORNADAS SOBRE LAS PRÁCTICAS DOCENTES EN LA UNIVERSIDAD PÚBLICA. Finalizando, y como posibles respuestas a la pregunta inicial, creemos que quizás el desfasaje entre lo teórico y lo práctico se debe, en parte, a la inexistencia de responsabilidad pedagógica democrática, en tanto el mismo se constituye como garante del derecho a la educación y al aprendizaje. Otro factor influyente podría ser la hegemonía del modelo pedagógico tradicional en las trayectorias escolares de los propios docentes, que comprende un largo período en la vida de los sujetos, y que, en cierta medida, condiciona el accionar de los mismos, quienes quizás, de manera inconsciente reproducen lo que vivenciaron siendo alumnos en el devenir de las clases. Para concluir, queremos resaltar la importancia del compromiso docente en la construcción de subjetividades e identidades y en la formación de un ciudadano democrático, crítico y reflexivo. Al mismo tiempo, creemos que es fundamental la existencia de un diálogo constante y de un vínculo afectivo entre todos los sujetos implicados en la situación pedagógica, y para ello, escuchar las demandas e intereses de aquellos a quienes se enseña. Asimismo, consideramos de suma importancia la formación de todo docente en el campo específico de la didáctica, sin dejar de ser siempre un investigador de las áreas en las que se desempeña. Consideraciones todas que favorecen e incitan la construcción colectiva de conocimientos en nuestra sociedad contemporánea, multicultural y diversa. El ser docente conlleva implícito la creatividad, la capacidad crítica y un compromiso ético-político, en este sentido, coincidimos con Duschatzky en que todo docente debe: Agudizar una sensibilidad para moverse en el caleidoscopio de las oportunidades Duschatzky, 2005:3."
t2_pos_000088;contribucion;contribucion;;86794859.txt;doc_86794859_sec09_chk04;8523;CONC;positivo_planb_alto;explicito_propio;333;"una población extremeña, observamos que los estudiantes bilingües muestran una mayor viajar al extranjero con el objetivo de practicar el idioma. Una posible justificación podría deberse, tal y como sugiere este autor, a que la exposición significativa, inconsciente y comunicativa al idioma inglés favorecida por los programas bilingües tiene efectos positivos en la actitud del alumnado hacia el idioma, haciendo que los sujetos bilingües desarrollen una mejor actitud que los monolingües. Por este mismo motivo encontramos también que el semanales en inglés, considera que el inglés es fácil, mientras que más de la mitad de la muestra monolingüe lo considera difícil. Este hecho está estrechamente relacionado con los resultados que arroja la investigación llevada a cabo por Martínez 2019 de nuevo en alumnos extremeños, donde se observa que el grupo bilingüe obtiene mejores resultados tanto en comprensión como la opinión del alumnado respecto a la utilidad de la lengua en términos de significación estadística, encontrando que casi la totalidad de la muestra tanto bilingüe como monolingüe son conscientes de los beneficios que les reportará el inglés a lo largo de sus vidas. En definitiva, los resultados de los análisis realizados muestran cómo la mayoría de los estudiantes perciben las ciencias y el inglés como materias útiles en su futuro, mientras que también se aprecia cómo la enseñanza bilingüe en inglés puede llegar a afectar la actitud del sea más positiva que la de los bilingües, y la actitud hacia el inglés sea más positiva por parte del alumnado que participa en programas bilingües que por parte de los que siguen un modelo de enseñanza tradicional. En este punto consideramos necesario señalar que, como sucede en toda investigación, el presente trabajo presenta algunas limitaciones que han podido condicionar nuestro estudio. Dada la importancia de los contextos sociales en el proceso de enseñanza y aprendizaje del idioma Alejo y Piquer-Píriz, 2016; Martínez, 2020, consideramos que la falta de información relativa a la situación económica y sociocultural de las familias supone una de las principales"
t2_neg_000064;no_contribucion;no_contribucion;;82309527.txt;doc_82309527_sec02_chk02;434;BACK;negativo_dificil;senal_contrib_no_propia;374;Los datos cuantitativos acerca de la población senegalesa residente en Argentina fueron extraídos de las investigaciones realizadas por Gisele Kleidermacher 2012 quien, a su vez, utilizó datos y cifras provenientes del Censo Nacional de Poblaciones, Hogares y Viviendas del año 2011. Pero dado que esta encuesta registra la totalidad de africanos en el país sin desagregar por país de procedencia, es en extremo valorable el trabajo de cuantificación de la población específicamente senegalesa que llevó adelante esta autora. En cuanto a la caracterización del colectivo estudiado, nos basamos en las investigaciones de Zubrzycki y Agnelli, cuyos trabajos detallan ciertas particularidades propias de este colectivo de migrantes: nivel socio económico, rango etario, religión, etnia, forma que adopta su migración, llegada al país de destino. En este sentido, tomamos también datos recolectados por Arduino 2011 acerca de la escolarización con la que cuentan los migrantes senegaleses. Al mismo tiempo, destacamos el recorrido cronológico que realiza Zubrzycki para contextualizar la migración actual de sujetos senegaleses como parte de una historia de desplazamientos que se remonta a varias décadas atrás. Massey, Arango, Graeme, Kouaouci, Pellegrino, Taylor aportan a este aspecto la idea de que las migraciones desde países con economías dependientes están determinadas por el lazo que los une con las ex metrópolis. Retomando las contribuciones de Kleidermacher, se destaca su argumentación acerca de las causas de la migración senegalesa hacia Argentina. Para lograr una explicación más completa del fenómeno, sumamos algunos datos señalados por Goldberg que refieren a la dimensión social del mismo. Adherimos también a la definición de esta migración como transnacional y su relación con el concepto de red, siguiendo las ideas elaboradas por Moreno Maestro. Por último, puntualizamos en el hecho de que la inserción laboral de la comunidad senegalesa residente en La Plata es mayoritariamente a través de la venta ambulante de bijouterí. Nos interesa explicar el fenómeno y en función de ello realizamos una división de las distintas dimensiones que contribuyen a que esto sea así. La idea original de esta explicación es sugerida por Kleidermacher en una de sus investigaciones, sin embargo en este aspecto hemos profundizado en la caracterización de las diversas causas. Complementamos nuestra argumentación con información proporcionada por el resto de los autores ya mencionados, en particular Zubrzycki.
t2_neg_000065;no_contribucion;no_contribucion;;82317413.txt;doc_82317413_sec01_chk04;302;INTRO;negativo_dificil;tercero_citado;462;"El movimiento de mujeres: trazo temporal El movimiento de mujeres se sitúa como uno de los movimientos sociales e ideológicos más importantes de los últimos siglos Facio, 1999 Podemos pensarlo como una vanguardia del arte contemporáneo? En este sentido, como pensamiento, teoría crítica, y movimiento social, abarca todos los aspectos de la existencia humana, partiendo desde el nivel político-económico, hasta el orden cultural y simbólico dentro de la sociedad Amorós, 1994. Desde el último tercio del siglo XX ha vertido en diferentes corrientes ideológicas: desde el feminismo de la diferencia Rubio, 1990; Sendón de León, 2000; Franulic, 2015, feminismo de la igualdad Amorós, 1994; 1995; 1997; Puleo, 1994, ecofeminismos Puleo, 2008, hasta los actuales postfeminismos2 Butler, 1990 donde podemos encontrar ciberfeminismos De Miguel y Boix, 2002, entre otros. Pues, son muchos los desarrollos del feminismo, desde políticas de inclusión hasta políticas de la redefinición Amorós, 1997; De Miguel, 2001, esto es, desde la emancipación a la insubordinación, lo cual se puede entender en términos generales como de la igualdad a la diferencia. Vidal 2006 expone que se trata de una escena activa de autodefiniciones simbólicas donde el feminismo, en términos más generales, se inserta en un contexto de paulatina descomposición del orden simbólico ilustrado, occidental y androcéntrico de las sociedades modernas. Para empezar según Hegel, el sujeto solamente se afirma cuando éste se opone Beauvoir, 2017. Esta oposición viene dada a la construcción de Uno y la necesidad 2 El Postfeminismo se refiere a la teoría queer que propuso Butler en los años 90. Según la autora las ideas de sexo, género y sexualidad están cohesionadas y socialmente construidas. Así, los roles de hombre y mujer se trasladan a estas tres categorías y dominan en todas las esferas. Estos roles consisten en una performance continua, que se puede romper sólo saliendo de las mismas categorías. De este modo, Butler 1990 propone romper con los conceptos de hombre y mujer, introduciendo un nuevo concepto queer. de Otro, la alteridad como categoría necesaria en la condición humana. Y quién es Otro? La mujer, la Otra, la oposición, el objeto, la alteridad. Mujer como Otra por la opresión infligida por el Uno, el hombre. Este hecho se ha ido arraigando a lo largo de la historia; la mujer oprimida en sus diferentes contextos históricos figura 3; 4. Proponemos. Captura de pantalla en nid2217193?fbclidIwAR1zxfFbNGtOHZdADcR4suN5vHOWNXLP04UpTGYysqLMrlZEUm7MmmxsO8 Podemos definir las líneas clave de esta opresión empezando por la reafirmación del sujeto, como ya hemos expuesto, la necesidad de constatar otro, para definirse como propio individuo. Otra línea clave sería la importancia del cristianismo que a lo largo de la historia ha estado presente como ente poderoso y esencial de la opresión a la mujer. A estas condiciones se le suma con gran relevancia la biología; la maternidad"
t2_neg_000066;no_contribucion;no_contribucion;;82318215.txt;doc_82318215_sec02_chk03;1011;sin_asignacion;negativo_dificil;tercero_citado;405;aumentan un 260 y pasan a ser 36.390. A su vez esto se puede ver en el aumento de las personas 3 Nos referimos a la metodología de análisis que se realiza mediante una comparación constante, mediante semejanza y diferencias, la codificación de los diversos conceptos producidos en el campo, y a partir de los cuales se realizan diversas abstracciones mediante la construcción de categorías gobernador y su ministro de seguridad los principales operadores para que esta reforma se apruebe. Esta discusión en torno a la desfederalización se abre luego de que el ejecutivo nacional incluía la provincialización de los delitos de tenencia. Este primer proyecto fue presentado por el Ministro de Seguridad, Justicia y Derechos Humanos Gustavo Béliz, y se enmarcó en el Plan integral de seguridad y justicia, que impulsó en ese momento el gobierno de Néstor Kirchner como respuesta a la crisis de seguridad que se desató luego del asesinato de Axel Blumberg4, que se dio en un momento de alza de los secuestros extorsivos sobre todo en la zona metropolitana de Buenos Aires. A partir del asesinato de Axel Blumberg y su instalación mediática se desata un debate muy fuerte en relación a la inseguridad y a los secuestros extorsivos en particular, con numerosas movilizaciones sociales exigiendo justicia. En relación a la crisis de seguridad generada por el caso Blumberg Máximo Sozzo plantea: La Cruzada Axel generó un fuerte impacto político. Tanto desde el Poder Ejecutivo como desde el Poder Legislativo a nivel nacional y provincial especialmente en la Provincia de Buenos Aires, epicentro del caso Blumberg se construyeron consensos que atravesaron los partidos políticos acerca de la necesidad de reaccionar urgentemente frente a lo que se visualizaba como una demanda de la ciudadanía, del público... en favor del endurecimiento policial ypenal 198:2016. En el planteo de Sozzo, este impacto tuvo que ver principalmente con dos cuestiones: por un lado la capacidad de llevar el reclamo de justicia por un caso particular a una demanda general por mayor seguridad, generando un fuerte impacto en los medios y en la clase política, y por otro lado debido a la situación de debilidad política en la que se encontraba en ese momento el gobierno de Néstor Kirchner, en donde resultaba muy medios y los partidos políticos. sancionarían una serie de leyes que incrementaban las penas para varios tipos de delitos5Sozzo, 2016 y se brindaran distintas respuestas para solucionar la crisis de
t2_pos_000077;contribucion;no_contribucion;;84115096.txt;doc_84115096_sec01_chk01;0;INTRO;positivo_planb_alto;explicito_propio;462;"La permanente expansión de la matrícula universitaria así como un contexto global, interrelacionado e interdependiente, competitivo y cambiante, le demanda actualmente a las Instituciones de Educación Superior un rol activo y proactivo para hacer frente a un modelo de sociedad fundado sobre las bases del saber y el conocimiento. En este marco, asegurar la calidad de la enseñanza se transforma en una dimensión ineludible a abordar si se espera que las universidades sean capaces de dar respuesta efectiva a estas a necesidades. Sin embargo, un primer obstáculo se presenta dado que, por tratarse de un concepto polisémico y pluridimensional, existen dificultades para arribar a una conceptualización del término calidad -y a una definición de sus factores determinantes- que logre homogeneizar o congregar las opiniones de todos los agentes involucrados en el proceso formativo. El presente trabajo se propone presentar un análisis descriptivo construido a partir de las opiniones y percepciones de profesores de universidades públicas argentinas acerca de lo que es la calidad de la enseñanza universitaria así como de los elementos que la condicionan. Asimismo se busca constatar si los conceptos declarados y los reales subyacentes en estos docentes sobre la misma se hallan en sintonía o se encuentran en conflicto pues, resulta imperativo, precisar un punto de partida realista que permita comenzar a avanzar sobre programas y estrategias específicas erigidas sobre bases, nociones y visiones compartidas y consensuadas que permitan orientar la acción hacia el mejoramiento de la calidad educativa. Se ha considerado que las percepciones los docentes permiten una aproximación cualitativa a la medición y evaluación de los determinantes bajo análisis, lo cual es definitivamente útil para el diseño de políticas tendientes a optimizar este aspecto del sistema educativo universitario. En este marco, parece justo y razonable atribuirles, un grado de conocimiento y una capacidad de análisis tales que les sitúan en condiciones idóneas para interpretar con acierto cuáles son las variables que actúan como factores de calidad en el proceso de enseñanza y aprendizaje. El artículo se encuentra organizado en tres apartados: el primero plantea el marco conceptual sobre el que se trabajó a lo largo de la investigación y a partir de cual se operativizaron las distintas variables bajo análisis; los objetivos del estudio y la metodología a la que se recurrió para darles respuesta. En una segunda parte del trabajo se exponen los resultados a los cuales se ha arribado en relación a: las concepciones de calidad universitaria a las que mayoritariamente adhieren los encuestados, a los factores determinantes de la misma mencionados conceptos y los condicionantes de la calidad en el contexto de la educación superior. Por último, en la tercera sección, se detallan las reflexiones finales y se dejan planteados una serie de interrogantes para iniciar una discusión sobre esta temática, abierta y constructiva."
t2_pos_000010;contribucion;contribucion;;122388241.txt;doc_122388241_sec03_chk02;9161;CONC;positivo_planb_alto;explicito_propio;484;"A partir de los objetivos de la presente investigación se puede concluir primero que las prácticas del ST de Lean con menor grado de implementación son sistema de jalón, SMED y reducción del tamaño del lote según se confirma con los datos mostrados en la Figura 1 estas prácticas están relacionadas con el pilar del justo a tiempo de acuerdo a los modelos del TSPT Japanese Management Association 1995; Liker y Morgan 2006; Hernández y Vizan Idoipe, 2013; Dennis 2015; Lean Certification Alliance, 2021. Segundo, existe evidencia de que la proporción de PMM que han realizado una adopción parcial de las practicas del ST de Lean es mayor que aquellas que lo han hecho de forma integral Figura 2. Tercero, la proporción de PMM que han realizado una adopción parcial prácticas del ST de Lean es mayor que aquellas que lo han hecho de forma integral con alto grado de implementación en cada una de las prácticas bajo estudio Figura 3. Finalmente, la presente investigación aporta información original sobre el estado que guarda el grado de implementación de las PT de forma parcial e integral de Lean en las PMM en México. Recomendaciones Debido a la importancia que tienen las prácticas del sistema SS sobre la adopción de las prácticas del ST, es importante que los líderes de las organizaciones tener una mayor atención en esas prácticas para favorecer la adopción de las prácticas del ST de Lean. Las prácticas del ST deben enfocarse como un sistema por el grado de interdependencia que tienen las prácticas que lo integran. Lean debe enfocarse desde una perspectiva de cambio organizacional que implica revisar la congruencia que existe entre los supuestos tácitos, filosofía y valores y el sistema socio técnico en donde se manifiestan y realizar los cambios necesarios para lograr esa congruencia y por lo tanto lograr un mejor desempeño operativo. Investigaciones futuras Es importante continuar realizando investigaciones empíricas para comprender las relaciones que existen entre los elementos que componen el sistema socio técnico de Lean. Como el grado de adopción de las prácticas del SS de Lean, la relaciones que tienen los sistemas técnicos y sociales en las PMM que los han implementado. La relación conjunta e independiente que tienen estos subsistemas con el desempeño operativo. Desde el punto de vista teórico es importante estudiar con profundidad los supuestos tácitos que integran a Lean porque estos son los que permiten descifrar el patrón de supuestos tácitos que giran en torno a la organización y permiten interpretar los primeros dos niveles del modelo de cultura organizacional. La falta de comprensión de estos supuestos puede estar generando confusión en esos primeros niveles. Jesús Arturo Chávez Pineda. Adopción parcial e integral de las prácticas del sistema técnico de Lean en la industria maquiladora de manufact... PDF generado a partir de XML-JATS4R por Redalyc Proyecto académico sin fines de lucro, desarrollado bajo la iniciativa de acceso abierto 45"
t2_pos_000012;contribucion;no_contribucion;;122474830.txt;doc_122474830_sec01_chk01;0;INTRO;positivo_planb_alto;explicito_propio;729;"Es muy común plantear factores determinantes de contaminación y entre ellos ubicar aquellos que se relacionan con la contaminación acústica. Sin embargo, cuando se hace el ejercicio refexivo de observar las aulas de clase o incluso preguntarse por lo que pasa en una institución educativa, es inevitable hacerlo alreal hablar en ciertas condiciones con otros, junto con las actividades que se plantean como parte del proceso mismo de enseñanza aprendizaje, empieza a convertirse en factores que generan ruido y que, igualmente, pueden perturbar u obstaculizar el desarrollo adecuado del acto de aprender, al afectar el clima de aprendizaje. Por ello, cabe preguntarse: En qué condiciones el ruido se convierte en un aspecto naturalizado de nuestra forma de relacionarnos en El ser contaminante, se relaciona directamente con la perturbación que puede generarse en las distintas actividades que surgen en los grupos, que interfere directamente la comunicación hablada, as- El ser contaminanpecto fundamental para la convivencia, máxime, cuando es en el aula, pero que este ámbito de lo en las distintas relacional, sino que actividades que a nivel individual, puede perturbar el sueño, el descanso, la relajación, impe- el aula? Se parte del concepto de ruido como aquello, que además de ser o constituirse en un sonido molesto, genera efectos fsiológicos y psicológicos nocivos para una o más personas que comparten un mismo escenario y que, por ende, puede ser visto como un contaminante auditivo Flores-Domínguez, 2009. proceso. Sólo se empieza a darle importancia cuando se tiene algún tipo de complicación auditiva, por ejemplo, cuando difculta comprender programas en la teleclaridad de las palabras que pronuncia otra persona, además de empezar a hablar con un tono más alto de lo usual. Podemos oír lo cual se puede estar ante el inicio de la sordera y la aparición de la fatiga auditiva como lo expresa Freirs 2009. lo que se escucha o incluso de oír, sino todo aquello que puede estar asociado a su alrededor, como la falta de equilibrio, la irritabilidad, la ansiedad, las alteraciones del ritmo surgen en los grupos, que interfere directamente la dir la concentración comunicación hay el aprendizaje, blada Por supuesto, hablar del ruido, nos encausa a hablar de la experiencia subjetiva del mismo, puesto que un mismo ruido puede indisponer a unos y ser indiferente para otros. Sin embargo, puede ser que escudados en ese aspecto subjetivo simplemente se toma como un proceso natural la presencia misma del ruido Freirs, 2009. En este artículo se presenta algunos aspectos que han llevado a invisibilizar el ruido como factor contaminante en la interacción que surge dentro y fuera del aula, y donde el docente lo ha caracterizado como parte de la naturaleza comunicativa en sus estudiantes e, incluso, como parte de su forma de relacionarse con ellos. Oír sin entender Parte de la afección que ocasiona el ruido es invisible cuando se conversa con otro mente los mecanismos involucrados en este En cuántas ocasiones sentimos estrés, o nos en la actividad que se realiza o simplemente, cuando de manera repentina experimentamos una pérdida de energía frente a las tareas que se realizan; por ello, al momento de hacerlo se estamos lleno de tantos sonidos que, se presta más atención a la conversación de otro, a las actividades que realizan los demás o incluso, a sonidos que están fuera del escenario donde se realiza para propiciar estados de cansancio y tensión que, incluso, pueden conllevar a enfermedades de tipo nervioso y cardiovascular Frers, 2009. te, se relaciona directamente con la perturbación que cardiaco, la falta de concentración y el desorden del sueño que trae consigo la predisposición a padecer trastornos psiquiátricos. dicha tarea, o se podría simplemente estar en una actividad lúdica recreativa donde todos gritan por la emoción de lo que pasa en la actividad, pero, en la cual es más difícil docentes, la Se podría estar frente a la contaminación acústica, ser parte de ella, sentirse enfermos, agotados y así preguntarse sobre el por qué se experimenta esas sensaciones lograr que los participantes sepan a ciencia cierta lo que la actitud y la ap- Se podría estar frente a la contadeben y se espera minación acústica, salud mental, la satisfacción en el trabajo y el estrés en la ocupación de los docentes expresan que el tiempo de dedicación es relevante puesto que según éste, se reporta más estrés sólo la actitud y la aptitud sino tam-"
t2_pos_000082;contribucion;contribucion;;85697804.txt;doc_85697804_sec01_chk01;16;INTRO;positivo_planb_alto;explicito_propio;491;Las tensiones surgidas por el uso de la tierra en el Alto Valle de Río Negro y Neuquén adquieren cada vez mayores dimensiones y convocan a reflexionar sobre los procesos que en ella transcurren. En dicha región existen núcleos urbanos de servicios e importantes áreas rurales capital intensivas en las cuales se desarrollan y coexisten distintas prácticas, actores e infraestructuras., Conviven allí actividades esparcimiento, rutas y caminos y una importante red de riego y drenaje que atraviesa distintas ciudades y zonas rurales. Estos diversos usos generan diferentes niveles de conflicto Urraza et al. 2013. El crecimiento, en los últimos años, de superficies destinadas a la producción animal, forrajes y horticultura, en reemplazo de los montes frutales tradicionales, plantea interrogantes y desafíos respecto a: la sustentabilidad ambiental y económica, al uso del agua y la eficiencia del sistema de riego gravitacional del Valle, la instalación de nuevas prácticas agrarias, entre otros aspectos. Pero las principales tensiones en el uso del espacio están dadas por la rurales: la explotación de hidrocarburos y la ocupación del suelo agrícola por urbanización. La fruticultura ha delineado desde principios del siglo XX la producción del espacio y por ende, la generación de infraestructura en la región. Sin embargo, en van imponiendo nuevos patrones de desarrollo, situación que modifica la configuración del territorio y las convierte en elementos de análisis obligado a la hora de estudiar cualquier fenómeno regional. El territorio productivo se repliega y hay amenazas crecientes de una importante pérdida de calidad de suelo y de agua. Se trata de un dilema local que se configura en torno a políticas nacionales y tendencias globales, con impacto directo en el territorio política energética, productiva, macroeconómica y a una economía regional básicamente frutícola, que tiende cada día a una mayor concentración, a una profundización de la brecha tecnológica y a la expulsión de actores del sistema. El presente trabajo desarrolla los modos y los principales impactos generados por la urbanización creciente de tierras agrícolas en el Alto Valle rionegrino. Aborda los desafíos y los riesgos que plantea la presencia de la y recursos con la producción de peras y manzanas- y por último, la forma en que, junto a una disminución de la fruticultura regional, se vislumbran modelos de desarrollo en disputa y fuertes tensiones derivadas que tendrán que dirimirse en los próximos años. Ante la falta de información local fundamentalmente estadística relacionada a los procesos que se desarrollan en los espacios rurales este trabajo también representa un aporte descriptivo sobre la situación vinculada al uso del suelo en la región. Se utilizaron diversas fuentes tales como periódicos locales, artículos de opinión, artículos científicos, informes estadísticos y técnicos, leyes y ordenanzas. Y se realizó un exhaustivo trabajo de campo con entrevistas en profundidad a actores clave tales como desarrolladores urbanos, operadores inmobiliarios, productores, personal de organismos de riego y funcionarios municipales y provinciales con cargos tanto técnicos como políticos. Un territorio en transición: la fruticultura y sus devenires
t2_neg_000077;no_contribucion;no_contribucion;;84088628.txt;doc_84088628_sec02_chk13;8083;INTRO;negativo_dificil;tercero_citado;355;"Expresiones que retratan la vida como un viaje: I m still a long way from my goal, similarmente arraigadas en la narrativa bíblica. Como señaló acertadamente el crítico literario canadiense Northrop Fyre expresiones y es más, en la mayoría de la literatura o el arte occidental, sin haber conocido directa o indirectamente las historias bíblicas originales. Estos son los dominios de origen para muchos de los conceptos abstractos que usamos hoy en día para juzgar y hablar sobre las acciones humanas, otorgando un tipo de significado metafísico implícito y valor a la vida cotidiana. Todas las historias míticas son, de hecho, meta-símbolos extendidos de la terceridad. Esto permite representar entidades sobrenaturales y míticas en términos de imágenes humanas, con formas corpóreas y emociones humanas. El uso de los meta-símbolos se hace extensivo al razonamiento científico. A menudo la ciencia menciona cosas que zas gravitatorias, campos magnéticos, etc. De este modo los científicos usan sus conocimientos metafóricos para echar un vistazo, por así decirlo, a estas cuestiones ocultas. Esto explica por qué se dice que las ondas ondulan a través del espacio vacío tal como las ondas del agua se enrulan en un estanque tranquilo; los átomos saltan de un estado cuántico a otro; los electrones viajan en círculos alrededor de un núcleo atómico; etc. El poeta y el científico usan del mismo modo el razonamiento metafórico para extrapolar una sospechada conexión interna entre las cosas. Las metáforas son porciones de la verdad, son evidencias de la habilidad humana para ver el mundo como un organismo coherente. La presencia de meta-símbolos puede ser encontrada, además, en los fenómenos gramaticales. El lingüista Ronald Langacker 1987,1990 ha formulado una teoría de la gramática sugiriendo que ciertos aspectos de la oración son, de hecho, generados por lo que podría ser designado como un sistema metaformal reflexivo metaformal reflex system construido desde el pensamiento del dominio de origen. Los sustantivos, por ejemplo, reconstruyen una región en el espacio mental por ejemplo, un sustantivo contable es imaginado como refiriéndose a una región delimitada, mientras que un sustantivo incontable es visualizado como refiesta manera, el sustantivo agua obtiene"
t2_neg_000072;no_contribucion;no_contribucion;;82322081.txt;doc_82322081_sec06_chk07;3964;RES;negativo_dificil;senal_contrib_no_propia;485;"De la comparación de las superficies totales de las viviendas, en su conjunto y por tipología, se observa que las de 3 AMB son las que más varían su superficie hasta un 56,6 de la superficie promedio de la tipología; mientras que las tipologías de 2 AMB son las más estables 8,7 del promedio de la tipología; la variación máxima en 1 AMB es del 35 del su promedio. Si consideramos la totalidad de los casos el promedio de variación con respecto al promedio equivale al 76,1 variación máxima Es importante el agregado de una nueva denominación de cada tipología en base a la cantidad de para las VZAC siguiendo esta clasificación; y en segundo lugar, porque la variación de sus superficies corresponden en general a la aparición de espacios extras, difíciles de encuadrar en una denominación específica, pero que indudablemente hacen sus aportes a los EE, y que muchas veces son producto de alguna modificación realizada. En la vivienda más grande, lo que antes era un Lavadero-secado y una Expansión, hoy se han incorporado al EE: un escritorio y un patio de invierno expansión interior. A su vez, se integran a la circulación recorrido. Esto agrega una opción más de graduar la intimidad de los ocupantes, mientras que el patio de invierno resulta un espacio sumamente estimulante de remate. Este se vuelve un espacio central en la vida cotidiana al menos durante el invierno. En las viviendas de 1 AMB, un espacio extra es un hall de acceso Circulación interna, según RGC que constituye el espacio de guardado previsto; y otro, que podría haberse clasificado como Despensa local de 4ta clase se ha convertido en Estudio o Escritorio local de 1ra clase. Se destaca que si bien, las superficies que se indican como mínimas en la normativa aclaran mismas. Del mismo modo que con las superficies totales, se analizaron los EE de cada unidad. Mientras que los VARIABLES DE ACCESIBILIDAD, SEGURIDAD Y LEGIBILIDAD: En este primer grupo, se han observado pautas de diseño dimensionales y organizativas de los ambientes en función de determinar Áreas de Uso AU -que deben favorecer la realización de actividades diversas y alojar el equipamiento necesario- y de apoyo AA -a esos usos-, organizadas en relación a un Área de Circulación AC cuanto más legible clara, directa, sin interrupciones más segura y accesible. Se han analizado las superficies que ocupan cada área y su proporción respecto al total del EE. Al existir EE. 76,12 77,4 47,03 32,07 PROMEDIO 56,6 del promedio 8,7 del promedio 35,06 del promedio DIFERENCIA de estar en la vivienda PROMEDIO 27,87 15,9 18,08 DIFERENCIA Máx. 22,21 El 79,9 de sup. promedio 1,50 El 9,43 de sup. promedio 10,25 El 56,7 de sup. promedio PROMEDIO 35,18 33,81 55,97 DENOMINACIÓ N DEL LOCAL SRGC Estarcomedor"
t2_neg_000093;no_contribucion;no_contribucion;;86768881.txt;doc_86768881_sec06_chk03;3432;METH;negativo_dificil;senal_contrib_no_propia;265;El presente trabajo se enfoca en una metodología de tipo descriptiva y analítica, describir la contribución que el programa ha tenido en la carrera, se realizará un análisis que incluye: b Análisis correlacionado del indicador institucional de retención en primer año con el indicador de asistencia. 5. Descripción La Universidad del Bío-Bío desarrolla diversos programas que buscan aportar a la retención de sus estudiantes. Donde se destaca el Programa Tutores, creado el año 2009, con el objetivo de contribuir al éxito académico de los estudiantes de primer año de los tres primeros quintiles, mejorando sus tasas de aprobación y retención. Dicho trabajo se logra mediante la aplicación de estrategias institucionales de inducción y transición a la vida universitaria, y el desarrollo de competencias específicas y genéricas. El PT utiliza una metodología de pares, que permite el desarrollo del trabajo colaborativo entre estudiantes, enfocándose principalmente en un abordaje integral del fenómeno del abandono. Dicho modelo, se ha caracterizado por generar equidad educativa y ser universal, aplicándose a todos los estudiantes de primer año, independiente de sus características de ingreso, utilizando como criterio de focalización sólo los indicadores académicos de las carreras asociadas al programa. El PT, posee una mirada de carreras, por lo que para el presente estudio se analiza la carrera de Ingeniería Comercial, donde el Director de Escuela o Jefe de Carrera, junto a un Encargado de Carrera y los tutores, facilitan el quehacer en torno a los estudiantes de primer año. Los tutores, son quienes trabajan de manera directa con cada estudiante de primer año en grupos de aprendizaje de 12 estudiantes
t2_pos_000030;contribucion;no_contribucion;;69562910.txt;doc_69562910_sec04_chk08;5611;sin_asignacion;positivo_planb_alto;explicito_propio;578;"Un razonamiento teórico transmutado al propósito de este paciente proyecto, procurando solucionar el cuestionamiento anterior, es el estudio contemporáneo de los investigadores Giovanni Vega Barbosa y Alejandra Meriño Vera, con ocasión a las controversias suscitadas entre las jurisdicciones nacionales en escenarios internacionales, denominado El arresto de buques en la resolución de conflictos comerciales internacionales marítimos: aproximación teórica a los problemas jurídicos derivados del proceso de calificación del arresto del buque. Esta investigación se propone describir las categorías interpretativas problémicas del Derecho Internacional, limitando su objeto de estudio a la figura jurídica del Arresto de Buques como un elemento inherente a la ejecución de los créditos marítimos, y la constitución consecuente de fuentes dinámicas de problemas jurídicos en el litigio comercial internacional marítimo. Históricamente, el Arresto de Buques fue considerado un instrumento útil al comercio internacional por ejecutar reclamaciones a través del aseguramiento del buque como activo, reconociéndolo como una forma de compensación. Al Arresto se le atribuyeron tres funciones principales: I una función protectora, II una función jurisdiccional forum arresti, y III una función de garantía23. En la actualidad, el Arresto de Buques es al mismo tiempo una medida preventiva y cautelar, un mecanismo de protección y seguridad y una institución propia del Derecho Comercial. Metodológicamente, se puede estudiar a través de dos enfoques del Derecho Internacional Privado: el substancialismo y el conflictualismo, resaltando las dificultades prácticas derivadas fundamentalmente de la inexistencia de uniformidad decisional en el entendimiento público y colectivo de esta institución jurídica. Las soluciones a estas dificultades se estructuran inequívocamente mediante la calificación y las herramientas exógenas al Derecho Internacional Privado propias del Derecho Público. La calificación, o caracterización, se dedica a definir el campo del Derecho al cual pertenece una situación jurídica concreta, identifica una situación o acción específica en la categoría legal correcta24. El proceso de calificación es propio del razonamiento legal y judicial, el problema se presenta cuando existe unidad de contenido en las disposiciones legales de los ordenamientos jurídicos, conflicto conceptual y desarticulado nace la necesidad de concertar las ideas jurídicas yuxtapuestas en un esfuerzo mancomunado de las Naciones para alcanzar la coordinación y la armonía de la sociedad internacional. Dentro de las funciones del Arresto de Buques, la actio in rem, en la teoría procedimental, es una medida dedicada a conseguir la comparecencia coercitiva del demandado, y un mecanismo de cumplimiento efectivo del contenido de un decisión; esta figura, distante de una jurisdicción in personam, supera las dificultades prácticas de un litigio en el momento de desconocer al responsable de una actividad, contrato u operación, es un medio materialmente útil para un fin. En el Derecho Internacional Privado, la determinación especial de la jurisdicción competente radica en la identificación de las conexiones sustanciales existentes entre el fuero y el litigio; en litigios marítimos internacionales se evidencian con frecuencia problemas de jurisdicción. Los intereses del demandado y del demandante deben ser la fuente de la jurisdicción, el forum arresti, utilizado para facilitar la detención de buques respecto a los límites de las jurisdicciones territoriales, es la herramienta eficaz para solucionar los problemas prácticos de la administración de justicia internacional. La integración del Derecho Público en este escenario se sintetiza en la sincronía de las jurisdicciones concurrentes y en el beneficio de la jurisdicción más próxima, como principios y valores universales que organizan la autonomía privada y excluyente del regionalismo cultural, comprendiendo oportunamente que la jurisdicción judicial deriva de la jurisdicción para legislar y por lo tanto, de la soberanía del Estado25."
t2_neg_000076;no_contribucion;no_contribucion;;84088603.txt;doc_84088603_sec02_chk01;215;INTRO;negativo_dificil;tercero_citado;464;En el nuevo contexto definido por la nueva economía, la innovación es el resultado de la articulación entre la creación del conocimiento y la empresa y la difusión de este conocimiento en las demás ramas de actividad. Con esta perspectiva, la Universidad debe posicionarse en el centro de la innovación, ya que la creación y difusión de conocimiento serán mucho más eficientes socialmente si se garantiza su carácter universal, del cual la Universidad debe seguir siendo el máximo exponente 10. A la sociedad del conocimiento se llega mediante un fenómeno de realimentación, donde los avances en el conocimiento posibilitan desarrollos tecnológicos que a su vez permiten el manejo eficiente de la información y del conocimiento formándose así un ciclo de vertiginoso desarrollo y producción de nuevos conocimientos 2. Las tecnologías de la información y la comunicación TIC han desempeñado un papel fundamental en la configuración de nuestra sociedad y nuestra cultura 1. Deben ser aplicadas en la educación, para facilitar y optimizar la gestión académica y administrativa. La modificación del plan de estudios de la carrera de sistemas en la Facultad de Ciencias Exactas y Naturales y Agrimensura FACENA-UNNE, influyó en todas las asignaturas. Con la implementación del título de grado Licenciatura en Sistemas de Información, los estudiantes deben realizar el Trabajo Final de Aplicación atendiendo a la reglamentación vigente desde el año 2003. En 8 se describieron las características de la asignatura Trabajo Final de Aplicación que se dicta para las carreras de Licenciatura en Sistemas y Licenciatura en Sistemas de Información de la FACENA. El objetivo general de la asignatura es completar la formación académica y profesional de los egresados de las mencionadas carreras. Se intenta que el alumno integre y utilice los conocimientos adquiridos durante sus años de estudio para la resolución de problemas tanto profesionales como científico yo profundice en alguna temática de su interés. La ejecución de las actividades planificadas por la cátedra permiten al alumno: i Completar la formación académica y profesional de los Licenciados en Sistemas. ii Realizar un Trabajo Final con las características clásicas de Proyecto o Tesina, donde el nivel del mismo se corresponda con el nivel de la Carrera pudiendo repetición de técnicas habituales, sino que incorpore desarrollos, herramientas y métodos que impliquen una profundización de los temas del Plan de Estudio o relacionados con ellos. iv Realizar análisis comparativo y crítico de metodologías, herramientas y algoritmos estudiados con la investigación bibliográfica correspondiente y el desarrollo de una aplicación. v Desarrollar En este trabajo se sintetizan los aspectos tratados desde el año 2003 a la fecha para abordar el seguimiento y control de los alumnos que inician el TFA y se presenta el abordaje del taller Diseño y desarrollo del Plan de Trabajo Final de Aplicación implementado a partir del presente ciclo lectivo.
t2_neg_000060;no_contribucion;contribucion;;81760734.txt;doc_81760734_sec20_chk03;639;RES;negativo_facil;zona_sin_senales;322;Se puede apreciar una reducción muy sustancial del consumo en iluminación 40, reemplazando lámparas incandescentes por fluorescentes compactos cuya existencia era desconocida por la casi totalidad de los encuestados, y se observó en algunos casos que además se podría incrementar sustancialmente la iluminación, pintando paredes de colores claros, empleando pantallas reflectantes y modificando hábitos de abertura de ventanas. El consumo eléctrico para la producción de calor resultó muy dispar. Casi todos disponían de calefones eléctricos, y en algunos casos se agregaban estufas en período invernal. El promedio resultó significativo 23, aunque menor que el consumo en iluminación. En los casos de usuarios con estufas eléctricas, la relación se invierte. de las Tablas VI y VII para el potencial de ahorro monetario individual y plazo de amortización de fluorescentes compactos. 07.59 CONSUMO PROMEDIO AHORRO ACTUAL CCFL SPROD CALOR EN ILUMINAC. EN PROD. DE CALOR BIM. TOTAL ANUAL TOTAL Facturación 105,79 61,45 44,14 44,34 17,31 61,65 369,90 AHORRO MONETARIO BIMESTRAL CANTIDAD PROMEDIO DE LAMPARAS COSTO POR LAMPARA AMORTIZACION BIM Se puede apreciar que la amortización de una eventual inversión en lámparas fluorescentes compactas sería sumamente rápida, si bien cabe señalar que una adecuada duración de estas lámparas requiere características de estabilidad en la tensión En la Tabla VIII se evalúan las posibilidades de ahorro energético, monetario y en disminución de emisiones de CO2, para el conjunto del Grupo III. Se ha contabilizado aquí un valor monetario promedio en el mercado mayorista de la energía eléctrica, teniendo en cuenta que, como se ha visto, la EPE es quien termina haciéndose cargo de gran parte de este costo. Como ejemplo comparativo de la posible reducción de emisiones, cabe señalar que los proyectos de reemplazo de luminarias de alumbrado público municipal por otras de mayor eficiencia y de lámparas incandescentes por LEDs propuestos como esos programas, estimándose en unos 10 ust de CO2, el valor de bonos a obtener.
t2_neg_000014;no_contribucion;no_contribucion;;122518936.txt;doc_122518936_sec02_chk02;2772;METH;negativo_facil;zona_sin_senales;393;"Para evaluar la crisis en el sistema penal ecuatoriano de rehabilitación y verificar el incumplimiento de las políticas públicas criminológicas se aplicó la investigación descriptiva, que tuvo como objetivo conocer la realidad que viven las personas privadas de libertad y el tratamiento que reciben para su rehabilitación y posible reinserción. Los métodos teóricos utilizados fueron: Histórico lógico: permitió identificar los hechos del pasado con el fin de explicar la situación actual del sistema penitenciario en Ecuador, de manera objetiva y exacta. En la antigüedad la cárcel era utilizada para que las personas que estaban en espera de un proceso legal, el pago de deudas o por una simple decisión queden detenidas; en estos lugares se encuentra suciedad, hambre, castigo, exilio interno, etc; con la intervención de los activistas, en el siglo XVII, las cárceles se convierten el lugares más decentes y con condiciones menos inhumanas; poco tiempo después se logra determinar el concepto y el fin de la prisión de libertad, comenzando a verlo como un espacio de potencial reforma personal; en los siglos XVIII y XIX se aplica una nueva estructura arquitectónica en las cárceles, donde se puede separar a los internos unos de otros en celdas, criterio panoptista. Con ciertas variaciones, este modelo de cárcel es conocido por el mundo y sigue siendo un modelo de prisión en el siglo XXI por varios países. Ecuador es uno de los países que se acoge a este tipo de modelo, es decir con una mirada de panóptico, se implementa en el año 2013, en el Centro de Rehabilitación Social Regional Sierra Centro Norte Cotopaxi, su objetivo fue disminuir el índice de hacinamiento, la violencia y peligro que existía en las cárceles anteriores; cuenta con equipos tecnológicos modernos, como videocámara, scanner de cuerpo entero, inhibidor de señal de celulares, entre otros, que permiten una mejor vigilancia. Sin embargo, las cárceles en nuestro país son el reflejo de una sociedad dominante, en la que existe sometimiento a otras personas, puesto que, para que los internos puedan sobrevivir deben callar y someterse al poder estatal. Analítico- sintético; se aplicó a las definiciones conceptuales de la rehabilitación y políticas públicas criminológicas y a las variables fundamentales de la investigación, que permitieron establecer el problema investigado. De esta manera, se entiende por rehabilitación, la restitución de una persona sentenciada a su condición anterior y reintegrarla a una sociedad,"
t2_pos_000027;contribucion;contribucion;;63333062.txt;doc_63333062_sec04_chk04;6912;sin_asignacion;positivo_planb_alto;explicito_propio;321;"El comportamiento espacial de la brisa marina resulta ser bastante fiel al mapa de líneas de corriente marítima elaborado por Jans y Jaume Fig. 1. La principal discordancia entre ambos mapas se centra en la dirección de la brisa en el litoral oriental de la isla. Según los encuestados en el presente estudio, el viento de verano en la costa de levante de Mallorca presenta en bastantes casos una componente S que contraviene la componente E referida por los modelos clásicos. De acuerdo con las experiencias de los informadores, cuando la componente S se manifiesta en las primeras horas de la mañana en la parte central del levante mallorquín, esta misma componente se refuerza durante el día y puede ocasionar brisa de intensidad fuerte 8 ms en adelante, manteniendo la dirección e incluso derivando ligeramente hacia la derecha, siendo entonces SW. Esta dirección de la brisa paralela a la costa y su aceleración la atribuyen los deportistas entrevistados a un alineamiento de las líneas de corriente con los relieves montañosos de las sierras de Levante, cuya orientación es SW-NE. La constatación de esta dirección de la brisa contradictoria con las líneas generales de un modelo convergente y de dirección perpendicular a la costa únicamente aparece reseñada en la bibliografía en el modelo numérico propugnado por RAMIS Y ROMERO 1995 y en este caso para la parte más meridional de la costa este mallorquina. La presencia de una circulación diurna de componente S y SW en la costa Este de Mallorca puede corroborarse a partir del análisis de los datos objetivos proporcionados por una estación meteorológica situada en la zona, en este caso, la estación automática de Portocolom. La percepción geográfica del régimen de brisas en Mallorca...... García Codron, J.C.; Diego Liaño, C.; Fdez. de Arróyabe Hernáez, P.; Garmendia Pedraja, C. y Rasilla Álvarez, D. Eds. 2004. 4. LA ANOMALIA EN LA DIRECCIÓN DE LA BRISA EN EL SURESTE DE"
t2_pos_000056;contribucion;contribucion;;82301400.txt;doc_82301400_sec08_chk05;9199;CONC;positivo_planb_alto;explicito_propio;293;"Este trabajo propone abordar el desarrollo local desde una mirada innovadora, haciendo eje en la creación de Foros de Desarrollo Municipal que propicien la mejora y crecimiento del sistema productivo local, la creación de empleo, la identidad local y el consumo de bienes y servicios producidos en el municipio Del Giorgio Solfa y Girotto, 2009. La finalidad de este modelo de desarrollo local y territorial de nodos microrregionales, es tender al autoabastecimiento estratégico de bienes y servicios, generar nuevos empleos y promover un uso eficiente y eficaz de los recursos locales. Por lo tanto, en toda nuestra propuesta, se tiene en cuenta al desarrollo local como proceso de crecimiento económico y de cambio estructural para mejorar la vida de la población. Dentro del desarrollo local se identifican tres dimensiones: una económica: en la que los empresarios locales usan su capacidad para organizar los factores productivos locales con niveles de productividad suficientes para ser competitivos en los mercados, otra sociocultural, dada por los valores e instituciones que formarán para de lo que denomina identidad local y una dimensión político-administrativa, dada por la creación de FDM, para generar políticas territoriales que den un entorno económico local favorable y que impulsen el desarrollo local Vázquez-Barquero, 1988; Arocena, 1997; Diez y Gutiérrez, 2008. La implementación de este modelo en los territorios con las características mencionadas y con el necesario impulso por parte de la gestión municipal, permitirá mejorar la calidad de vida de sus habitantes Diez y Gutiérrez, op. cit.. De esta manera se deja instalado el debate sobre el modelo que se propone. Se espera que, con los elementos aquí desarrollados, haber proporcionado las bases para que sea comprendido y evaluado, y consecuentemente enriquecido en trabajos posteriores que permitan producir experiencias de aplicación concretas."
t2_pos_000015;contribucion;contribucion;;25190577.txt;doc_25190577_sec03_chk01;918;CONC;positivo_planb_alto;entidad_propia_objeto;333;"En este trabajo se ha presentado la metodología de enseñanza y aprendizaje utilizada por el equipo de cátedra de la asignatura Organización de Computadoras, correspondiente al grado de Licenciatura en Ciencias de la Computación de la Universidad Nacional del Comahue, Argentina. La metodología soluciona los inconvenientes presentados por la metodología utilizada anteriormente en la asignatura: ausencia de relación entre la programación de alto y bajo nivel, y dicultad para detectar las causas de los errores que los alumnos cometían en los exámenes. Por un lado, se han adaptado las clases teóricas y prácticas, y se han desarrollado nuevas guías de trabajos prácticos y actividades que fomentan al alumno a establecer permanentes comparaciones de la programación de alto y bajo nivel. Por otro lado, un sistema de evaluación en computadora y a mundo abierto incluso con acceso libre a Internet, permite al alumno disponer de toda información y herramientas necesarias para encontrar las soluciones a los ejercicios de los exámenes, y comprobar si funcionan adecuadamente; situación que 1 Las causas más frecuentes que afectan el rendimiento de los alumnos son: incompatibilidad con los trabajos muchos alumnos, en esta etapa de sus vidas, tienen actividades laborales parciales o completas, problemas de formación en etapas educativas anteriores, y desmotivación por el estudio. intenta aproximarse al ambiente de trabajo real de un profesional. Esta metodología de evaluación permite, a los profesores, relacionar los errores cometidos por Así, el proceso de evaluación logra un resultado más justo, y permite determinar con mayor precisión posibles falencias en la enseñanza. Los resultados de aplicar la metodología propuesta indican una mejoría en fundamenta en los índices obtenidos para esta asignatura, sino también en el seguimiento del desempeño de los alumnos en las materias siguientes. Para la cátedra, los resultados signican un acierto en la metodología, tanto en la forma de impartir las clases como en la forma de evaluación. Sin embargo, es razón actual de estudio, de la cátedra y de la institución, lograr mejorías en la cantidad circunstancias a clases."
t2_pos_000058;contribucion;contribucion;;82306745.txt;doc_82306745_sec01_chk01;325;INTRO;positivo_planb_alto;explicito_propio;450;"La mayoría de las intervenciones orientadas a la innovación tecnológica para el desarrollo rural se centra en indagar cómo mejorar su efecto inductor y cumplir las promesas de contribuir a la sostenibilidad de la agricultura. En consecuencia, sus respuestas y soluciones revelan que estos esfuerzos investigativos son realizados desde la perspectiva del modo de innovación tradicional, lineal, unidireccional, de investigación y difusión de tecnología que es el mismo que ha prevalecido en la creación del problema que es necesario comprender para superar Perfecto et al., 2009. En los enfoques tradicionales, la vulnerabilidad de los sistemas de producción de la agricultura familiar se concibe a partir de la visión de mundo del dominador generalmente un experto externo que impone su concepción universal de la realidad sobre las visiones e intereses locales de los grupos subalternos y crea una división de trabajo en el proceso de generación, acceso y uso de conocimiento que transforma a los actores locales productores y productoras en meros receptores de valores, conceptos y paradigmas generados lejos de su contexto y sin compromiso con sus necesidades, demandas y aspiraciones. El modo de intervención del proyecto en la CNB se fundamentó en la Gestión Integrada del Conocimiento y la Innovación que se inspira en el Modo Contextual de Generación y Apropiación del Conocimiento para la Innovación, según el cual, innovaciones importantes emergen de procesos de interacción social, donde el conocimiento socialmente relevante es generado en el contexto de su aplicación e implicaciones dentro de espacios democráticos donde interactúan talentos externos y locales Santamaría Guerra, 2003; Santamaría Guerra 2004; Álvarez et al., 2005. La Gestión Integrada del Conocimiento y la Innovación GICI desde una perspectiva holista, sistémica, ofrece alternativas a la necesidad de mejorar el desempeño de los sistemas de producción de la agricultura familiar, a través de la gestión de talentos interesados en restaurar las funciones ecosistémicas, producir alimentos inocuos, disminuir la dependencia de insumos externos, proteger los recursos rurales y aumentar la capacidad de las familias de apropiarse y disfrutar de los resultados de su trabajo, practicando una agricultura local y la producción de alimentos por campesinos y familias rurales y urbanas a partir de la innovación, los recursos locales y la energía solar Santamaría Guerra, 2005; Altieri Nicholls, 2012. En este artículo se presenta el estudio de caso de innovación tecnológica correspondiente dos sistemas de producción en la Comarca Ngbe Bugle en Panamá. El objetivo consistió en el diseño, implementación y evaluación, de manera participativa de sistemas agroalimentarios que incorporaron prácticas agroecológicas, de manejo del sistema que disminuyen la dependencia de insumos externos, reutilizan los desechos orgánicos generados y conservan los recursos naturales y la biodiversidad local, para aumentar la disponibilidad de alimentos y generar ingresos adicionales."
t2_neg_000016;no_contribucion;no_contribucion;;122777535.txt;doc_122777535_sec03_chk03;2479;BACK;negativo_facil;zona_sin_senales;444;La mayoría de las empresas desarrolladoras de software cuentan con una estructura organizacional vertical, donde se elige a una persona como responsable de un área funcional, con uno o varios subordinados que cumplen cada uno determinadas funciones. En esta compañía la cadena de mando se despliega desde los cargos superiores a los cargos inferiores. En el Proceso Misional de la compañía intervienen los siguientes roles: Gerente Comercial IT: Busca oportunidades de negocio, realiza la planificación operativa comercial y participa con las diferentes áreas que están involucradas en la generación de propuestas, con el objeto de desarrollarlas con una visión integral y de calidad a clientes. Líder de Desarrollo: Garantiza la ejecución del proyecto a través del seguimiento constante del el equipo de trabajo hasta llevarlo a su terminación. Analista Desarrollador: Desarrolla Sistemas de Información, haciendo uso de las herramientas y metodologías de desarrollo adecuadas. Analista QA: Ejecuta las actividades de tésting, set de pruebas y soporte de aplicaciones desarrolladas. Analista Funcional: Elabora el análisis funcional de nuevas aplicaciones a desarrollar. Controla, analiza y supervisa el desarrollo funcional de las aplicaciones informáticas, asegurando su correcta explotación y su óptimo rendimiento, de acuerdo a las especificaciones del cliente. El proceso que se realiza en SCI Software con sus respectivos documentos de salida son: a. Presentación de productos y servicios al cliente El representante comercial contacta a los clientes, presenta el portafolio de producto y servicios de la compañía con sus respectivos precios. Finalizado el proceso se agenda un encuentro entre el cliente y el analista funcional para el levantamiento de requerimientos. Documentos: Solicitud de levantamiento de requerimientos. Se desarrolla una reunión entre el cliente y el analista funcional de la compañía, en este encuentro se detalla la funcionalidad de la herramienta y las restricciones o validaciones identificadas por el cliente. Como resultado de esta actividad, se obtiene una propuesta comercial que contiene el tiempo de desarrollo, costos del producto a desarrollar, la forma de pago y los recursos que se utilizarán en el desarrollo del proyecto. Documentos: Propuesta Comercial, Product Back Log Lista de todas las tareas del proyecto con la priorización de las mismas. c. Presentación del proyecto al equipo desarrollador. Posterior a la aprobación de la propuesta comercial por parte del cliente se generan las historias de usuario, en éstas el analista detalla de forma funcional el producto, generando como salida un documento el cual se socializa con el equipo desarrollador, el cual realiza un cronograma priorizando las actividades a desarrollar Sprint Back Log.. Documentos: Sprint Back Log Lista de tareas a realizar para la primera entrega del producto al cliente: Un proyecto puede tener uno o varios Sprint, entregas periódicamente al usuario final.
t2_pos_000059;contribucion;contribucion;;82313742.txt;doc_82313742_sec06_chk09;9008;CONC;positivo_planb_alto;explicito_propio;411;Este trabajo presenta una vinculación entre el concepto de modelo de negocios, la Teoría de la firma y la emisión de informes contables, especialmente en relación a cuestiones esenciales como reconocimiento, medición y exposición. Se pone énfasis en cómo la concepción de modelo de negocios contribuye a brindar información de mayor utilidad a todos los usuarios e interesados en los estados contables de una organización, permitiendo una mejor toma de decisiones y evaluación de los potenciales futuros flujos de fondos. Es reconocida la tendencia actual en diversas publicaciones a priorizar la importancia de conceptos abordados en dicho trabajo lo cual se inscribe en una genuina preocupación en la emisión de información contable de mayor utilidad. Consideramos que el modelo de negocios debe jugar un rol en los informes contables, financieros menos comprensibles. Incluso, cualquier cambio en el modelo de negocios también debe ser reflejado con una revelación apropiada de la naturaleza e impacto. Asimismo, puede haber transacciones que se desvían de un modelo de negocios y, bajo este enfoque, sería necesario que dichas transacciones sean reveladas o presentadas separadamente. Las suposiciones acerca del modelo de negocios siempre han estado implícitas en las normas de información financiera. Tratamientos alternativos de la misma partida a nivel normativo de acuerdo al modelo de negocios es una cuestión presente, por ejemplo, en la NIIF 9 que establece la utilización de bases alternativas de acuerdo al modelo de negocios de la entidad. Con respecto a la vinculación del modelo de negocios con los estándares de emisión de estados financieros, nos pareció interesante lo planteado por EFRAG et al. 2013: El desarrollo de la normativa contable debería considerar el modelo de negocios. Los tratamientos alternativos en las normas deberían circunscribirse a la noción de modelo de negocios. Si bien al aplicar la idea de modelo de negocios en la emisión de estados financieros nos enfrentamos a ciertas dificultades, el valor que aporta su aplicación respecto a la utilidad de la información contable las supera. Para concluir, consideramos que deben profundizarse las líneas de investigación relacionadas con la temática presentada, especialmente analizando el impacto en la emisión de información del uso del modelo de negocios. Asimismo, y ante la actualidad de las cuestiones relacionadas con la Teoría de la firma, el análisis de los objetivos de los informes contables y las relaciones con estas teorías servirán para mejorar la utilidad de la información y, en última instancia, colaborar en la mejora de la estructura teórica de la Contabilidad.
t2_pos_000049;contribucion;no_contribucion;;82293878.txt;doc_82293878_sec02_chk02;5;INTRO;positivo_planb_alto;explicito_propio;423;Sudamericana de Naciones, según la propuesta brasileña en la cumbre de Cuzco 2004. comerciales y económicas. Ahora se incluyen en la agenda integracionista cuestiones relativas a la seguridad y defensa, democracia, instituciones, fortalecimiento de políticas sociales, energéticas y desarrollo. Los liderazgos en la región sudamericana también deben estudiarse atendiendo a las particularidades de cada uno, con el protagonismo que conllevó a que surgiera en Bolivia. En suma: en este trabajo se procura abordar cómo esta porción del continente americano diseña y rediseña sus estrategias de inserción en el sistema internacional globalizado a través de la conformación y consolidación de bloques de integración que refuercen su capacidad de negociación e inserción en la arena internacional. Palabras claves Integración, Sudamérica, UNASur. Focalizando aspectos del marco interno. Panorama de los nuevos escenarios El comienzo del siglo veintiuno trajo a América Latina una redefinición de dos variables tradicionales de análisis político -ideológico: izquierda y derecha. Efectivamente, las democracias del Cono Sur latinoamericano experimentaron matices en su viraje hacia la izquierda, en algunos casos y hacia la centro-derecha en otros. Durante los años noventa en la región sudamericana se implementaron políticas públicas de corte neoliberal, con el retiro del estado en varias de sus funciones modificando la relación Estado-sociedad. Esto frecuentemente se lo ha asociado con la derecha, y las consecuencias sociales que trajo aparejado: desempleo, aumento de los niveles de pobreza e indigencia, privatizaciones, apertura comercial indiscriminada, cierre de fábricas de capital nacional, estallidos sociales, entre otros efectos. La pobreza y la concentración de la renta son factores comunes en toda América Latina. Pero las peculiaridades se encuentran en las estructuras sociales de cada país, ya que ésa es la característica esencial de América Latina: la heterogeneidad estructural, donde además encontramos sociedades duales que afrontaron procesos de reforma económica emanados del Consenso de Washington que habrían profundizado esa dualidad. Así, cabe agregar que la avenencia sobre la importancia de las características de los regímenes democráticos ha perdido peso en los países en vías de desarrollo. Al parecer existen nuevas experiencias e ideas nacionalistas orientadas a las diferentes normas de la democracia que están teniendo lugar en la subregión. Contrariamente a lo que postula Moravcsiki MORAVCSIK, A., 2001: 219-249, las ideas sí estarían jugando un rol relevante en la construcciónii BLYTH, M., 2003:125-127 de la política integracionista en América del Sur. Si como señala este autor: autonomous shift in ideas are causally epiphenomenal to more fundamental underlying influences on state behavior... Ideas are present but not causally central, las construcciones de la Comunidad
t2_pos_000069;contribucion;contribucion;;84091528.txt;doc_84091528_sec12_chk08;927;CONC;positivo_planb_alto;explicito_propio;380;Para la obtención de la implementación distribuida de las aplicaciones de gerenciamientoTMN, hay la necesidad de una camada plataforma situada entre los recursos básicos y las aplicaciones de gerencia. Existen alternativas para la implementación de plataformas TMN CPs - Plataformas de Soporte Computacional para Redes de Gerencia de Telecomunicaciones. Este trabajo presenta la especificación formal de guias generales técnicos fornecidos por el CPqD - Telebrás para adquirir los mensajeros de las telecomunicaciones para elaborar sus listas de tareas y analisar propuestas de fornecedores asociados con la plataforma genérica de gerenciamiento. Adoptando una plataforma genérica de gerenciamiento para la elaboración de una lista de tareas admitirán el otro sistema de gerenciamiento adquirido para mantener las facilidades del sistema abierto, admitiendo la integración y la interoperabilidad de nuevas operaciones. La especificación de la plataforma formal contribuye significativamente hacia la rigidez de la descripción y el proceso de validación, así aumentando la exactitud, especialmente en los estudios que indican la prueba de conformidad entre el producto obtenido y la descripción de los requisitos considerados. Entonces, ambos CPqD y compañias fornecedoras pueden definir mejor y com mayor seguridad sus requerimientos. Las herramientas LOTOS usadas para la validación de la especificación con pruebas formales de corrección constituyen una ventaja en pesquisa científica. Este trabajo usa herramientas LOTOS de última generación e investiga el uso de otras padrón ISO actual es usada, tal como una rigurosa metodología de desarrollo. La metología provee para gran legibilidad, seguridad y facilidad del desarrollo de especificaciones y permite pruebas de validadación durante todos los refinamientos sucesivos del proceso del más alto nivel de abstración de la especificación hasta la especificación refinada completamente. La importancia científica de la formalización de los aspectos dinámicos trata los aspectos estáticos tipos de datos abstractos solamente, dejando el comportamiento sin tratamiento formal, y en la mayoria de los casos son comentários simples con descripción informal. La importancia de este tratamiento informal es completamente por las principales organizaciones de padronización, admitiendo la aparición de varias soluciones propietarias diferentes. Este trabajo indica la presentación de una forma segura de desarrollo de la plataforma sugiriendo como el trabajo puede ser continuado. A medio y largo plazo, este trabajo viene a contribuir para el uso esclarecido de formalismos y en la transferencia de tecnología del ambiente de investigación al ambiente industrial.
t2_neg_000020;no_contribucion;contribucion;;122789267.txt;doc_122789267_sec09_chk03;6754;RES;negativo_facil;zona_sin_senales;309;"Furlan, L.; Sanchez Rosas, J.; Heredia, D.; Piemontesi, S.; Illbele, A. y Martinez, M. Anuario de Dimensiones de la AE, estrategias de aprendizaje y estilos de afrontamiento Para controlar los solapamientos entre las dimensiones de la AE preocupación, falta de confianza, interferencia y emocionalidad se calcularon las correlaciones parciales diferenciadas por género de cada una de ellas, controlada por las tres restantes, con las estrategias de aprendizaje y los estilos de afrontamiento Tabla 3. aprendizaje y estilos de afrontamiento Ansiedad frente a los exámenes Preocupación Emocionalidad Interferencia Falt. Confianza M F M F M F M F Nota. Correlaciones parciales de tercer orden: la correlación de cada dimensión de la ansiedad ha sido controlada por las otras Preocupación presentó correlaciones positivas con las estrategias de repetición y regulación del esfuerzo y el tiempo en varones y en mujeres, y con búsqueda de ayuda académica solo en varones. Falta de confianza, en ambos sexos, correlacionó negativamente con estudio reflexivo, regulación del tiempo y esfuerzo, búsqueda de ayuda y repetición. Interferencia, en ambos grupos correlacionó en forma negativa con la regulación del esfuerzo y tiempo, y solo en los varones se asoció positivamente a las estrategias de repetición. Emocionalidad se relacionó en forma leve y poco significativa con algunas estrategias sólo en el grupo femenino. Respecto del afrontamiento se observaron correlaciones pequeñas o moderadas y en sentidos diversos. Se destacan las correlaciones positivas de la preocupación con rumiación, autoculpa y aproximación, en ambos sexos. La emocionalidad se asoció positivamente a rumiación solo en hombres y en ambos géneros, de forma negativa con acomodación. Interferencia se asoció positivamente a autoculpa y rumiación en hombres y mujeres y en forma negativa con aproximación. Falta de Confianza en hombres y mujeres se relaciona positivamente con autoculpa y rumiación y negativamente con aproximación y acomodación. Solo en los hombres se asoció negativamente a la Autoayuda."
t2_neg_000068;no_contribucion;no_contribucion;;82319563.txt;doc_82319563_sec02_chk02;2579;METH;negativo_facil;zona_sin_senales;408;"El estudio consiste en una investigación de tipo exploratoria, análisis que se caracteriza por ser flexible en su método, por lo que se decidió seguir un proceso de investigación cualicualitativo. Se optó por este encuadre metodológico, atendiendo a Hernández Sampieri, Fernández Collado y Baptista Lucio 2014, quienes señalan a esta modalidad como adecuada para examinar un problema o temática específica desde otras miradas o con nuevos matices; además se los indica como apropiados para identificar contextos o situaciones de estudio, recabar información para investigaciones posteriores y establecer orientaciones o tendencias potenciales entre variables. El estudio involucró a alumnos avanzados de la carrera profesorado en Ciencias Biológicas de la Facultad de Humanidades y Ciencias de la Educación FaHCE, Universidad Nacional de la Plata UNLP, provincia de Buenos Aires Argentina. Los datos se recabaron mediante un cuestionario integrado por preguntas abiertas vinculadas a rastrear las representaciones de alelo y genotipo, el uso de la simbología empleada tradicionalmente, con letras mayúsculas y minúsculas e.g. B para un alelo dominante y b para una alelo recesivo, y la esquematización de genotipos en cromosomas e.g. genotipo heterocigota, Bb. El cuestionario se suministró a 14 estudiantes avanzados n14 del profesorado en Ciencias Biológicas. Se consideraron avanzados A a aquellos alumnos que hubieran aprobado la asignatura Genética, correspondiente al cuarto año de la carrera; los mismos fueron identificados con un código alfanumérico a los efectos representaciones que poseen los futuros profesores sobre alelos y genotipo, y la relación que establecen entre las nociones de alelo dominante y recesivo, su representación mediante símbolos y los dibujos o esquemas que generan. El dispositivo formula una situación de clase en la que un docente realiza en el pizarrón un cruzamiento mono híbrido y posteriormente realiza una serie de preguntas a sus alumnos con la intención de sondear si los destinatarios realmente comprenden la representación que quedó plasmada en un damero de Punett. A partir de esta situación, se solicita la opinión de los futuros profesores Actas V Jornadas de Enseñanza e Investigación Educativa en el campo de las Ciencias Exactas y Naturales Facultad de Humanidades y Ciencias de la Educación. Universidad Nacional de La Plata buscando respuestas respecto a lo que debiera decirles y representar el profesor ante dicha situación aúlica. El escenario es el que se describe en la Figura 1. partir de un protocolo de análisis que permitió su categorización. Los patrones generales de respuestas permitieron construir las categorías, las cuales fueron analizadas cualicuantitativamente."
t2_neg_000094;no_contribucion;no_contribucion;;87692512.txt;doc_87692512_sec02_chk02;1103;INTRO;negativo_dificil;objetivo_sin_novedad;478;"La capacidad de respuesta se refiere a la predisposición de poder ayudar a los usuarios para brindarles un servicio más rápido y adecuado, es brindar una buena atención y ocupar el menor tiempo posible en tratar las solicitudes, quejas, preguntas y también la solución de problemas Nishizawa, 2014. Además, es la actitud que los empleados muestran a sus clientes, las posibilidades que tienen los usuarios de poder entrar en contacto con la empresa y que exista la factibilidad de lograrlo, a través del cumplimiento a tiempo con los compromisos que se han pactado por parte de los empleados Oliva Jair, 2005; García, 2016. La atención al cliente en referencia a Najul 2011, y Terrero, Fernández y Leyva 2017 depende de varios elementos empresariales internos, como el liderazgo, eficiencia en sus operaciones, capital humano y cultura organizacional; en donde el comportamiento de cada uno de los colaboradores, su forma de pensar y actuar, su motivación, proactividad y su sentido de pertenencia con la empresa. Así, el servicio al cliente se ha consolidado como un área imprescindible dentro de una empresa, puesto que el mercado es cada vez más competitivo, con clientes más exigentes Daza, Daza, Pérez, 2017. De esta forma, la atención al cliente es fundamental para que las empresas posean un valor agregado y diferenciador de otras empresas para cumplir con las expectativas y satisfacer las necesidades de los clientes. En ese sentido, un chatbot o en español chat conversacional tiene como objetivo entablar una conversación entre humanos y máquinas, donde la máquina incorpora conocimientos para identificar las oraciones y tomar una decisión, en sí misma, como respuesta para responder una pregunta; conocimientos que se almacenan en la base de datos Setiaji Wibowo, 2016. Además, es un programa informático que imita la conversación inteligente, donde la entrada a este programa es texto en lenguaje natural, y la aplicación debe dar una respuesta que sea la mejor respuesta inteligente a la oración de entrada Abdul Woods, 2015; y este proceso se repite a medida que la conversación continúa Ratkiewicz, 2004. Por ello, para el proceso de atención al cliente es necesario dar respuestas adecuadas a palabras clave o frases extraídas de la conversación y mantenerla de forma continua, siendo imprescindible construir un sistema de diálogo programa llamado chatbot, que ayudan en la interacción entre computadora y humano, con la capacidad de examinar e influir en el comportamiento del usuario, haciendo preguntas y respondiendo a las preguntas del usuario Galvao, Barros, Neves, Ramalho, 2004. A partir de estos análisis, un chat conversacional apoya en el mejoramiento de la atención al cliente en medios digitales, aprovechándose segmentos desatendidos. La clasificación de los chatbots de acuerdo a Martins, 2013 son tres generaciones: 1. Utiliza historial de las conversaciones. 2. Basada en técnicas de Inteligencia Artificial IA, como las reglas de producción y redes neuronales. 3. Utiliza lenguajes de marcado como AIML Artificial"
t2_neg_000100;no_contribucion;no_contribucion;;99055640.txt;doc_99055640_sec01_chk01;35;INTRO;negativo_dificil;objetivo_sin_novedad;349;"debidas a diferentes visiones y prácticas que la envuelven; tiene como lo afirma López 2007: 11, múltiples caras y facetas; con amplios propósitos y repercusiones más allá de las decisiones del profesor, que hacen de ella un tema actual y controvertido. En el ámbito de los aprendizajes en los diferentes niveles del sistema educativo ocupa gran parte de los procesos de planificación y desarrollo de las actividades de administrativos, estudiantes y profesores; sus efectos de promover o aplazar, afectan decisiones determinantes en proyectos de vida de estudiantes y sus familias, en políticas de estado y son prácticamente núcleo de evidencias de la efectividad de un sistema. La evaluación es requisito más regulatorio de promoción. Álvarez 2013: 211 amplía el anterior argumento resaltando que paradójicamente, el interés por la evaluación, en un sentido general empobrecedor, se ve limitado a los resultados que obtienen los estudiantes. En la práctica la atención se centra y se limita a las calificaciones, que concretan los resultados y dan por cerrado y concluido un proceso que debe permanecer abierto, inacabado. La tendencia en todos los niveles del sistema educativo; desde la educación Básica, hasta la superior, se concentra en la utilización de formas de evaluación tradicionales: previas, quices y trabajos individuales; se mitifican las pruebas escritas se mitifican como las de mayor criterio para valorar cuánto han aprendido los estudiantes; aspectos como la asistencia y participación en clase son criterios puntuables en todos los niveles antecesores que hicieron parte de su pasado educativo y utiliza estrategias sin intencionalidad formativa. Casarini 2016: 194, contextualiza el significado de la evaluación educacional, señalando que otros componentes y dimensiones han acaparado la atención como objetivos, contenidos, la intervención del profesor; pero las finalidades sociales, culturales y educativas, se juegan su última suerte en el tratamiento que se le dé a la evaluación y en el ámbito del aprendizaje es donde hay mayor concentración de factores, se pone en juego el propósito y efectividad de la tarea formativa. La misma autora concluye que abordar el problema de la evaluación, supone necesariamente abordar todos los problemas fundamentales de la pedagogía 194."
t2_neg_000011;no_contribucion;no_contribucion;;121254919.txt;doc_121254919_sec04_chk02;497;METH;negativo_facil;zona_sin_senales;260;En primer lugar, se va a realizar una revisión académica de libros y artículos acerca de la historia de las series de televisión a nivel español e internacional, profundizando en la historia de las series de origen español. Por otro lado, también se revisarán aquellas publicaciones acerca de la comedia de situación para así poder conocer el origen de esta, las características que convierten a una serie en una comedia de situación, o el éxito que han tenido estas series a lo largo de su historia. Por ello, se ha acudido a bases de datos académicas como Google Scholar o ProQuest. En segundo lugar, se realizará una revisión exhaustiva sobre los datos o publicaciones serie se convirtió en una de las series más importantes del panorama televisivo español. indagará con mayor profundidad a través de noticias, reportajes o entrevistas que se hayan realizado sobre esta serie, bien sea a actores y actrices de la serie, a miembros del equipo o a expertos en el campo de las series de televisión, muchos de ellos publicados en la prensa nacional y páginas web especializadas. quién viva para poder explicar las características de los personajes y las tramas de los capítulos. Todos los capítulos se pueden encontrar en Amazon Prime Video y están disponibles para cualquier persona que haya pagado una suscripción a dicha plataforma. Además, se realizará un análisis en profundidad de tres capítulos de la serie. Estos capítulos se han seleccionado basándose en un criterio de representatividad, entendiendo que estos capítulos son una buena muestra del conjunto total de la serie.
t2_neg_000053;no_contribucion;no_contribucion;;78811418.txt;doc_78811418_sec05_chk09;9752;RES;negativo_facil;zona_sin_senales;311;Nuevos emplazamientos y negocios, y los riesgos identificados. Resultados de evaluaciones, auditorias, reclamaciones u otros sistemas de control. Mecanismos de acceso a remedio: uso y resultados. Denuncias y gestión de las mismas. Otras informaciones pertinentes. Posibles formatos en los que la empresa puede explicar las medidas: Informes anuales corporativos. Informes sobre áreas de gestión, operaciones, hechos, conflictos, etc. Informes de desempeño de la empresa, frente a compromisos. Estudios de caso sobre conflictos. Reuniones personales con partes interesadas, según agenda. Comunicaciones en prensa. Talleres de trabajo con afectados y otras partes interesadas. Publicación de políticas y herramientas de gestión de la empresa. Convenciones y eventos. Respuesta a consultas específicas de ONG, afectadas y otras partes interesadas. Respuesta a requerimientos judiciales. Otras. Principios a tener en cuenta: Uso de canales adecuados sencillos, accesibles, eficaces, etc. para comunicar y recibir feedback. Implantación de canales adecuados para que las partes interesadas, soliciten información. Empleo de idiomas adecuados para el público al que se dirige. Tipo de lenguaje adecuado para el público al que se dirige. Aportación de información cuantitativa y cualitativa. Equilibrio en la información, positiva y negativa. Contenido y frecuencia adecuados. Otros. 59La responsabilidad de la empresa de respetar los derechos humanos. Frecuencia de la explicación: Anual, semestral, mensual, etc.: información de un período, comparable frente a objetivos y entre períodos. Cuando se produzca un hecho relevante, sobre el que es urgente informar ej. un accidente, un conflicto, un hecho imprevisto, etc.. Cuando ese hecho evoluciones, para informar sobre su seguimiento y rendir cuentas. Cuando haya cambios en algún acuerdo alcanzado con las partes interesadas, que afecta o puede afectar a sus derechos. Con la frecuencia que se acuerde con la parte interesada, para rendir cuentas sobre un hecho, conflicto, área de interés, etc. Cuando se detecte un riesgo o algún indicio, para adelantarse a impactos y denuncias, que se deba gestionar preventivamente. Otros.
t2_neg_000035;no_contribucion;no_contribucion;;5868113.txt;doc_5868113_sec30_chk15;6451;CONC;negativo_dificil;tercero_citado;345;En la titulación de comunicación audiovisual, el audio es el gran olvidado, siempre se estudia y se enseña más la parte de video. Por esta razón, suele ser un punto común grandes problemas con la postproducción de sonido. La realidad fue muy diferente ya que la mayoría de las entrevistas están realizadas en exteriores, por lo tanto estaban llenas de para conseguir un nivel homogéneo durante todo el documental, los diferentes audios debían ser normalizados. Por último arreglar en la medida de lo posible la entrevista saturada de José Balaguer. quería una música que transmitiera optimismo y que impulsara a la persona a avanzar, principalmente porque esa música estaría en el epílogo y créditos finales, y era fundamental en ese momento transmitir esas sensaciones. Además prefería trabajar con música libre derechos. Aunque al final después de varias propuestas de Raül, opté por comprar los derechos de la canción Thats all fake de Redmind dentro de la página web desconocidos que ponen a la venta su maqueta, además separa por estilos la música y dispone de un espacio destacado para el mundo audiovisual, clasificando las canciones 16 Imagen en la que podemos ver las distintas herramientas fundamentales como Normalize utilizadas en la masterización del documental Martínez Tomás, Pablo Roberto Lic. Com. Audiovisual 49 por géneros: aventuras, terror, romántica, etc. Para confeccionar el trailer utilizamos El documental estuvo gran parte del tiempo sin ella, luego hacía el final cuando Raül y yo hicimos el tratamiento sonoro le añadimos música de ambientación similar a la música del final. Seguí dudando así que lo consulté de nuevo con Pablo López, Ana Bonet y Mari Carmen Redondo. Minutos antes de realizar la exportación final para llevarlo a un programa de autoría, quité la pista de música y dejé el sonido tal cual se había recogido en su momento. Me gusta mucho arriesgar, aún más arriesgar a último momento. Era una propuesta arriesgada pero en definitiva creo que potencia la secuencia de arranque del documental. El documental estaría introducido por una voz en off del propio Boro Climent en forma de
t2_pos_000022;contribucion;contribucion;;52886038.txt;doc_52886038_sec01_chk01;0;INTRO;positivo_planb_alto;explicito_propio;343;Las metáforas expresan las representaciones que las personas tienen sobre múltiples realidades, entre ellas, objetos específicos de conocimiento. La literatura sobre metáforas las define como construcciones sociales en las que los grupos humanos manifiestan esas representaciones. Desde una perspectiva cognitivista, Lakoff y Johnson 1995 afirman que nuestro aparato conceptual es metafórico y estructura nuestro pensamiento y nuestra percepción, además de la manera en que nos relacionamos y nos movemos en el mundo. De este modo, para estos autores, la metáfora impregna la vida cotidiana, el pensamiento y la acción Lakoff y Johnson 1995:39. A fin de comprender la percepción de los docentes sobre su rol en el ámbito universitario, en el marco de una investigación sobre instituciones universitarias de las ciencias y tecnologías agropecuariasi, entre otros objetivos específicos y en relación con las tres misiones de la universidad docencia, investigación y extensión, este trabajo se propuso analizar las metáforas utilizadas por estos profesionales para describir su rol. En tal sentido, se administró un cuestionario por correo electrónico para recabar información y dar respuesta a los siguientes interrogantes: Cómo perciben los docentes su rol? Qué valores orientan su acción? Cambian esta percepción a lo largo de los años y de su profesionalización como docentes? Este artículo presenta un avance de los resultados sobre el uso de las metáforas en el marco del proyecto de investigación citado. Su objetivo es presentar brevemente el marco teórico que guio la investigación realizada y los resultados provisionales de esta investigación en relación con la utilización de las metáforas por parte de los profesores investigadores. Los resultados presentados provienen de un cuestionario que formó parte de una investigación sobre las ciencias agrarias en el nivel universitario de la Argentina, al que respondieron 793 docentes. Entre varias preguntas dirigidas al estudio de la percepción de los docentes universitarios acerca de su rol, se les pedía que eligieran una metáfora entre varias opciones que definiera el rol de los profesores universitarios en general. A continuación, se les pedía que formularan una metáfora que definiera su rol como docentes en particular.
t2_pos_000075;contribucion;contribucion;;84105984.txt;doc_84105984_sec01_chk01;41;INTRO;positivo_planb_alto;explicito_propio;332;"El diseño y desarrollo de un vehículo espacial lanzador supone un gran desafío desde el punto de vista de la optimización estructural, siendo el principal objetivo la reducción del índice estructural del vehículo. La principal estrategia utilizada para la optimización de este tipo de vehículos, según estado del arte actual, es la implementación de tanques estructurales. Estas estructuras de gran capacidad portante y bajo peso, cumplen la función de fuselaje y tanque al unísono. Este tipo de de espacio. Debido a la escasa bibliografía relacionada con este tipo de estructuras yo a la dificultad que presenta obtenerla por tratarse de know-how estratégico, se deben plantear diversas estrategias de diseño, las cuales deberán ser contrastadas entre si y validadas mediante ensayos para poder certificar que el camino propuesto es el correcto. En este sentido, resultan muy útiles las herramientas que ofrecen los software de cálculo por el método de los elementos finitos FEM. A pesar de esto, se vuelve imperioso establecer métodos de cálculo teórico para el diseño. Esto se debe a que, aunque sean estimativos o básicos, con ellos se podrá dimensionar de manera rápida, establecer diseños preliminares, tomar decisiones respecto de modificaciones de mayor complejidad o validar los resultados obtenidos numéricamente. De esta manera, se logra un mayor entendimiento conceptual del problema, permitiendo mayores posibilidades de optimización; se reduce el tiempo de modelado y de cálculo computacional al evitar modelos innecesarios en el representativos del problema planteado. Como se mencionó anteriormente, el diseño propuesto deberá ensayarse cualquiera sea la herramienta de diseño utilizada. Es por eso que frente al desafío tecnológico de construir tanques estructurales para un vehículo experimental de dos etapas, se propone el diseño y fabricación de un tanque prototipo que permita validar el procedimiento de diseño y los resultados obtenidos, Britez, Bidinost, Paladini, Sznajderman Diseño Estructural por Métodos Analíticos de un Tanque Prototipo de además de los procesos de manufactura. En este contexto, este trabajo presenta los métodos analíticos utilizados para el diseño del prototipo de ensayo."
t2_neg_000061;no_contribucion;contribucion;;82294718.txt;doc_82294718_sec01_chk01;0;INTRO;negativo_dificil;tercero_citado;484;Un Framework para Aplicaciones Web es un tipo de framework diseñado para soportar el desarrollo de sitios dinámicos, aplicaciones, servicios y recursos para la web. Este tipo de frameworks provee por lo general toda la funcionalidad central a la mayoría de las aplicaciones web, tales WICC 2014 XVI Workshop de Investigadores en Ciencias de la Computación Página 555 de 1158 como administración de la sesión del usuario, persistencia de datos, y sistemas de plantillas templates así como un conjunto de buenas prácticas y guías para el desarrollo. Los WAF son soportados en diferentes plataformas y lenguajes de programación 22, 23. Por su parte, un WIDE es un tipo de IDE Integrated Development Environment diseñado para soportar el desarrollo de sitios dinámicos, aplicaciones, servicios y recursos para la web. Un WIDE tiene como objetivo principal proveer el entorno para facilitar el desarrollo de sistemas orientados a la web. Algunos WIDE soportan diferentes plataformas y lenguajes de programación, como por ejemplo Koding que incluye Python, Java, Perl, Node.js, Ruby, C, C, PHP y Go, Mientas otros soportan un único lenguaje, como por ejemplo PythonAnywhere que es un WIDE especializado para Python. En algunos casos las diferencias entre Es posible que con el tiempo las mismas desaparezcan. Por otro lado, el método LSP Logic Score of Preferences, que adoptamos para construir nuestros modelos de evaluación, es un método que se basa en el empleo de una lógica continua, y que permite la creación de funciones complejas de evaluación y su aplicación en la evaluación y comparación de sistemas de índole general, permitiendo la creación de modelos precisos y fácilmente adaptables a las necesidades del usuario. El proceso general propuesto por el método es mostrado en la Figura 1. El desarrollo e identificación de la lista de características principales a tener en cuenta es lo que en el método LSP corresponde al primer nivel de lo que se llama el árbol de requerimientos. Cada una de estas características del primer nivel, son las hojas del árbol de requerimientos y se llaman variables de performance. Las mismas se agrupan en ítems o categorías más generales de acuerdo con propiedades que tengan similitudes, que haga que las mismas puedan ser razonablemente agrupadas. El árbol de preferencias es empleado para construir una estructura de agregación. En efecto para construir este modelo se emplean los operadores de Lógica Continua provistos por el método. evaluación de LSP. Estos operadores o funciones GCD Generalized Conjunction Disjunction nos permiten agregar los resultados obtenidos de cada una de las variables de performance, previamente mapeados a valores en el intervalo 0, 100 y llamados preferencias elementales, por medio de funciones llamadas criterios elementales. Esta agregación tiene como objetivo obtener, como resultado final de la estructura de agregación, un único valor preferencia global final E0 en la Error! E0 Función LSP Logic Aggregation of Preferences Variables de Performance Valores de cada una de las características Criterios Elementales
t2_pos_000039;contribucion;contribucion;;76092035.txt;doc_76092035_sec10_chk01;496;INTRO;positivo_planb_alto;explicito_propio;570;0,1,, 9ijkx i V j V k K 0,1 10iy i I 0,1, 11ijf i I j V La función objetivo 1 suma los costos de los depósitos abiertos, los costos de los arcos visitados por las rutas y los costos fijos asociados con el uso de los vehículos. El grupo de restricciones 2 garantiza que cada cliente sea visitado exactamente por una ruta y que solamente tenga un predecesor en la secuencia de la ruta. El grupo de restricciones 3 y 8 son asociadas con las capacidades del depósito y vehículo, respectivamente. Restricciones 4 y 5 aseguran la continuidad de cada ruta y determina que cada una de ellas comience y termine en el mismo depósito. La eliminación de los subtours es satisfecha a través de las restricciones 6. Restricciones 7 especifica que un cliente puede ser asignado a un depósito solamente si existe una ruta que lo une. Finalmente restricciones 9, 10 y 11 representan las variables binarias usadas en el modelo. El CLRP es considerado un problema NP-hard debido a que es la generalización de dos problemas NP-hard: el problema de localización de instalaciones con restricciones de capacidad CFLP y el problema de ruteo de vehículos con múltiples depósitos MDVRP. En este artículo se propone un algoritmo metaheurístico basado en simulado y reconocido con espacio de búsqueda granular para resolver el CLRP. La literatura existente para el problema de CLRP es descrita en la Sección 1. La Sección 2 detalla el algoritmo propuesto. Los resultados computacionales son presentados en la Sección 3. Finalmente, conclusiones e investigación futura se detallan en la Sección 4. 1. REVISIÓN DE LA LITERATURA La literatura relacionada con problemas de localización y ruteo ha sido condensada en Min clasificación para los problemas de localización y ruteo basada en el método de solución y las perspectivas del problema. Por su parte, en 5 se propone una clasificación más amplia basada en diferentes aspectos tales como el método de solución, la estructura jerárquica, el tipo de información, el período de planeación, etc. De acuerdo con el método de solución, el problema CLRP ha sido resuelto mediante algoritmos exactos y heurísticos. Métodos exactos están basados en formulaciones de dos y tres índices. Formulaciones de tres índices han sido propuestas en 3. Por otro lado, formulaciones de dos índices han sido propuestas por Laporte et al. 6 y Belenguer et al. 7. Elementos comunes de estos trabajos son técnicas de relajación, desigualdades válidas y algoritmos de separación. En términos generales, estos trabajos han sido capaces de probar optimalidad solo en instancias que contienen menos de 100 clientes. Debido a lo anterior, algoritmos heurísticos han sido propuestos como alternativa para la solución de problemas de localización y ruteo de mediana y gran escala problemas con más de 100 clientes. En la literatura existente, varios trabajos han considerado métodos heurísticos para resolver el CLRP. Usualmente, métodos heurísticos determinan buenas soluciones con razonables tiempos de ejecución. Estas técnicas emplean diferentes métodos de solución para modelar la relación entre los dos subproblemas problema de localización y problema de ruteo. En 5 se ha realizado una clasificación de los algoritmos heurísticos en cuatro categorías: métodos secuenciales, métodos basados en clústeres, métodos iterativos, métodos jerárquicos. Métodos secuenciales resuelven el problema de localización y luego el problema de ruteo. Estos algoritmos, mentación entre los dos subproblemas. Métodos iterativos resuelven ambos subproblemas en un modo iterativo, retroalimentando la solución entre
t2_pos_000033;contribucion;contribucion;;70241191.txt;doc_70241191_sec01_chk01;0;INTRO;positivo_planb_alto;explicito_propio;545;En este artículo se expone una propuesta de análisis social participativo del desarrollo tecnológico, a partir de un conjunto amplio de categorías que permiten dar cuenta de los aspectos más importantes de los procesos tecnológicos en los planes de desarrollo municipal. La propuesta posibilita una manera concreta de orientar el desarrollo tecnológico, en relación con lo que en América Latina se ha denominado tecnología social. Específicamente ofrece mecanismos prácticos y concretos para el análisis y la gestión social participativa de los procesos tecnológicos, a través de la adecuación social de esos procesos tecnológicos, en el marco de los planes de desarrollo. Desde mediados del siglo veinte en América Latina se han formulado diferentes propuestas que buscan alternativas de orientación social del desarrollo tecnológico para los países de la región, acordes con sus necesidades. En consecuencia se ha estructurado una incipiente trayectoria de propuestas, desde lo que se conoció como tecnologías apropiadas en los años sesenta, hasta lo que hoy se denomina de manera general como tecnología social Thomas, 2007 y Dagnino, 2002. Sin embargo, a pesar de la evolución conceptual de esta trayectoria, se han presentado importantes dificultades generales para lograr los propósitos sociales buscados, en relación con los siguientes aspectos: Primera dificultad: se han dado pasos interesantes en las posibilidades de desarrollar procesos tecnológicos al alcance de los más pobres, a través de la implementación de tecnologías en pequeña escala, con bajos requisitos de conocimiento, bajo costo de producción y escaso consumo energético. Pero esos procesos han tenido dificultades para ser competitivos fuera de un mercado local. O han propiciado relaciones económicas paternalistas o economías de dos sectores. En realidad, los sectores sociales más pobres difícilmente pueden apalancar procesos tecnológicos ampliamente competitivos. Los esfuerzos para empoderar política y económicamente a los grupos marginados, a partir de un desarrollo tecnológico alternativo, parecen estar condenados siempre a ser débiles frente a las poderosas dinámicas de desarrollo tecnológico globales. Segunda dificultad: los esfuerzos para llevar a cabo experiencias concretas de tecnología social se han enfocado en definir las condiciones sociales y políticas estructurales que se requieren para hacer posible este tipo de desarrollo tecnológico. Pero con ello parecen asumir de manera tácita la premisa de un determinismo social de la tecnología en lugar del cuestionado determinismo tecnológico o parecen caracterizar a la tecnología social como un tipo de tecnología especial para grupos sociales con condiciones sociales y políticas específicas. Tercera dificultad: aunque en los procesos tecnológicos planteados se ha buscado interpretar las necesidades y las alternativas de los sectores sociales más desfavorecidos, ha sido muy difícil integrar de manera participativa las formas de pensar y las creencias de las comunidades con los conceptos del experto. La orientación social se ha intentado definir en mayor medida desde el punto de vista experto y en menor medida desde la integración de las opiniones de las comunidades. Como resultado, se suma una falta de consenso sobre lo que es una tecnología social, a una carencia de metodologías de participación de las comunidades en los procesos de definición de las tecnologías socialmente adecuadas. Este artículo propone precisamente aportes para la disminución de esas dificultades, de la siguiente manera: a Propone un modelo de condiciones sociales, políticas y económicas particulares, sino abierto y general, aplicable a cualquier proceso tecnológico, pero que ofrece
t2_neg_000084;no_contribucion;no_contribucion;;84118583.txt;doc_84118583_sec03_chk04;5709;sin_asignacion;negativo_dificil;objetivo_sin_novedad;312;"debates en cada grupo. Finalmente, lxs coordinadorxs promovieron el debate a partir de la identificación de similitudes y diferencias en las producciones y debates. Cabe destacar que durante las dos horas de taller el rol de lxs coordinadorxs consistió en presentar las dinámicas, habilitar el debate e intercambio y garantizar que circulara la palabra. El objetivo del espacio de taller participativo, fue el intercambio entre compañerxs a partir de identificar las propias experiencias de acceso a privilegios y violencias dentro del patriarcado, por lo cual la coordinación sólo acompañó y promovió dichos debates. El segundo momento del TdG, se propuso un diálogo entre lxs estudiantes y diversxs especialistas en el tema. Para ello, se reunió a todas las comisiones en cada turno y se organizó un panel, en el cual se retomaron los emergentes de las producciones y debates en las comisiones. Con base en estos emergentes, lxs especialistas aportaron sus miradas y una conceptualización, abriendo a debates y preguntas. Hubo un momento previo al panel en que lxs coordinadrxs pudieron intercambiar y socializar con lxs panelistas los aspectos abordados en las comisiones, y los debates que consideraron era necesario profundizar o aportar más información. La conceptualización en los paneles giró en torno a: géneros; patriarcado; feminismos; sexualidades; heteronormatividad; leyes inclusivas: Ley de Identidad de Género, Cupo Laboral Trans, Matrimonio Igualitario; uso del lenguaje, violencia, estigma y discriminación; tipos de violencia; línea de tiempo de conquistas de derechos. Durante el panel además se destinó un espacio para presentar la Unidad de Atención ante Situaciones de Violencia yo Discriminación de la Facultad de Ciencias Exactas que se creó en el 2016, en el marco del Protocolo contra la violencia de género en la UNLP. Por otro lado, la comisión de género del Centro de Estudiantes contó sobre su funcionamiento e invitó a lxs estudiantes a participar de ella. Los emergentes de mayor resonancia"
t2_pos_000013;contribucion;no_contribucion;;24326214.txt;doc_24326214_sec02_chk02;949;INTRO;positivo_planb_alto;pasivo_anclado_trabajo;365;"Si se examinan las diferentes propuestas metodológicas existentes de roadmapping se constata una gran variedad de ellas y que, como era de esperar, tienen muchas similitudes entre sí en cuanto a la estructura, la concreción de los objetivos y las finalidades, y la implantación y el deseo de ser una herramienta potente para optimizar los proyectos de futuro en las organizaciones Albiol Lloveras, 2009. Si bien es cierto que todas las propuestas contemplan quien más quien menos los mismos factores tales como mercado, producto, tecnología, recursos, finanzas etc....pocos inciden, y se refiere a la propiedad industrial e intelectual Radnor Probert, 2004. Sólo el proceso STAR de la Universidad de Nottingham Gindy, 2008; Hodgson, 2008 menciona el benchmarking y la vigilancia tecnológica como procesos clave pero sin insistir en el estudio de las patentes, por otro lado los roadmaps de la Universidad de Seoul Lee Park, 2008, contempla el estudio de las patentes pero exclusivamente de forma como fuente bibliométrica de tendencia, sin entrar en el estudio de solicitudes de patentes o modelos de utilidad publicados por parte de empresas competidoras. Es por los motivos expuestos anteriormente que uno de los objetivos es la contemplación de forma evidente del estudio de la propiedad industrial en los roadmaps y en las metodologías que los generen. En segundo lugar se observa una dispersión de los factores a tener en cuenta en la confección de un roadmap y que evidentemente aparecerán reflejados en él, ciertamente todos los autores de las diferentes metodologías definen factores como el mercado, competidores, conocimiento, oportunidades de negocio, habilidades, etc...ver Figura 3, los cuales son comunes a prácticamente todas las organizaciones y es lógico que estén incluidos ya que son esenciales en todas ellas. Sin embargo, parecería conveniente agrupar los diferentes factores- aun manteniendo su independencia- en dos grandes visiones para facilitar su mejor comprensión y estudio. Así pues el segundo objetivo principal de la guía metodológica que se propone en este artículo consiste en la clasificación de los factores principales a tener en cuenta en un roadmap en dos grandes grupos, los que formaran parte de la visión interna de la organización y los que serán considerados de visión externa a ella."
t2_neg_000032;no_contribucion;no_contribucion;;5255313.txt;doc_5255313_sec05_chk04;6325;METH;negativo_dificil;senal_contrib_no_propia;498;"Para llevar a cabo esta fase de la investigación se empeló el análisis categorial, entendido como la separación de unidades con criterios temáticos Miles, M. y Huberman, A. 1994, citado por Rodríguez, G. Gil, J, y García, E, 1999, asumiendo como unidad de análisis el fragmento de las observaciones y entrevistas que destacan acciones y expresiones, las cuales evidencian aspectos claves de las categorías de análisis relacionadas con las prácticas evaluativas, la enseñanza y aprendizaje de las matemáticas. Para ello se asignó un color específico a cada categoría de análisis, lo que permitió señalarlas y diferenciarlas en el texto. Una vez concluida la etapa de separación de unidades de análisis se procedió a discriminar dichos fragmentos en una matriz categorial para cada docente: para el análisis de esta información fue necesario la elaboración de subcategorías, que posibilitaron la clasificación de la información presentada. Esto permitió realizar deducciones en cada categoría, las cuales fueron hechas por suma categorial o por inferencia directa Stake, R. 1999. Se ha encontrado que los docentes que participaron en la investigación hacen énfasis en la enseñanza y la evaluación del conocimiento matemático formal, entendido como la explicación teórica y ejercitación mecánica de algoritmos matemáticos, que por lo general matemática, sin embargo durante las entrevistas algunos manifestaban que se interesaban más por enseñar a los estudiantes a ser competentes en matemáticas, lo que hace ver una ruptura significativa entre lo que algunos docente quiere y lo que verdaderamente hace en el aula. Asimismo, se evidencia la disolución entre las pruebas escritas parciales y los exámenes finales, los primeros preguntan por la mecanización de un algoritmo, mientras que los últimos obedecen a normas institucionales, que establecen pruebas tipo ICFES selección múltiple con única respuesta en las que por lo general se pregunta por la competencia matemática. Por otra parte, se ha encontrado que los docentes utilizan la evaluación como un medio para la construcción de valores, especialmente la responsabilidad y honestidad. Esto nos muestra que a pesar de la enseñanza tradicional de las matemáticas, la educación conocimiento matemático para desarrollarse en contexto, sino que también contribuye a la formación personal, para que el estudiante se vincule adecuadamente en la sociedad, al matemático sino que éste se encarna dentro de una serie de fenómenos sociales propios de otras esferas de acción social que se reproducen a menor escala en la microsociedad del aula De otra manera, se observa que los docentes brindan ciertos criterios para realizar la autoevaluación, sin embargo cuando el estudiante tiene que valorar este aspecto, en algunos casos la utiliza como medio para pasar la materia, dejando algunos criterios dados; frente a se encuentran dos acciones específicas por parte de los docentes, la primera es la intervención para hacer dar cuenta al estudiante del significado de la autoevaluación, lo que genera que el estudiante replantee su valoración, la otra se presenta cuando es el docente quien cambia la nota de autoevaluación, convirtiéndola en una heteroevaluación de la actitud del estudiante frente a la clase."
t2_pos_000063;contribucion;no_contribucion;;82320552.txt;doc_82320552_sec01_chk03;2635;INTRO;positivo_planb_alto;explicito_propio;580;XXXVI Encuentro y XXI Congreso de Escuelas y Facultades Públicas de Arquitectura del Mercosur San Juan. Argentina. 2017 pág. 4 A pedido de la entonces Secretaría de Energía de la Nación que en 2009 visitaron el Subcomité de Acondicionamiento Térmico de Edificios de IRAM Instituto Argentino de Normalización y se solicitó la creación de una norma de etiquetado de edificios. En menos de un año se aprobaba la Norma IRAM 11900 sobre Etiqueta de eficiencia energética de calefacción para edificios. Clasificación según la transmitancia térmica de la envolvente. Norma que en este momento ha pedido de la Subsecretaría de Eficiencia Energética de la Nación y el INTI se encuentra en revisión en su Esquema 1. La futura norma 11900 contemplará el gasto de energía en calefacción y en refrigeración, el uso de sistemas peso de cada variable. Volviendo a la vigente, esta fue desarrollada a partir de un modelo térmico simple aplicado a edificios y tomando como referencia un indicador de una norma antigua se adoptó el coeficiente tau de la Norma IRAM 11625 sobre Riesgo de condensación en paramentos. Este indicador expresado en grados Celsius expresa la temperatura de la superficie interior de muros, techos, pisos y aberturas y es a su vez expresión del nivel de aislamiento térmico que estas posean. Se consensuó una temperatura interna de confort de 20C que además se relaciona con las transmitancias térmicas K Nivel B de la Norma IRAM 11605 adoptadas por el Decreto Autónoma de Buenos Aires. A su vez el modelo energético de la Norma IRAM 11604 incluido en las citadas leyes utiliza el Nivel B. Con esas referencias se consensuó una escala de 1oC para el Etiquetado calidad A y 4oC para el etiquetado calidad H con pasos de medio grado. En los ejemplos elaborados durante la discusión de la Norma 11900 se mostró que prácticamente de aplicar a todo lo construido aplicaran las leyes mencionadas los edificios tendrían etiquetado entre C y E e implicaría un ahorro de la demanda energética de estos entre 30 y 35. ningún nivel de eficiencia en particular solo expone el grado de ineficiencia relativa. Pero esta exposición delata la conciencia energética del constructor o desarrollador inmobiliario y quizá por esto se mantiene la resistencia. A fin de clarificar el impacto energético y económico que significa la aplicación de estas normas, leyes y decretos se propone un análisis teórico para dos tipos de casas y un edificio de viviendas en altura. Y a estos se los materializa con tres escenarios tecnológicos. El primero ET1 con los modos usuales de muros en ladrillo hueco revocado, techos de losa y aberturas de aluminio con un vidrio. Un segundo escenario ET2 buscando cumplir con las leyes provincial y de la ciudad de Buenos Aires y un tercer escenario recomendado por los autores de este trabajo. Evaluación tipos edilicios y sus escenarios tecnológicos Basados en lo expresado previamente se propone la evaluación de tipos edilicios a fin de debatir las ventajas de contar con una envolvente mejorada y brindar antecedentes para una calificación. Se proponen los siguientes escenarios tecnológicos aplicados a la región del área metropolitana de Buenos Aires AMBA que forma parte de la Zona bioambiental IIIb IRAM 11603, Acondicionamiento térmico de edificios. Clasificación bioambiental de la República Argentina. Esto ya que para la realización de simulaciones energéticas debe establecerse un sitio de aplicación que luego puede ajustarse a otras ciudades de la Argentina. Hacia un modelo de certificación de edificios sustentables adecuados al contexto regional
t2_pos_000092;contribucion;contribucion;;87542938.txt;doc_87542938_sec01_chk01;32;INTRO;positivo_planb_alto;explicito_propio;418;Los colectores solares con acumulación integrada CAI son una opción interesante para proveer agua caliente sanitaria domiciliaria por su menor costo frente a otro tipo de colectores y por su simplicidad de instalación Kalogirou, 1997, ya que funcionan sin sistemas de control y la conexión a la instalación domiciliaria es muy sencilla. Se conocen varios tipos de CAIs, construidos con diversos materiales y variadas tecnologías Smyth et al., 2007, siendo posible distinguir de modo general tres clases de sistemas que combinan almacenador y colector en una misma unidad, sistemas de tanque simple, sistemas integrados de tubos progresivo y sistemas con concentradores estacionarios Morrison, 2001. Todos los sistemas con acumulación integrada tienen dificultades para mantener la temperatura lograda durante las horas de de la cubierta transparente Faiman et al., 2001, lo que hace que la principal aplicación de estos sistemas sea la de precalentador, y en general deban ser conectados en serie con un calentador convencional si se requiere agua caliente durante las 24 horas Morrison, 2001. Debido a la dependencia de las condiciones climáticas, los sistemas de calentamiento solar de agua nunca pueden instalarse como único generador de agua caliente, aún los sistemas más complejos y mejor aislados, y siempre deben complementase con sistemas convencionales de calentamiento de agua Duffie y Beckman, 2006, lo que centra la discusión acerca de que sistema adoptar en una relación entre el costo del equipo y la fracción solar de energía que aporta, considerada esta última como ahorro de dinero durante la vida útil del sistema solar. Si bien existen en el mundo tecnologías muy avanzadas disponibles para el desarrollo y manufactura de sistemas de calentamiento de agua, como tecnologías de superficies selectivas, tecnologías de acero inoxidable o cobre, en nuestro país sistemas. También es demasiado costoso para producciones a baja escala el uso de sistemas automatizados de fabricación, por lo que los diseños de nuevos sistemas de calentamiento de agua mediante energía solar deben contener la menor cantidad de partes posible y es necesario minimizar la cantidad de operaciones de manufactura. Asimismo, se debe asegurar el uso de tecnologías y materiales locales, si lo que se pretende es lograr equipos económicamente competitivos para tender a la masificación del uso de energía solar en la región. Este trabajo presenta las consideraciones de diseño, los pasos seguidos y las tecnologías empleadas en el desarrollo y evaluación de su comportamiento térmico, y se agrega una comparación de parámetros geométricos con otros tipos de CAIs. ASADES Avances en Energías Renovables y Medio Ambiente 03.51
t2_pos_000042;contribucion;contribucion;;78155507.txt;doc_78155507_sec01_chk01;0;INTRO;positivo_planb_alto;explicito_propio;697;"Las aplicaciones móviles están presentes en múltiples dominios, se caracterizan por brindar acceso a la información y estar disponibles en todo momento desde cualquier dispositivo móvil con acceso a internet. La mayoría de las actividades que se realizaban desde una computadora, tales como revisar el correo electrónico o visitar una red social, en la actualidad son realizadas desde dispositivos móviles 1. Actualmente, para el desarrollo de aplicaciones de software se debe contemplar los diversos dispositivos existentes computadoras de escritorio, notebooks, smartphones, tablets, wearables, etc. y los sistemas operativos disponibles Android, iOS, Windows, entre otros. El desarrollo específico para cada plataforma puede requerir un trabajo costoso, por tal razón los proveedores de software buscan soluciones alternativas más económicas con similar calidad en el producto final 2. Existen dos tipos de aplicaciones móviles: nativas y multiplataforma. -778- Las aplicaciones nativas se desarrollan utilizando tecnologías específicas, dando lugar a un nuevo proyecto de desarrollo para cada plataforma que se desee cubrir. Por el contrario, existen diferentes enfoques de desarrollo que parten de un único proyecto base y permiten cubrir múltiples plataformas 34: aplicaciones web móviles, aplicaciones híbridas, aplicaciones interpretadas y aplicaciones generadas por compilación cruzada; aceptados por la academia y la industria desde hace varios años 1345. Estos enfoques han sido analizados por los autores de este trabajo en 1 En forma reciente ha surgido una nueva alternativa para el desarrollo de aplicaciones web móviles denominada Aplicaciones Web Progresivas PWA por sus siglas en inglés. Esta nueva alternativa se introdujo por primera vez en la conferencia de Unidos 9. En este trabajo se presenta PWA, sus principales características, un ejemplo de uso, y un minucioso análisis comparativo con las aplicaciones web móviles. Este artículo está estructurado de la siguiente manera: la sección 2 resume el desarrollo de aplicaciones web móviles, mientras que la sección 3 introduce el enfoque PWA. La sección 4 presenta un minucioso análisis comparativo entre las aplicaciones web móviles y las PWA. Finalmente se presentan conclusiones y se propone trabajo futuro. 2 Aplicaciones web móviles Las aplicaciones web móviles se desarrollan utilizando tecnología web estándar como HTML, CSS y Javascript. Por tal motivo, el desarrollo, la distribución y las pruebas son relativamente sencillas, siendo una opción a considerar para tener presencia en el algún fabricante para su publicación y son independientes de la plataforma: sólo es necesario un navegador y acceso a internet 2. El gran desafío que presenta el desarrollo de este tipo de aplicaciones es lograr una experiencia de usuario satisfactoria considerando que existen una amplia diversidad de dispositivos computadoras, smartphones de diferentes tamaños, tablets, consolas de videojuegos, televisores inteligentes, wereables, entre otros en los cuales la aplicación va a ser utilizada 10. El concepto de aplicación web móvil adaptable conocido como web responsive, el cual consiste en que el sitio puede adecuarse a los diferentes tamaños de pantalla de los dispositivos, ha surgido como un mecanismo para evitar construir la misma aplicación para cada tipo de dispositivo. Actualmente existen diversos frameworks de desarrollo web que facilitan este trabajo, tales como Bootstrap 11 Foundation 12, Bulma 13, entre otros. De acuerdo a lo presentado en 2 y 3 las aplicaciones web móviles pueden ralentizar el tiempo de respuesta dado que requieren interacción cliente-servidor. Asimismo, resultan menos atractivas que una aplicación instalada en el dispositivo, ya todas las características del dispositivo sensores, estado de la batería, almacenamiento, entre otros ni hacer que la aplicación se ejecute en segundo plano 2. -779- 3 PWA Las aplicaciones denominadas PWA son aplicaciones web móviles que aprovechan las nuevas posibilidades y APIs que brindan las nuevas tecnologías Web, cómo los Service Worker script que se ejecuta en segundo plano y permite la implementación de Web App Manifest archivo JSON que permite especificar metadatos de la aplicación permite que una aplicación web pueda incorporar algunas de las características históricamente exclusivas de las aplicaciones nativas, tales como funcionamiento offline, la recepción de notificaciones push y disponer de un ícono de acceso en el lanzador de aplicaciones. PWA emplea un conjunto de tecnologías que permite a una aplicación web superar algunas de las limitaciones subyacentes al enfoque web móvil, y brindan al usuario la sensación de estar utilizando una aplicación nativa 18."
t2_neg_000074;no_contribucion;no_contribucion;;84087510.txt;doc_84087510_sec06_chk02;8534;RES;negativo_facil;zona_sin_senales;317;ESPERADOS Los resultados obtenidos en esta primera etapa son hasta el momento satisfactorios en términos de ejecución y en términos de desarrollo. La perfomance de la nueva biblioteca es pobre referente a las bibliotecas utilizadas por Linux, tales como la GNU Pth, contra la cual se realizan los estudios comparativos hasta el momento. Está en estudio ampliar las funciones de biblioteca para realizar estudios más completos, nuevas funcionalidades al Kernel y agregar la biblioteca para manejos de hilos generada por el sistema operativo PSYCHE, como un elemento más de comparación, a de kernel. Los primeros informes sobre el comportamiento entre diferentes elementos se muestran a continuación 24WICC 2010 - XII Workshop de Investigadores en Ciencias de la Computación 4. FORMACION DE RECURSOS HUMANOS Se realizó: la primera transferencia de los conocimientos obtenidos a los alumnos que cursan Sistemas Operativos, ya que realizaron el análisis de la arquitectura y las distintos formatos de ejecutables conjuntamente con el análisis del SODIUM e intervinieron en el desarrollo de los administradores. Transferencia de conocimientos a los alumnos de Sistemas de Computación II de la Universidad de La Matanza y a los alumnos de Sistemas Operativos de la Universidad Tecnológica Nacional, Regional Buenos Aires. Publicación de los avances en la investigación en dos congresos internacionales. Se prevé continuar con las publicaciones en otros congresos internacionales Se está estudiando: el realizar convenios de colaboración con otras universidades nacionales estatales y privadas de las cuales recibimos ofrecimientos de colaboración, con el objetivo de intercambiar conocimientos y ampliar los alcances del sistema. En esta línea de investigación tenemos: dos trabajos de la Maestría en informática en curso. colaboran también en el desarrollo un becario, un alumno de Ingeniería electrónica y un alumno que cursa los primeros años de la carrera de Ingeniería en informática. Recibimos la colaboración además de alumnos que ya han cursado la materia y han desarrollado parte del SODIUM en los años anteriores.
t2_pos_000091;contribucion;no_contribucion;;87541743.txt;doc_87541743_sec01_chk01;0;INTRO;positivo_planb_alto;explicito_propio;477;conocimiento solamente, sino que debe promover también la formación de ciudadanos1. La contribución a este proceso es importante puesto que de la capacidad de participación política de los miembros de una sociedad depende en gran medida la posibilidad de satisfacer sus demandas. Por tal motivo, es importante que cada institución universitaria se constituya en un espacio promotor de la reflexión de la sociedad sobre sí misma para generar procesos comunicativos interactivos que faciliten el discernimiento de las demandas actuales y la previsión de las necesidades futuras de la comunidad donde se inserta. Conservando ese referente, es necesario también que la misma institución se re-piense a sí misma, de manera de contribuir a la formación de ciudadanos que participen activa, crítica y constructivamente en aquella. Desde esta perspectiva, este trabajo se propone reflexionar sobre algunas cuestiones del rol de la universidad y la respuesta de sus miembros, siendo su objeto empírico el Plan Institucional de la Universidad Nacional de San Luis UNSL. 1 La significación de ciudadano genera numerosas controversias, siendo utilizada en la mayor parte de los casos diversas. Por tal motivo, corresponde aclarar que en este trabajo la condición de ciudadano implica la participación en la vida política de la sociedad y la posibilidad de constituirse en sujeto activo y responsable de ésta. En efecto, la experiencia ha demostrado que, si bien la propuesta de construcción de un plan institucional aparece como oportuna y pertinente, paradójicamente, la participación de los actores involucrados en este espacio habría sido bastante escasa e inferior a las expectativas, lo que lleva a cuestionarse sobre los factores que inciden, positiva o negativamente, en la contribución que la universidad hace a la formación de ciudadanía en este caso concreto. En consecuencia, cabe preguntarse sobre la efectiva promoción de la participación y compromiso sociales por parte de esta institución universitaria cuando sus miembros, los protagonistas, revelarían un claro desinterés e indiferencia hacia acciones colectivas de esta naturaleza. En virtud de lo expresado, se requiere considerar previamente las dificultades que las instituciones universitarias- incluyendo la UNSL- enfrentan en el particular contexto socioeconómico y que condicionan su actividad, con particular énfasis en el fenómeno de la globalización y la hegemonía del discurso neoliberal y sus consecuencias en la vida académica, en especial, en la reticencia de los actores universitarios a participar en la construcción del Plan Institucional. Entre esas dificultades podemos citar el desfinanciamiento, la expansión y la diferenciación de la oferta educativa pública y privada, la acreditación y evaluación universitaria, el aumento de la capacidad de control y vigilancia del Estado nacional sobre las universidades a través de distintas agencias y programas de gobierno2. Más allá de los inconvenientes señalados, el contexto actual justifica la necesidad de construir un plan institucional que, además de reformular el rol de la institución universitaria, asegure la participación de todos lo actores involucrados, incluyendo a la comunidad.
t2_pos_000090;contribucion;contribucion;;87541613.txt;doc_87541613_sec01_chk01;0;INTRO;positivo_planb_alto;explicito_propio;263;El debate en torno a la problemática de la deuda pareciera haberse desvanecido, por largo tiempo, de la agenda pública en Argentina. Sin embargo, algunos indicadores parecerían señalar ciertas limitaciones en las estrategias de resolución desplegadas por el Estado argentino que nos llaman a reflexionar acerca de la actualidad de la deuda, indagando su pasado reciente, su presente y perspectivas futuras. El presente artículo se propone analizar la problemática de la deuda pública del Estado Nacional examinando las acciones estatales y sus relaciones con el capital financiero y los organismos financieros internacionales. Esta problemática será analizada en el marco del modelo post-convertibilidad, centrándonos con mayor énfasis en el gobierno de Néstor Kirchner 2003-2007, gobierno que llevara adelante la resolución del default en que entrara diferenciales impulsadas por el Estado en relación a los distintos actores del endeudamiento público y evaluaremos los alcances e implicancias de las políticas desplegadas. Contexto El preludio del ingreso al default se encuentra signado por la crisis social, política y económica que caracterizó el agotamiento del modelo de la Convertibilidad 1991-2001. Este modelo poseía cualidades que lo hacían intrínsecamente deuda-dependiente debido, entre otros motivos, a que era un modelo necesitado de divisas para mantener la paridad del tipo de cambio fijada en 1 peso - 1 dólar, pero que en condiciones estructurales de escaso dinamismo de las exportaciones, en el marco de la sobrevaluación de la moneda local, y un constante déficit fiscal entre otras causas, por el impacto producido por la privatización del sistema de jubilaciones y pensiones apeló incesantemente al endeudamiento público. La profundización
t2_pos_000076;contribucion;contribucion;;84106265.txt;doc_84106265_sec01_chk01;44;INTRO;positivo_planb_alto;explicito_propio;694;"la profundidad necesaria su formulación. La definición de la consigna es, como veremos, central en la enseñanza, por lo cual amerita conferirle mayor importancia dado que constituye un relevante recurso didáctico. analicen las consignas específicamente orientadas a la enseñanza del Lenguaje Visual. Si se amplía la búsqueda hacia las Artes Visuales o Artes Plásticas en general, se encuentran ejemplos de consignas, de proyectos yo de actividades, pero sin su correspondiente fundamento teórico-pedagógico. Este trabajo propone un análisis sobre la elaboración y uso de consignas para la enseñanza del Lenguaje Visual en la educación superior, entendiendo esta actividad desde la praxis, es decir, las consignas en su constante revisión y reescritura. Los expresan únicamente en la fundamentación del programa, en sus objetivos, en sus contenidos y en la bibliografía propuesta, sino también en las consignas de trabajo, es decir, más concretamente, en aquello que organizará el estudio y las actividades de los alumnos. El primer paso es, entonces, intentar alcanzar una definición. La misma dependerá del modo en que entendamos el proceso de enseñanza y de aprendizaje. Las consignas son más que la organización de la actividad del alumno, son parte también de la planificación de la enseñanza del docente. Configuran un acuerdo, un contrato que encauza la totalidad de este proceso los saberes y la producción de los alumnos, la enseñanza, la evaluación. Las consignas son un recurso didáctico mediante el cual se estipula qué y cómo hacer una actividad organizada por el docente. Si bien pueden presentarse en forma oral, es recomendable expresarlas por escrito. La escritura permite al docente la revisión crítica del enunciado y al estudiante releerla cuantas veces crea necesario durante el proceso de producción. Ponen en relación el quehacer docente con el del alumno, enlazando finalidades pretendidas y acciones propuestas y permiten encauzar la evaluación de los saberes de los estudiantes, a la vez que se constituyen en un instrumento de planificación y evaluación de la enseñanza. Es decir, las consignas Son la herramienta con la que cuenta el docente para orientar el esfuerzo cognitivo y las estrategias de aprendizaje de sus alumnos. La relación entre docentes y estudiantes está mediada por directivas de trabajo que el docente imparte cuando desarrolla su tarea. Estas directivas son las llamadas consignas de trabajo. Constituyen las guías de las tareas con sentido y son el instrumento de planificación y evaluación de la enseñanza.... dispositivo relevante en la mediación que hace posible la apropiación del conocimiento, desde la búsqueda de un hacer que remite específicamente a operaciones del pensamiento Espósito, Barrera, Gallo, Martínez, Ocampo, Tagliavini, 2010. Cómo se plantean las consignas? Las consignas pueden orientarse a la resolución de interrogantes ontológicos definiciones de las cosas, de los fenómenos y a la organización de las prácticas en técnicas, por ejemplo. Las consignas producidas por las cátedras de Lenguaje Visual I y II B, enmarcadas en el trabajo de producción de una unidad conceptual, ponen de relieve los aspectos centrales, vinculados al lenguaje, a la hora de producir imágenes visuales a partir de los cuales se organiza el trabajo en el aula: la contextualización del contenido específico en vinculación con la obra como totalidad; la elaboración de un proyecto de producción que oriente caminos a seguir, admitiendo la posibilidad de la existencia de múltiples soluciones; la ampliación del universo de materiales, procedimientos, técnicas ya conocidos y transitados en sus trayectorias escolares; el establecimiento de criterios de selección de los mismos con relación al proyecto de producción; la toma de decisiones formales, incluyendo las condiciones de emplazamiento y circulación. Consideramos el trabajo práctico como una propuesta de interpretación y fundamentación teórica que parte de una situación problemática global que contextualiza a cada una de las tareas a realizar. Su esencia está dada por varias acciones de análisis que deben realizarse diversas por el tipo de trabajo cognitivo que exigen y una síntesis o informe elaborado por el propio sujeto en el cual se fundamentan los procedimientos seleccionados para su resolución yo los resultados o conclusiones a las que se arriba, en el que ha de intervenir el o los marcos teóricos seleccionados convenientemente brindado por la bibliografía de lectura obligatoria Steiman, 2008, pp. 85-86."
t2_neg_000049;no_contribucion;no_contribucion;;77479469.txt;doc_77479469_sec04_chk04;4527;RES;negativo_facil;zona_sin_senales;470;De acuerdo con lo reportado en las entrevistas, se puede inferir aspectos de gran significación. En primer lugar, se desprende de todos los directivos consultados la voluntad institucional de llevar adelante el fortalecimiento de la imagen corporativa y el buen desempeño de las labores ligadas a la difusión de los logros institucionales, programas y productos de la universidad, para la consolidación de una comunicación efectiva de los valores e identidad corporativa. Ello, se evidencia en la necesidad de, efectivamente, unificar criterios a la hora de diseñar y elaborar los mecanismos que permiten transmitir los mensajes de cada una de las unidades obstante, se requiere de un marco de referencia básica, donde se tomen en cuenta los elementos y procedimientos básicos a fin de coadyuvar, atendiendo las necesidades específicas, en el cumplimiento de los objetivos nacionales comunicacionales de la UPEL. De la misma manera, destaca la inexistencia de criterios institucionales que brinden las distintas directrices de la UPEL en materia de imagen e identidad corporativa que deben regir en el diseño de piezas promocionales e informativas de todo tipo en cada uno de los institutos adscritos, incluyendo por supuesto a la UPEL- El Mácaro. Todas estas reflexiones se ilustran y resumen en la figura 1. Ahora bien, para la caracterización de los medios de difusión y producción de material promocional en la Institución objeto de estudio, se consultó, además la opinión del personal directivo en relación con estas actividades en las subdirecciones y secretaría. De acuerdo con los resultados que esto arrojó, se infieren algunos aspectos de significación. En este sentido, destaca la percepción del personal directivo en la falta de unificación de criterios, entre las unidades que conforman la institución, a fin de mantener uniformidad en los elementos creativos que se utilizan para el diseño y producción materiales promocionales y de difusión que coadyuven en el fortalecimiento de la imagen corporativa. Asimismo, asumen la necesidad de unificar criterios, sólo se consulta a la Unidad de Relaciones Públicas cuando son materiales para eventos de gran significación, manifestó el investigación para obtener insumos. De la misma manera, el proceso de revisión del material por parte de otras personas para verificar errores u obtener sugerencias es poco realizado. Existe un gran impacto de la urgencia del requerimiento para la elaboración del material, así apropiados para el diseño de materiales. Estos aspectos se resumen en la figura 2. Para efectos de este estudio, el investigador consideró la pertinencia de incorporar la opinión del estudiante upelista, entre las distintas sedes en Venezuela. En este sentido, el estudiante es la razón de ser de la universidad, por tanto, el principal beneficiario de la consolidación de una política comunicacional adaptada a las características de una institución de dimensiones complejas ya sea por su matrícula estudiantil como por la diversidad de actividades y productos universitarios que se realizan.
t2_neg_000018;no_contribucion;no_contribucion;;122788525.txt;doc_122788525_sec03_chk02;1598;BACK;negativo_facil;zona_sin_senales;411;"aprendizaje. El cerebro humano, producto de la evolución de millones de años ha logrado una delicada especialización funcional, ampliando significativamente sus posibilidades de actividad, permitiéndole cumplir con la compleja actividad que genéricamente denominamos conducta inteligente. 9, 10. Se entiende por dominancia hemisférica, el predominio relativo de un hemisferio cerebral para la ejecución de una función mental o motora. El hemisferio izquierdo que rige la motricidad fina de la mano derecha, se constituye para la mayor parte de la población en el hemisferio dominante. La manualidad resulta una variable continua desde la zurdería extrema hasta la destreza absoluta, distribuida también en forma continua en la población, los individuos diestros son el 90 de la misma.3,7,14,17,19. Estudios experimentales han demostrado que cada hemisferio cerebral posee formas peculiares y específicas de pensamiento que se manifiestan por medio de estrategias de aprendizajes y conductas singulares. La teoría de la Especialización Hemisférica, establece que una región determinada y precisa del cerebro es la responsable de una función cognitiva específica, porque la especialización es una propiedad de la actividad de las neuronas que permite aportar una respuesta selectiva a un requerimiento del medio.3,7,14,17,20. Las funciones desempeñadas por los dos hemisferios cerebrales se relacionan con un tipo específico de pensamiento hemisférico. El hemisferio izquierdo posee un pensamiento convergente, deductivo, intelectual, racional, abstracto, realista, secuencial, histórico, analítico, explícito y objetivo. El hemisferio derecho desarrolla un pensamiento divergente, sensual, metafórico, imaginativo, concreto, impulsivo, libre, múltiple, holístico, tácito y subjetivo. 3, 5, 11, 15,20. El hemisferio izquierdo tiene un modo de operar lineal, sucesivo, secuencial en el tiempo, va paso a paso, recibe información dato a dato, procesándola en forma lógica, discursiva, causal, sistemática, razona verbal y matemáticamente, donde cada decisión depende de la anterior, para pensar aislada soluciones globales y totalizadoras. 3, 5, 14,15, 20. El hemisferio derecho desarrolla funciones que requieren un pensamiento intelectual simultáneo y sintético de muchas cosas a la vez. Por ello tiene un pensamiento intuitivo capaz de alegórico. Su manera de operar se relaciona con su aprehensión estereognósica del todo, procede en apreciación de formas visuales y espaciales, el reconocimiento de los rostros e imágenes táctiles, estructuras rítmicas, musicales; en general todo lo que requiere pensamiento visual, artístico e imaginación. 3,5,14,15,20. Cada persona tiene un modo de pensamiento relacionado con la preeminencia de uno u otro hemisferio para la resolución de problemas, aunque el funcionamiento de ambos es complementario;"
t2_pos_000099;contribucion;contribucion;;98896773.txt;doc_98896773_sec04_chk09;9101;CONC;positivo_planb_alto;entidad_propia_objeto;522;En este trabajo se ha presentado una experiencia de innovación educativa siguiendo una metodología b-learning que intenta potenciar las competencias transversales y profesionales a través del aprendizaje basado en proyectos y la creatividad e innovación de los estudiantes en un contexto de enseñanza-aprendizaje universitario a través del pensamiento de diseño, pensamiento visual y pensamiento lúdico. Para desarrollar esta experiencia se ha diseñado un ecosistema tecnológico con plataformas sociales y abiertas 2.0, utilizando Google Drive y Youtube como portafolio digital, Trello para gestionar los proyectos grupales, Twitter como red social para compartir informaciones útiles y de interés profesional y Moodle como aula virtual, con la planificación y organización de las actividades, comunicaciones y evaluaciones de la asignatura. Asimismo, se analizó el problema de la evaluación de competencias, que requiere una evaluación auténtica o realista y una evaluación de la ejecución o cumplimiento de las tareas, exigiendo a los estudiantes su implicación, planificación, desarrollo, comunicación y argumentación de las mismas. Vimos que el e-portafolio, las redes sociales y aprendizaje basado en proyectos nos permitirán trabajar las competencias transversales y profesionales anteriormente seleccionadas y al mismo tiempo, realizar una evaluación diferente a la tradicional: una evaluación auténtica. Por otra parte, destacaremos que para promover las competencias transversales a través del aprendizaje significativo, la asignatura se centró en temas actuales de desarrollo profesional en el ámbito de la Interacción Persona-Ordenador, tales como interfaces naturales, táctiles y móviles, desarrollados a través de metodologías ágiles en proyectos reales. Hemos visto que tanto las redes sociales como los dispositivos móviles son una realidad en la vida de los estudiantes universitarios. Sin embargo, su utilización para la vida académica y profesional es escasa, y destacamos el uso de la aplicación móvil Whatsapp como herramienta de comunicación y coordinación grupal. De los resultados cualitativos observamos que el trabajo en equipo es una de las cuestiones más importantes en el aprendizaje basado en proyectos, y que aplicando este tipo de metodologías híbridas apoyadas en herramientas tecnológicas que permiten el trabajo en la nube además de un buen diseño de actividades colaborativas, se favorece esta competencia transversal, tan importante en el desarrollo académico como profesional. Asimismo, el trabajo en proyectos reales con metodologías de innovación y creatividad, favorecen la implicación y motivación de los estudiantes en los mismos. Además, permiten desarrollar el espíritu emprendedor de los alumnos y alumnas en Estrategias para trabajar la creatividad en la Educación Superior: pensamiento de diseño, aprendizaje basado en juegos y en proyectos. Carina González. Página 14 de 15 estas fases de formación académica. Por último destacar, que desde el punto de vista del profesorado, la experiencia desarrollada ha sido muy gratificante, ya que hemos visto un alumnado altamente motivado, proyectos creativos e innovadores, alta participación tanto en las redes como en las sesiones presenciales y tutorías, y con resultados académicos excelentes. Esto nos anima a continuar trabajando para la mejora continua de las clases y de los procesos de enseñanza que promuevan el aprendizaje efectivo y la evaluación auténtica de las competencias genéricas y específicas así como las transversales y profesionales, tan importantes para la inserción laboral de nuestros futuros egresados.
t2_pos_000083;contribucion;contribucion;;85781146.txt;doc_85781146_sec09_chk08;9195;CONC;positivo_planb_alto;entidad_propia_objeto;302;La visión por computadora es un campo muy estudiado, pero a su vez muy diferentes algoritmos expuestos, a los diferentes métodos de búsquedas de objetos de interés y al universo que conlleva darle visión a un objeto inanimado cómo lo es una computadora o un robot. En este trabajo, se ha implementado un sistema de seguimiento de objetos a partir de un solo ejemplo, dado por un click de ratón utilizando el algoritmo de posibilidades, de mejoras, de aplicaciones, de desarrollo, en donde a partir del objeto que es seguido, se pueda aprender, a pesar de las deformaciones rígidas que del objeto emanen. Queda entendido que el algoritmo presentado como base de un sistema de seguimiento a tiempo real, pueden ser la base para proyectos de investigación posteriores. De igual forma queda claro la velocidad de cálculo del algoritmo de SURF es mucho más provechosa cuando de tiempo real se habla, pues el cálculo de los vectores de características son de mucho menor tamaño y su tiempo de computo es mucho menor que el de algunos otro algoritmos como lo es el algoritmo de SIFT. Ahora bien, cuando de un seguimiento en un video se habla la implementación del algoritmo de SURF para hacer seguimiento y detección, a pesar de tener un solo ejemplo, es bastante buena debido a que se pueda seguir lo indicado y retomarlo si el objeto de interés es perdido, y aunque existan deformaciones visibles del objeto, es capaz de adecuarse siempre y cuando los vectores de características sigan siendo característicos. Por ende se puede retomar el trabajo profundizando u optimizando la búsqueda de correspondencias del objeto buscado. Por en un objeto especifico, sino, generalizar lo que se quiere seguir, es decir, de una secuencia de video cualquiera, poder seleccionar cualquier objeto de interés que en ella exista.
t2_neg_000028;no_contribucion;no_contribucion;;18413485.txt;doc_18413485_sec03_chk03;294;BACK;negativo_dificil;senal_contrib_no_propia;449;El proyecto de resiliencia requiere un enfoque constructivista, ya que se apunta a la adquisición de conductas nuevas a partir de las existentes, y considerando que es un proceso dinámico de reestructuración de conocimientos, capacidades y habilidades para conseguir un cambio cualitativo. Demanda un cambio atributivo de la persona y por ende, de la acción educativa. Basado en enfoque de investigación-acción, reflexivo y crítico, el proceso de formación de evaluadores y evaluados debe contener conocimientos filosóficos, políticos, contextuales e institucionales que faciliten la crítica y la independencia en la acción educativa Perez Gomez. La implementación relacionará el nuevo sistema de permanencia de docentes con las acciones necesarias para operativizarlo, implica un proceso organizativo que considera las interacciones entre la propuesta y el ámbito de implementación Berman y McLaughlin, 1975. Su efectividad depende de procesos de diseminación y de difusión. La implementación es la amalgama entre diseminación y difusión Becher y McLure, 1978. La diseminación es una actividad racional, planificada, unidireccional Humble y Simons, 1978 orientada a complementar técnicamente al proyecto innovador. Implica la adopción fiel de la propuesta, sin margen para la adaptación. La diseminación es el proceso planificado de cambio Becher y McLure, 1978. interpretación de los actores, de las eventuales comunicación e incomunicación de los sujetos. La difusión representa al proceso real de cambio Becher y McLure, 1978. La resiliencia se construirá en los actores del proceso mientras aporta a la difusión, concentrando esfuerzos en trabajar sobre la dimensión intencional. La teoría de la resiliencia incluye dos componentes: la idea de la luminosidad y la idea de la diversidad. La resiliencia se construye a partir de las fortalezas y las potencialidades para el desarrollo del ser humano, por eso se habla de luminosidad, de lo mejor que cada uno tiene desde su rol de individuo social, de educador y educando, de integrante de una familia, de componente de un sistema laboral. La idea de diversidad está presente en las diferencias en la reacción del individuo ante circunstancias adversas, generadoras de estrés: cada persona reacciona ante estímulos externos de maneras diversas, con desequilibrios permanentes, con desestabilizaciones transitorias, con adaptaciones exitosas al nuevo estado. En este marco se inserta el concepto de Diálogos Apreciativos, que David Cooperrider enunció a principios de los ochenta. Sostiene que la clave o elemento determinante que sustenta la visión de la organización son las preguntas que más frecuentemente se formulan: la institución es la extensión de los ojos y de las cumplirse inexorablemente en lo que respecta a su forma, dinámica y desarrollo. Es una herramienta para el cambio organizacional que nace en la mente de sus integrantes e implica un cambio en la forma de ver, concebir y juzgar lo que es
t2_neg_000047;no_contribucion;no_contribucion;;74562759.txt;doc_74562759_sec01_chk02;238;INTRO;negativo_dificil;tercero_citado;458;"había sido considerada anteriormente como objeto de investigación científica. En otras palabras, la reconstrucción de lo que una monografía así dice del mundo que describe es la reconstrucción de la estructura conceptual de un modelo. Quizá se trate de un modelo embargo, brinda una instantánea de algún desarrollo conceptual en ese campo. Si fuera menester resumir The Struggle for Maize en una sentencia corta, la siguiente cumple bien el cometido: es una monografía que describe el cambio de una comunidad campesina, corporativa y cerrada a una comunidad semiproletaria agrícola, corporativa pero en proceso de desincorporación y transnacional. El texto abunda sobre las transformaciones que, a lo largo del siglo XX y principios del XXI, ha sufrido el modo de vida de pequeños agricultores de maíz y sus familias, de una comunidad llamada San José Miahuatlan, ubicada en el sur del valle de Tehuacán, en el estado mexicano de Puebla. El libro interpreta los datos históricos y etnográficos correspondientes a esta dinámica comunitaria con base en la teoría de los regímenes agroalimentarios, desarrollada por Philip McMichael, Harriet Friedmann y otros autores. Ahora bien, dicha teoría tiene por objeto de estudio la producción y distribución mundial de alimentos, en relación con los patrones de la acumulación sucesivos que han marcado el desarrollo del modo de producción capitalista desde 1870 hasta el presente. The Struggle for Maize opera un cambio de escala pues enfoca lo comunitario y microregional el sur del valle de Tehuacán, en lugar de enfocar lo mundial. Parecería que el trabajo esencialmente es la aplicación novedosa de una teoría a un sea una caracterización correcta, pero es menester destacar que The Struggle desarrolla un andamiaje conceptual intermedio que permita el acople entre los datos locales y la teoría de dinámicas alimentarias mundiales. emplea algunas partes. Privilegia lo que ella llama el régimen neoliberal del maíz neoliberal corn regime, una variante norteamericanamexicana de lo que McMichael 2014 llama el régimen agroalimentario corporativo coorporate food regime. Según este último autor ha habido una sucesión de tres regímenes desde 1870 al presente ver abajo: el corporativo es el último de la serie y abarca desde los años ochenta del siglo pasado hasta el día de hoy; le antecedió el denominado régimen intensivo centrado en Estado Unidos, que perduró entre las décadas de los cuarenta y ochenta del siglo XX. Fitting también alude a este segundo y pone de relieve que su instanciación mexicana se expresó mediante el reparto agrario y la E f e c t o s c o m u n i t a r i o s d e l o s r e g í m e n e s a g r o a l i m e n t a r i o s 215"
t2_neg_000027;no_contribucion;no_contribucion;;18395215.txt;doc_18395215_sec14_chk10;8601;RES;negativo_dificil;senal_contrib_no_propia;496;A pesar de encontrarse en ejecución la presente etapa, se pueden vislumbrar las siguientes fortalezas y debilidades del proceso. La excelente predisposición de los integrantes del equipo técnico para el trabajo compartido y la construcción conjunta de nuevos significados. La generación de acuerdos y la fluida comunicación entre los integrantes del equipo técnico del Consorcio. Los medios interactivos virtuales de comunicación. La producción de los docentes de las distintas áreas para la construcción de un documento articulador por competencias. El aporte de todas las instituciones para que el proyecto se concrete. La predisposición e intención expresa y facilitadora de las autoridades de cada Facultad participante del proyecto para que se implemente y tenga un real impacto al interior de las Instituciones. El reconocimiento del Consejo de Decanos de Ciencias Económicas CODECE y el apoyo brindado al proyecto, tanto en Catamarca como en Santiago del Estero Río Hondo, atento a su vinculación con los procesos de acreditación y de búsqueda de mejor calidad educativa. El interés puesto de manifiesto por este mismo Consejo de Decanos en lo relativo a la propuesta de Articulación basada en competencias. El ingreso al proyecto de las Facultades de Salta, Jujuy, Catamarca y Tucumán que le imprimieron otra dinámica al mismo. El conocimiento de otras culturas institucionales. El compromiso y la participación de los docentes: La cultura cooperativa que se ejercitó especial en el universitario, menos aún cuando se trata de instancias de trabajo interdisciplinario e interinstitucional. La búsqueda de estrategias de capacitación interna y externa sobre la temática que aborda el proyecto. La predisposición de los profesores a escuchar la propuesta, debatirla, cuestionarla. En instancias posteriores colaborar, participar, trabajar en el análisis, reflexión, generación de nuevas propuestas, que se tradujeron en producciones e informes. Las carencias presupuestarias. Esta etapa demandó, para la implementación del proyecto, una innumerable cantidad de viajes a otras instituciones, actividad que se realizó de manera restrictiva por cuanto se debió limitar a cumplir con un solo encuentro en cada una de ellas salvo Salta y Jujuy, recientemente incorporadas, dónde se realizaron 2 encuentros intrainstitucionales con docentes e integrantes de los equipos técnicos como consecuencia de los gastos que ocasiona la movilidad del equipo técnico y de docentes especialistas en las distintas áreas curriculares, sorteando grandes distancias para concretar el trabajo transporte terrestre, sin medios de comunicación directos y caminos en mal estado. El tiempo requerido para la implementación y la maduración del proyecto supera los límites establecidos dentro de la planificación del mismo, especialmente en las unidades académicas incorporadas en esta última etapa. La incorporación de otras instituciones en esta etapa, si bien fue enriquecedora, requirió de un esfuerzo conjunto, ya que el tiempo para madurar y trabajar sobre las resistencias al cambio fue escaso en relación con las instituciones que ya venían trabajando en el proyecto. Esta situación plantea una necesidad de más apoyo a las instituciones que se incorporaron en la última etapa. Escasa asignación de recursos al rubro de Asistencia Técnica, Pedagógica y Disciplinar
t2_pos_000026;contribucion;contribucion;;59970270.txt;doc_59970270_sec15_chk10;9386;CONC;positivo_planb_alto;explicito_propio;387;"El presente documento ha tenido como objetivo principal dar un panorama general del perfil de las mujeres jóvenes en México en términos laborales, de uso de tiempo y de salud reproductiva, buscando complementar esta descripción con un análisis desde el enfoque de género, para evidenciar la importancia que tienen la categoría de género en la comprensión de la situación que viven las mujeres jóvenes. La situación de desventaja que enfrentan las mujeres jóvenes principalmente las de sectores pobres, es resultado tanto de las desigualdades económicas provocadas por el propio funcionamiento del sistema capitalista como de las desigualdades simbólicas que se construyen socialmente. Desde que nacen a las mujeres se les asignan y Yannet Paz Calderón y Guillermo Campos Ríos 81 exigen determinados comportamientos encaminados a moldear un perfil femenino que se corresponda con lo que socialmente se espera que sea una mujer, por lo que este proceso se torna sumamente complejo porque se ven sometidas a una larga lista de exigencias que entran en contradicción porque algunas corresponde a lo tradicional como ser madres y esposas, y otras a lo moderno como estudiar y ser exitosas. A pesar de que queda mucho por reflexionar, el aporte de este trabajo es mostrar evidencia de la importancia que tiene el hacer un análisis diferenciado por género en las investigaciones sobre juventud. Al igual que a las mujeres jóvenes se les imponen determinados comportamientos y formas de ser, a los jóvenes varones también, cada sexo reacciona y resuelve su vida de acuerdo a la carga simbólica y cultural que recibe de los adultos. Es necesario que las investigaciones sobre juventud consideren esa diferenciación que existe entre los roles masculinos y femeninos para poder en primer lugar, entender sus formas de vivir y enfrentar el mundo, en segundo lugar, se evitaría hacer generalizaciones y afirmaimportante el hecho de que más de la mitad de los jóvenes NINIS sean mujeres que se dediquen en su mayoría al trabajo doméstico, entonces, necesaria para la reproducción de la fuerza de trabajo; sin embargo, entorno económico y social en el cual se desenvuelven los jóvenes, sino también los diferentes aspectos que tienen que ver con el género y la juventud, en la medida que se logre esto será posible disminuir las desigualdades entre los y las jóvenes. Mujeres jóvenes en México: estudian o trabajan? 82"
t2_neg_000063;no_contribucion;no_contribucion;;82308794.txt;doc_82308794_sec01_chk01;27;INTRO;negativo_dificil;objetivo_sin_novedad;264;La obra de la escritora argentina Alicia Jurado oscila entre la ficción y la realidad. Enmarcada dentro de las ficciones autobiográficas, muchos de sus cuentos incorporan elementos biográficos de los que da cuenta años más tarde al escribir sus memorias, al tiempo que en éstas omite ciertos datos y se permite algunas digresiones. Deja entreabierta, así, la probabilidad de la inexactitud en algunos de sus fragmentos. Ambas situaciones invitan al lector a jugar de forma permanente con la delgada separación entre lo ficcional y lo real. Sobre la base de estas consideraciones, el propósito de este trabajo es identificar las conexiones existentes entre las memorias y los cuentos pertenecientes a Alicia Jurado. Sin pretensión de abarcar la totalidad de su obra, se intenta descubrir aquellos textos más representativos de la vida de la autora, en los que fácilmente puedan identificarse pasajes que encuentran íntima conexión con su historia personal. Asimismo, se analiza la importancia de la recuperación de una memoria colectiva que, sumada a la individual, recrean una época pasada con notable incidencia política en el país. Se parte de la idea de que la historia de Alicia Jurado está notablemente influenciada por sus antepasados, y que es por medio de esta rememoración que se reconstruyen anécdotas y hechos políticos históricos. Para el desarrollo de este trabajo se seleccionó como corpus las colecciones de cuentos Leguas de polvo y sueño y Los rostros del engaño y uno de los tres volúmenes de sus memorias. En la primera Posteriormente, se realiza un trabajo comparativo entre sus cuentos y sus memorias. Finalmente, se esbozas algunas conclusiones.
t2_neg_000040;no_contribucion;no_contribucion;;69791493.txt;doc_69791493_sec02_chk03;504;METH;negativo_dificil;tercero_citado;390;"A la luz de estas últimas consideraciones, en 2017 se diseña el proyecto de investigación exploratoria Padres y TIC: como las nuevas tecnologías de comunicación influyen en los estilos educativos parentales y la alianza educativa, que tiene como objetivo recoger información sobre el uso que las familias italianas hacen de las TIC en general, y más en particular, la relación con sus obligaciones como padres y madres, individualmente y en el intercambio con otros progenitores y con los docentes. El proceso de aplicación se realizó a través de una encuesta en línea en google drive. La investigación completa con el análisis de todos los datos recogidos está en proceso de publicación Cino, Gigli y Demozzi, 2019 y Gigli, 2019; aquí se presentan solo algunos resultados relativos al intercambio comunicativo escuela-familia mediante las TIC. La alianza educativa escuelafamilia y los grupos de chat de padres: una mirada a la situación italiana Se diseña y se aplica un cuestionario semiestructurado online compuesto por 30 ítems de diferentes tipos, de los cuales 10 corresponden a variables socioeconómicas de respuesta cerrada y 20 al uso de las TIC 16 de respuesta cerrada, dos semiabierta y dos abierta dividas en; hábitos de conexión; participación en grupos de Facebook; participación en grupos de chat; sharenting; y uso de las TIC entre profesorado y padres. Los datos cuantitativos fueron analizados con SPPS Para todas las pruebas estadísticas correlación, regresión y Chi cuadrado se estableció un nivel de significación estándar nivel alfa de.05. Sin embargo, aquí presentamos solamente algunos datos puramente descriptivos relacionados con el uso de los chats de WA y de las tecnologías en la relación profesoradoque accedían a cumplimentar el cuestionario que se compartía en tres páginas de Facebook de grupos de padres, una vez había sido aceptada su solicitud formal por parte de los administradores. El estudio se realizó garantizando el anonimato y el cumplimiento de la ley italiana actual sobre privacidad y protección de datos confidenciales. La encuesta fue llevada a cabo con éxito por una muestra de 302 encuestados, la mayoría de los cuales representada por madres 85. Los grupos de edad más representativos son entre hijos por familia es de dos. Los análisis se llevaron a cabo considerando los datos relativos solo al primer hijo. La edad de los primogénitos estaba distribuida de la siguiente forma: 16 13 años."
t2_pos_000038;contribucion;contribucion;;71760781.txt;doc_71760781_sec01_chk01;0;INTRO;positivo_planb_alto;explicito_propio;685;entre Diseño e Ideología, al referirme al diseño del espacio público inmediatamente se establece un posicionamiento que es indisimulable, ya que es donde se manifiesta la sociedad expresando su situación y la manera en que el estado a través de sus gobiernos formula la respuesta. Este trabajo aporta una respuesta aplicable tanto sea en términos de eficiencia y eficacia para lograr el objetivo, como en el discurso ideológico que contiene hacia el tipo de sociedad que debe lograrse: democrática, tolerante, inclusiva, igualadora y solidaria. Porqué diseño participativo? En las últimas décadas en la Ciudad de Buenos Aires, el espacio público ha sido percibido como un lugar de nadie, en vez de ser el lugar de todos. El individualismo creciente y la disminución de la solidaridad en la sociedad, se expresa en estos espacios, en los que se han ido incrementando las situaciones altamente conflictivas. Vandalismo, mal uso de los equipamientos, mantenimiento defectuoso, inseguridad, excesiva cantidad de usuarios, conjugado con ineficientes respuestas gubernamentales, han llevado a repensar mecanismos asociativos con los ciudadanos en la búsqueda de necesidades de los vecinos, han generado falta de apropiación colectiva en muchos espacios verdes urbanos. En algunos casos primaban caprichos de autor, que a priori podían ser interesantes, pero que en la práctica fracasaban al encontrarse con la población que debía hacer uso de esos espacios. La ausencia de una adecuada comunicación entre gobernantes y gobernados, aumentó la distancia entre los proyectistas y las personas a las que debían atender esos proyectos. Se instrumentaron diversas maneras de obtener información para conocer al público potencial al que debía servir el proyecto. Encuestas, reuniones vecinales para que los vecinos expresen sus demandas, mación para que esa demanda pudiera expresarse claramente. Eso otorgaba al proyectista un amplio margen de arbitrariedad en la toma de decisiones proyectuales. Un encuestador entrevistando a una vecina de la plaza: - De qué color le gustaría que estén pintados los bancos? - Rojos. - Muchas gracias por su participación. Luego se decidía que los bancos fueran pintados de color gris. Se consideraba que la persona consultada había participado, aunque su opinión no había sido tenida en cuenta. Tampoco se generaba una instancia de devolución o explicación de las decisiones tomadas y eficientes métodos de recopilación de demandas, sino que había que dirimir entre las disímiles posturas que expresaban los vecinos. El proyecto debe contener la diversidad cultural, social, de género y etárea de la gente que debe utilizar el espacio a tratar. Buscando establecer compromisos de respeto formaran solamente desde el punto de vista del diseño del paisaje, sino que contengan conceptos sociales que favorezcan la construcción de una sociedad mejor. A qué nos referimos con diseño participativo? Desarrollar procesos de diseño participativo no es una cuestión meramente voluntariosa. Debe enmarcarse en métodos concretos y definirse claramente los alcances de la participación deseada. Los eficaces métodos participativos son los que establecen medios de comunicación entre gobernantes y gobernados, pero que también proponen y estimulan la comunicación entre los vecinos. Es decir que deben establecerse certeros canales de comunicación que permitan el diálogo entre los participantes y herramientas para poder establecer acuerdos. Hay que considerar a las plazas y a los parques de la ciudad como sitios privilegiados para el encuentro ciudadano, es decir, para la comunicación y para los vínculos sociales. Es preciso entender que esta metodología colabora para proyectarlos como espacios colectivos, mejorando la calidad de vida de sus habitantes. Estos procesos se desarrollan de manera diversa, de acuerdo a las situaciones sociourbanas, a la escala y a las demandas de intervención. Se despliegan de manera estratégica, poniendo en práctica diferentes niveles de participación, que se van articulando, formando un camino creciente. Cuando se diseña un nuevo espacio público o se decide su reforma de manera sustancial, la correcta implementación de un proceso participativo con los potenciales usuarios, optimiza el resultado y el éxito del lugar a construirse. Un proceso participativo debe ser inclusivo y abierto, fomentando la tolerancia y el respeto hacia el otro y sus ideas. La metodología participativa permite también establecer marcos pedagógicos a los participantes para poder asumir que el espacio público es el de todos.
t2_pos_000098;contribucion;contribucion;;98894990.txt;doc_98894990_sec04_chk04;5856;DISC;positivo_planb_alto;explicito_propio;655;"La HD puede generar complicaciones como la coagulación del circuito extracorpóreo9, evento presente en este estudio con menor frecuencia en las sesiones de hemodiálisis atendidas con el plan de intervención de Enfermería. En las sesiones de que el 80 de los participantes tuvo sesiones de diálisis de 4 horas. Tampoco se encontró correlación entre la ultrafiltración y la coagulación del circuito. Los resultados apoyan la hipótesis de investigación acerca de la efectividad del plan propuesto para la prevención y disminución de la frecuencia de coagulación del circuito extracorpóreo durante la hemodiálisis con relación al cuidado tradicional ofrecido a los pacientes. Adicional a la anticoagulación farmacológica, los resultados señalan la importancia de la unificación y especificidad en los procedimientos que los profesionales de Enfermería realizan en la atención a las personas antes y durante la hemodiálisis, para reducir una de las complicaciones más frecuentes como es la coagulación dentro del circuito extracorpóreo. Según los resultados obtenidos en el presente estudio, el plan de cuidado de enfermería propuesto contribuye a mejorar la calidad de la terapia y concomitantemente aporta a una mejor calidad de vida del paciente. Esta disminución puede ser debida a que en el protocolo institucional tradicional únicamente se tiene en cuenta la anticoagulación con heparina, a diferencia del plan de cuidado investigado donde se adicionan diversas intervenciones de manera sistemática para mantener la permeabilidad del circuito extracorpóreo, como el adecuado cebado y purgado del circuito, lavados intradiálisis del circuito con solución salina, la búsqueda de causas de signos de disfuncionalidad del sistema, la identificación y manejo oportuna de mínimos vestigios de coagulación, la inspección de la funcionalidad del acceso vascular definido por los flujos, regulación del flujo de bomba roller de acuerdo al tipo de acceso vascular, ultrafiltración vs tiempo de terapia y dosis de heparina de acuerdo al peso y a la condición clínica de cada paciente, entre otros. Es común encontrar los protocolos sobre anticoagulación para la realización de la coagulación del circuito extracorpóreo. Algunas excepciones se encontraron en protocolos Españoles8, 11, donde se mencionan cuidados como el adecuado cebado del circuito y la identificación de signos de coagulación para actuar de manera inmediata y evitar complicaciones. Las indicaciones de los protocolos Españoles fueron algunos de los aspectos adaptadas al plan de intervención para el actual estudio; la unión de estos y los arriba citados puede haber contribuido a los resultados obtenidos en cuanto a la disminución de la coagulación del circuito extracorpóreo intradiálisis. Sobre las técnicas de lavado del circuito extraorpóreo un estudio realizado en el año 200612 describe una nueva técnica de lavado continuo para realizar HD sin heparina en el que se realizaron 50 sesiones con lavado simple y 50 con lavado continuo doble. El lavado continuo doble es una técnica de enfermería eficaz cuando existen contraindicaciones para una anticoagulación convencional. El estudio determinó que venosa, pero sí lo mejora de manera significativa con respecto al lavado continuo prefiltro. Del mismo modo, mejora el estado del dializador al finalizar la sesión de diálisis, y el estado de la cámara arterial. Cuando el paciente tiene contraindicación para la anticoagulación, se deben utilizar métodos alternativos como el lavado continuo doble del circuito con solución salina normal y técnicas de predilución del Desde que en 1985 Sanders propuso la HD sin anticoagulación15, esta modalidad se aplica en personas con riesgo de sangrado, antes o después de cirugía, hemorragia digestiva, etc. Con la técnica de HD libre de heparina en membranas celulósicas modificadas, en la que se recircula el dializador con solución salina y heparina con una concentración de 20.000 UIl por 30 minutos antes de la sesión de HD, se encontró mínima coagulación del circuito extracorpóreo16. Los resultados obtenidos en nuestro estudio, en el cual se implementó la recirculación del sistema con el bolo inicial de heparina pero con una dosis menor 25 UIKg de peso y para mantenimiento 1000 UIhora, también mostró una menor aparición de coágulos en el técnica."
t2_pos_000094;contribucion;contribucion;;89380835.txt;doc_89380835_sec01_chk01;0;INTRO;positivo_planb_alto;explicito_propio;271;En las últimas décadas, la disponibilidad de nuevas variedades hortícolas por parte de los agricultores está sujeta, fundamentalmente, a la oferta de las empresas de semillas y de los viveristas -que, a su vez, adquieren las semillas de estas mismas empresas-. Las nuevas variedades son desarrolladas, por el sector obtentor de semillas, mediante programas de mejora genética centrados, en buena medida, en satisfacer los intereses de los principales productores y comercializadores, los cuales demandan aumentar rendimientos y mejorar aspectos relacionados con la postcosecha, como la conservación o la apariencia comercial del producto. A pesar de que, a la hora de obtener una variedad, deberían considerarse las preferencias de los diferentes sectores que participan en su éxito comercial, de decisiones previas al lanzamiento de la nueva variedad Goa y Ashamo, 2017. El resultado son variedades generalistas desarrolladas para las principales zonas de producción concretos, ni para la calidad nutricional u organoléptica, aspectos que, de estar presentes, confieren un valor diferencial al producto ofreciendo la oportunidad de favorecer el crecimiento económico de un territorio. El valor añadido que pueden proporcionar estas características diferenciales es de especial interés en ámbitos agrícolas con explotaciones de extensión reducida como el área periurbana de Barcelona. En este trabajo se presenta el esquema de trabajo de un proyecto de selección participativa de variedades, así como los resultados del primer ciclo de selección. El proyecto tiene como objetivo la introducción de nuevas variedades de Brassica con alto valor añadido y adaptadas a la zona agrícola periurbana de Barcelona Parc Agrari del Baix Llobregat mediante un programa de selección participativa con la intervención de diferentes agentes de la cadena agroalimentaria.
t2_neg_000012;no_contribucion;no_contribucion;;122376199.txt;doc_122376199_sec06_chk03;4805;METH;negativo_facil;zona_sin_senales;418;"vvaa1 vvaa2 vvaa3 vvaa4 vvaa1 vvaa2 vvaa3 vvaa4 Percepción de la violencia verbal en las aulas: La mediación en escena La relación existente entre todas las subescalas es positiva 0.52. Puede observarse la escasa diferencia porcentual entre las subescalas en dónde destaca vvaa3 27 como ya hemos afirmado anteriormente. En lo que respecta a la escala VVAP existe una escasa diferencia porcentual entre vvap1 37 el alumnado habla con malos modales al profesorado vap2 36 el alumnado falta al respeto al profesorado. La conducta menos percibida por los estudiantes es vvap3 27 los estudiantes insultan a profesores y profesoras. En la tabla 4 se incluye la matriz de correlación de las variables asignadas a las subescalas. Las variables con un valor más elevado de correlación son la vvaa3, los estudiantes hablan mal unos de otros con vvaa2, hay estudiantes que extienden rumores negativos acerca de compañeros y compañeras; y vva4, el alumnado insulta a sus compañeros o compañeras con vva3 los estudiantes hablan mal unos de otros. Mientras que con respecto a los docentes las más correlacionadas son vvap2 0.31 el alumnado falta al respeto al profesorado en el aula con vvap1 0.33, el alumnado habla con malos modales al profesorado. El resto de los valores están por debajo de 0.50, pero todas con valores positivos lo que quiere decir que si aumenta una subescala aumentará la otra. vvap1 vvap2 vvap3 vvap1 vvap2 vvap3 Matriz de correlación de subescalas vvaa1 vvaa2 vvaa3 vvaa4 vvap1 vvap2 vvap3 vvaa1 1 vvaa2 0.31 1 Kruskal-Wallis por Género VVAA y VVAP En la siguiente fase del proceso de análisis indagamos en la existencia de posibles diferencias entre cursos. En este caso, se registran diferencias significativas tal como puede comprobarse en la prueba de Kruskal-Wallis de la tabla 6. En vvap2, se obtuvo, diferencia significativa a un nivel de significación de 0.05 de las subescalas la dimensión de la dimensión violencia verbal. Percepción de la violencia verbal en las aulas: La mediación en escena Para indagar las diferencias en concreto, se calcularon los estadísticos descriptivos del promedio, desviación típica por curso y subescalas para la dimensión VVAA y para la dimensión VVAP. Los resultados de las subescalas presentan un patrón común en forma de arco invertido que consiste en un valor medio más bajo en primer curso, para experimentar un incremento en segundo y tercero y volver a bajar en cuarto curso. Las diferencias son estadísticamente significativas, aunque los tamaños de efecto son relativamente bajos."
t2_neg_000015;no_contribucion;no_contribucion;;122764499.txt;doc_122764499_sec04_chk03;2084;METH;negativo_facil;zona_sin_senales;443;"Se definió como estrategia el desarrollo de dos encuentros de trabajo entrelazados entre sí por un proceso denominado Primavera Creativa. Dadas las características del territorio, cantidad y ubicación geográfica de las Escuelas, se repitió el Primer Encuentro en la zona sur y la zona norte de la provincia durante mayo y junio, y el Segundo Encuentro se realizó en la región central, promediando el mes de noviembre. Durante la dinámica participaron docentes y estudiantes avanzados de 21 Escuelas de la provincia: 11 Escuelas de la zona sur y 10 Escuelas de la zona norte. diámetro denotan los sitios donde se llevaron a cabo los encuentros. Los primeros encuentros desarrollados, tanto en la zon norte como en la sur, fueron de una extensión de un día y medio, recorriendo el siguiente cronograma de actividades: - Primer día por la mañana: Inscripción, Desayuno, Presentación de los participantes, Introducción a los encuentros con la pregunta Qué es la tecnología?, vista de un video disparador de la temática Impacto Ambiental, Charla sobre ciclo del agua y Almuerzo. - Primer día por la tarde: Desarrollo de croquis de las distintas escuelas, Exposición sobre la temática Energías y finalización de la jornada. - Segundo día: Exposición de estrategias de Eco-Diseño para abordar el desarrollo de proyectos; Trabajo en grupo sobre las distintas propuestas de ca a escuela para mitigar el impacto ambiental que generan sus actividades, Exposición de las propuestas y valoración de los encuentros. 10.03 La Primavera Creativa se presentó como propuesta, un desafío. Orientado a que, en función de los temas abordados durante el primer encuentro, los alumnos y docentes de cada escuela identifiquen una demanda local de la propia escuela o de la comunidad, la conviertan en un problema-proyecto instancia del Segundo Encuentro. En este sentido, el planteo buscó ser abierto, flexible, de modo tal de tener posibilidades reales de llevarse adelante en el marco de un ciclo lectivo que ya tenía predefinido una currícula anual. Desde el INTA, se propuso un acompañamiento en la medida en que este fuera necesario para colaborar con los proyectos, aportando componentes de gestión, vínculo con otros actores del territorios con capacidades para avanzar en la solución de los problemas identificados por cada grupo de trabajo. El segundo encuentro fue realizado en la localidad e Villaguay, donde participaron diez de las escuelas que asistieron al primer encuentro: siete pert necientes a la zona sur; tres pertenecientes a la zona norte. En el mismo se expusieron las propuestas trabajadas durante el período de la primavera creativa, proceso que se llevó a cabo mediante exposición, abierta a las preguntas realizadas por los integrantes de los otros establecimientos educativos y participantes del INTA."
t2_pos_000096;contribucion;no_contribucion;;98793034.txt;doc_98793034_sec05_chk01;206;INTRO;positivo_planb_alto;explicito_propio;560;n los últimos tiempos la lingüística ha prestado especial atención a la competencia oral como proceso de transmisión y recepción de información y lo relacionado con la apropiación de los elementos de la cultura de los pueblos. En el caso específico de la enseñanzaaprendizaje del inglés en la formación de profesores de lenguas extranjeras la oralidad tiene una connotación particular y ello radica en que la amplitud y multiformidad de la existencia de sus variantes sistémicas, normativas y usuales, ello significa que la oralidad constituye premisa para que el estudiante en formación pueda insertarse en la actividad comunicativa, dentro y fuera del contexto áulico. En la realidad pedagógica de la formación de profesores de Lenguas Extranjeras en Cuba y otras latitudes constituye un reto el desarrollo de la oralidad a partir de que el ejercicio profesional se desarrolla en un contexto socio-cultural hispanohablante. Es por ello que ha constituido una preocupación de los profesores encargados de dirigir estos procesos de forma tal que puedan lograr que los estudiantes desarrollen de forma exitosa las habilidades orales en esta lengua extranjera. Resulta importante saber cómo y por qué actúa el estudiante, de qué modo, cómo lo hace habitualmente, conocer los procedimientos y cuáles deben jerarquizarse, al mismo tiempo este debe asumir una postura crítica y reflexiva sobre las decisiones que se E Castillo Izquierdo, H. R., Fernández Escanaverino, E. M. y Conesa Santos, M. La formación de... toman en el aula para que se pueda asumir que el papel de ese estudiante como futuro profesor sea, de hecho, el de facilitador y orientador del aprendizaje. La consideración de los estudios sobre adquisición y aprendizaje del inglés como lengua extranjera, relacionados con la metodología de enseñanza de lenguas, la competencia comunicativa, la Interlingua e interferencias lingüísticas, el análisis de errores y las formas de corrección, podrán favorecer el análisis de las estrategias y actividades que desarrollan la autoconfianza en el aprendizaje de lenguas extranjeras desde una perspectiva pragmática hacia la oralidad. En este estudio se presenta la experiencia de algunos de los factores que favorecen o interfieren en el desarrollo de la oralidad con un enfoque espontáneo en el uso de la lengua extranjera. En consecuencia, el objetivo del presente trabajo consiste en mostrar recomendaciones, para desarrollar la formativo. Constituye además un tema de gran actualidad pues es una de las exigencias que contempla el Modelo de este profesional y los requerimientos sociales y educativos que se le plantean en la actualidad. MARCO TEÓRICO O REFERENTES CONCEPTUALES En el siglo XIX a partir del proceso de formación de la nación y la nacionalidad, surgen las primeras manifestaciones de la psicología educativa humanista. En el caso específico del aprendizaje de las lenguas extranjeras existen factores psicológicos afectivos, estrechamente relacionados con la motivación que deben ser identificados desde el diagnóstico para el desarrollo de la competencia oral. Muchos estudios manifiestan que factores psicológicos afectivos como la inhibición, las actitudes, la motivación, son variables que también intervienen en el aprendizaje de la lengua. Los estados afectivos es un aspecto a conocer desde el diagnóstico porque influyen en el conocimiento de una manera decisiva. Pimentel Yong 2015 considera que para el desarrollo de la competencia oral en las lenguas extranjeras la atención necesita dirigirse a cómo crear y usar emociones facilitadoras Castillo Izquierdo, H. R., Fernández Escanaverino, E. M. y Conesa Santos, M. La formación de...
t2_pos_000014;contribucion;no_contribucion;;2505739.txt;doc_2505739_sec03_chk02;92;CONC;positivo_planb_alto;explicito_propio;707;2.1 El esquema de participación privada En Uruguay se desarrolla en la década de 1990 un moderado programa de concesiones viales que alcanzó a menos del 10 de la red vial principal. Hacia finales del siglo XX el programa se hallaba virtualmente finalizado, relacionándose este hecho a las dificultades públicos de envergadura, los que resultan difíciles de implementar habida cuenta del marco institucional uruguayo y las preferencias de los ciudadanos respecto de la participación privada Pereyra, 2006. A partir de 2002, luego de un período en que se detuvieron las concesiones, se lanza un proyecto de concesión de gran envergadura en relación a las reducidas dimensiones relativas del país. Se entregan en concesión 1500 kilómetros de rutas en la red principal, equivalentes a la mitad de dicha red, por un plazo de 18 años, estimándose el gasto a realizarse inversión, operación y mantenimiento en más de 550 millones de dólares. La red concesionada está constituida por todo el corredor sur del país el de mayor tránsito y por parte de los corredores que unen Montevideo con los principales pasos de frontera con 5 Argentina y Brasil. Si bien la concesión tiene entre sus cometidos la construcción de obras nuevas, se trata en lo fundamental de un programa de rehabilitación y mantenimiento. La concesión tiene asignado como recurso para el cumplimiento de sus obligaciones los ingresos producidos por 13 puestos de peajes, el 90 de los existentes en el país. Los ingresos por peajes son complementados por un subsidio fijo del Estado cuyo monto es independiente del desempeño de otras variables. El concesionario es una empresa privada de propiedad de la Corporación Nacional para el Desarrollo figura pública de derecho privado. El hecho de que el concesionario sea público en su propiedad dio lugar, de acuerdo a la legislación uruguaya, a que se asignara directamente la concesión a través de un proceso de negociación, sin mediar proceso competitivo de subasta. El contrato establece que el Concesionario debe realizar un cierto monto de gastos en inversión y mantenimiento durante el período de la Concesión, a cambio de recibir el cobro incentivar al Concesionario a posponer inversiones necesarias. Se establece entonces que el Concesionario debe realizar gastos por un monto actualizado valor presente de los egresos, VPE Se define al VPE hasta el período n, como: n r E VPE 1 1 donde: i E: egresos correspondientes al mes i de la concesión r: tasa mensual de descuento igual a 0,7207 equivalente a 9 anual Parece un elemento importante de destacar, que si bien las obligaciones del concesionario incluyen la realización de una serie de obras obligatorias y mantener un cierto nivel de su incumplimiento, siempre que el valor actualizado del gasto realizado se encuentre en los niveles pactados. En definitiva, la variable relevante que indica el cumplimiento con las obligaciones contractuales es el gasto realizado por el concesionario. El diseño del contrato supone que es posible el control del gasto del concesionario por parte el incentivo de sobredeclarar sus egresos. Por esta razón es que la concesión incorpora un mecanismo de control estricto del gasto que supone la realización de procedimientos competitivos bien definidos y auditados para la contratación de las obras y servicios. De contratado en el mercado local o internacionalmente según el monto de los contratos. 2.2 La negociación inicial Como se adelantó, la asignación de la Concesión al concesionario de propiedad pública se realizó de forma directa. Esto supuso la negociación de las obligaciones que asumiría el Concesionario a cambio de los recursos asignados peajes y subsidios. Dadas las características del contrato propuesto, en el cual la principal variable que establece las obligaciones del concesionario es el gasto realizado a lo largo de la concesión, es lógico que la negociación se centrara en establecer el valor actualizado del gasto que el concesionario se compromete a realizar VPE a cambio de los ingresos comprometidos por el Gobierno. El presente trabajo se desarrolla sobre el caso particular de esta Concesión cuya asignación los casos generales en que las concesiones son asignadas mediante subastas a concesionario se compromete a realizar y que se establecerá mediante negociación, sino en el valor que el oferente esté dispuesto a ofrecer en la subasta para hacerse del contrato de concesión.
t2_pos_000046;contribucion;contribucion;;79387559.txt;doc_79387559_sec02_chk02;459;INTRO;positivo_planb_alto;explicito_propio;354;"En cuanto a la finalidad del trabajo, como ya se ha dicho en el primer párrafo, se busca una revisión de la didáctica de la Guerra Civil a través del patrimonio, en especial, el arqueológico; es por lo que la mayor parte de referencias a trabajos serán relacionados con el campo de la arqueología más que de la museística. Esto se debe a que el patrimonio arqueológico, al hallarse en su contexto, facilita el aprendizaje y permite al estudiantado el conocer otros ámbitos, como el de la arqueología. Además, se pretende que el presente trabajo ayude a otrosas docentes en su labor educativa como guía o provoque investigaciones acerca de la didáctica de las ciencias sociales a través del patrimonio, y, en concreto, del arqueológico. Desde el punto de vista docente, el presente trabajo puede ser innovador en cuanto a la didáctica de las Ciencias Sociales se refiere, ya que aporta una serie de recursos que pueden dar un enfoque totalmente desligado del trabajo tradicional con el libro. De la misma manera, esto ayuda al docente a la hora de impartir clase, puesto que le da una variedad de herramientas que pueden hacer mucho más dinámica su impartición. A título personal, la profundización en el tema me ayuda a ver otros modos de preparar y dar clase, así como poseer más conocimientos para sentirme más seguro como docente. Así mismo, la posibilidad del trabajo de la Guerra Civil mediante los restos arqueológicos, incrementará el interés del alumnado por aprender Historia; esta forma de impartir el conflicto se puede considerar innovadora, así como interdisciplinar, puesto que permite al docente y al educando separarse de la clase tradicional e interactuar con el medio. Para fundamentar esta afirmación, hago referencia a lo que expone Hernández en el capítulo 2 del libro coordinado por las siguientes autoras: Para la didáctica de las ciencias sociales, que aspira a hacer comprensible la geografía y la historia, son muy importantes las experiencias desarrolladas por la interpretación del patrimonio, ya que permiten posicionarse mejor en el sector de trabajo con fuentes primarias paisajísticas, arquitectónicas, etnológicas o arqueológicas, una componente importante para la"
t2_pos_000034;contribucion;contribucion;;70364638.txt;doc_70364638_sec08_chk08;9315;INTRO;positivo_planb_alto;explicito_propio;481;Los análisis reflejan una importante coherencia respecto a los resultados de la escala original de Torres-Harding et al. 2012, por lo que se confirma la correcta traducción de los ítems al castellano. Esta concordancia permite afirmar que la traducción propuesta en este trabajo constituye una valiosa herramienta para los investigadores castellanohablantes que busquen identificar valores, comportamientos y actitudes relacionados con la justicia social. La validación a través de una modesta muestra puede ser considerada una limitación del estudio. Sin embargo, la coherencia total encontrada en los resultados con respecto a la escala original señala que los análisis han sido suficientes para confirmar la importancia de tener una escala que mida esas actitudes en español. El hecho de que la muestra estuviera compuesta por futuros maestros es un elemento a destacar. Este estudio aporta algunos indicios que relacionan las actitudes de los maestros hacia la justicia social y la implicación con su futura práctica docente. Respecto a los resultados obtenidos con los estudiantes de magisterio, se vio que existen diferencias en cuanto a la titulación y al género en las diferentes subescalas de justicia social, lo que abre nuevas posibilidades de estudio que profundicen en la comprensión de dichas discrepancias. Un ejemplo puede ser un estudio cualitativo que aborde las percepciones y significaciones de estos futuros profesionales, así como estudios complementarios con docentes en ejercicio. El concepto de justicia social implícito en esta escala se articula a través de la redistribución, que es una buena aproximación a la construcción de una herramienta que ayude a identificar acciones hacia la justicia social. Asimismo, algunos otros ítems hacen referencia al reconocimiento equitativo de cada una de las tres dimensiones. El presente estudio aporta una herramienta en español, así como datos sobre un escala para medir las actitudes de las personas hacia la justicia social en el contexto iberoamericano, motivo que permite seguir avanzando en esta temática en un contexto tan necesario como España y América Latina. La comparación de los hallazgos de la presente investigación con los encontrados por el artículo original de Torres-Harding 2012 vislumbran ciertas diferencias en las actitudes hacia la justicia social, motivo por el cual sería necesario seguir profundizando en los motivos de estas diferencias. Si se quiere cambiar la sociedad hay que empezar por las escuelas, y las actitudes que los docentes y futuros docentes tengan sobre la justicia social juega un papel fundamental. En este sentido, solo si los docentes son conscientes de sus actitudes serán capaces de entender mejor sus acciones y mejorarlas para lograr una mayor justicia en las aulas y en la sociedad. Si los docentes están comprometidos con la lucha contra las injusticias, tienen en sus manos el poder de convertir la educación y con ella, la sociedad en un lugar más justo, crítico y democrático. Hidalgo, Martínez-Garrido y Perines Los futuros docentes están comprometidos con la justicia social?... 85-107
t2_pos_000007;contribucion;contribucion;;112838999.txt;doc_112838999_sec06_chk01;136;INTRO;positivo_planb_alto;explicito_propio;421;El presente artículo contribuye a conocer la evolución legal del recurso hídrico en la República de Haití, focalizado en la gestión del recurso agua potable y saneamiento desde un análisis cualitativo de los principios legales obrantes sobre la cuestión. Esta investigación analizó los medios legales con los que cuenta la República de Haití para gestionar el recurso agua, en particular el aspecto relacionado a la provisión del servicio de agua potable. Se realizó un enfoque desde la perspectiva legal, tomando la provisión de agua potable como un derecho humano y analizando la evolución cronológica de la legislación en sinergia con los acontecimientos histórico-institucionales del país. En el campo de la investigación concurrieron experiencias y aportes de profesionales y especialistas que desempeñaban tareas subsidiarias de estabilización y mantenimiento de la paz ordenado por el Consejo de Seguridad de Naciones Unidas para Haití MINUSTAH, ONGs y miembros de la administración pública nacional de los servicios de provisión de agua y saneamiento. Se estableció como objetivo de análisis de este caso particular: Coleccionar, traducir e interpretar las normativas legales haitianas que tienen injerencia en la gestión del recurso agua potable como derecho humano Las fuentes de información de la presente investigación fueron primarias: propia experiencia en el terreno, la opinión de expertos y normas técnicas y legales. Se utilizó como herramienta de investigación el análisis de las normativas institucionales haitianas que referenciara a la gestión del recurso agua potable. tercio Oeste de la Isla La Española, con una superficie de 27750 kilómetros cuadrados comprendidas las Islas de La Tortuga LaTortue, Gonaive y otras menores. Limita al Norte con el Océano Atlántico, al Este con la República Dominicana, al Sur con el Mar de las Antillas y al Oeste con el Golfo de Gonave. Se encuentra ubicada en el hemisferio Norte en la zona tórrida del planeta tierra, entre el Ecuador y el Trópico de Cáncer. Ubicada en Centroamérica, limita al Este con República Dominicana, donde según estimaciones y debido a la precaria situación económica, es el segundo centro de atracción migratoria después de los Estados Unidos de Norteamérica. 500 kilómetros al Suroeste se encuentra la Isla de Jamaica y a 100 kilómetros al Noroeste se encuentra la Isla de Cuba y 700 kilómetros y más al Noroeste se encuentra la Isla de Bahamas. Haití se encuentra en una posición central con respecto a los demás países de las Antillas y está estratégicamente situada en cuanto al Canal de Panamá y la ruta del petróleo que va desde Maracaibo Venezuela a los Estados Unidos.
t2_pos_000023;contribucion;contribucion;;53855448.txt;doc_53855448_sec01_chk01;0;INTRO;positivo_planb_alto;explicito_propio;437;"A las instituciones formadoras de docentes se les plantea el desafío de realimentar sus proyectos de formación, en su sentido y significado, para establecer mecanismos organizacionales que promuevan una revisión permanente de las prácticas pedagógicas, vinculadas con las demandas actuales y futuras. Una manera de lograrlo es revisar, desarrollar y resignificar las competencias docentes que exhibe y propone, además de promover la indagación, reflexión y transformación en su misión y desempeño. En este estudio se propone sistematizar la experiencia de formación en competencias docentes investigativas y caracterizar los elementos que generan compromisos investigativos integrados 323 Alicia Inciarte, Hermelinda Camacho y Darcy Casilla con la práctica educativa reflexiva y situada; siguiendo el Modelo, desarrollo y evaluación de competencias académicas GUZMÁN, MARÍN E INCIARTE, 2014 y las orientaciones teóricas y metodológicas de la Sistematización de Experiencias Educativas SEE, con aportes de GUISO1998; BARBOSA, BARBOSA Y RODRÍGUEZ 2015; JARA2012, TORRES 1998. En la Facultad de Humanidades y Educación de la Universidad del Zulia se desarrollan seminarios de investigación como parte del pensum de formación de las distintas carreras de licenciatura en educación. En el ejercicio de la enseñanza de los seminarios surgen inquietudes que motivan a esta proposición de investigación. Asumimos que la formación docente lleva consigo un proceso complejo para el desarrollo y evaluación de competencias que le permitan vivir una práctica educativa con sentido crítico, comprometido y transformador de la condición humana. Se consideró un conjunto de herramientas y el trabajo cooperativo y crítico de colegas investigadores que han acompañado los procesos de formación, han cuestionado lo que hacemos y han planteado el reto de repensarlos. En ese transitar se encuentran posiciones que compartimos y otras que se busca superar, por lo cual se aprovechan las interacciones y el diálogo intersubjetivo para diseñar y aplicar experiencias que enriquezcan las prácticas y la construcción de escenarios formativos desde lo pedagógico. Son en esencia caminos para materializar las competencias de investigación en una docencia reflexiva, en prácticas reales, cercanas, vividas y de transformación. Para darle soporte a dicha experiencia, se realizó un proceso de formación de docentes en competencias investigativas, que permitió valorar cómo funcionan algunas prácticas de experiencias formativas con docentes de diferentes niveles educativos, y, a partir de sus valoraciones, se modificaron y reorientaron algunos aspectos y acciones. Se asumió como fundamentoel concepto de formación permanente del profesorado, en el que se trata de estar dispuestos a aprender durante toda la vida con la finalidad de conseguir un verdadero desarrollo profesional y una calidad de la docencia en general PINYA, 2008:4; es decir, formarse para mejorar e innovar su práctica. La anagnórisis en la literatura juvenil 324"
t2_neg_000089;no_contribucion;no_contribucion;;86664143.txt;doc_86664143_sec04_chk03;2157;METH;negativo_facil;zona_sin_senales;428;Fig. 7: Planta apareada en espejo c- Se consideró la vivienda de la siguiente forma: Con el sistema constructivo del Barrio Kronfuss y luego con su sistema constructivo original. d- Se realizó para ambos casos, simulaciones y cálculos teóricos: Q 24. oD. Gcal. V Siendo: Q: carga térmica de calefacción, en kilowatt hora. 24: el tiempo de calefacción por día en horas. oD: los grados días de calefacción anual, obtenidos de la Norma IRAM 11603, en grados Celsius. Gcal: el coeficiente volumétrico de pérdida de calor del edificio vivienda calefaccionado, en watt por metro cúbico Kelvin. más las pérdidas por renovación de aire de los locales de la vivienda calefaccionada. V: el volumen interior del edificio vivienda calefaccionado, en metros cúbicos. Loa análisis se realizaron para una temperatura base de calefacción de 18oC, siendo este el valor mínimo permitido por norma 11604:2001 4.2.2 6.7.1 Siendo la energía eléctrica el medio disponible en las clases de nivel socio económico bajas, debido a la falta de poder adquisitivo para costear la instalación interna de la red de gas natural, y o la ausencia de redes de gas natural próxima a las viviendas debido a su situación geográfica casi en el límite del ejido urbano, por último se calcula el costo de calefacción anual derivada del uso de energía eléctrica, suministrada por la empresa provincial de energía de Córdoba, según costo neto actual del Kwh para vivienda unifamiliar año 2007. Martínez 2005. Se compararon los consumos de energía eléctrica para calefacción, tomando un período de 50 años, que es aproximadamente el tiempo de vida útil de una vivienda en el mercado inmobiliario, aunque está demostrado que para el primer ejemplo ya supera los 80 años. 05.03 La norma IRAM 11605:1996 establece tres niveles diferentes de confort higrotérmico de invierno y verano en grado decreciente: Nivel A recomendado, Nivel B medio, Nivel C mínimo. Para la condición de invierno los valores máximos admisibles de transmitancia térmica que deben cumplir los muros y techos para los tres niveles prescriptos, son los indicados por la norma IRAM citada, en función de la temperatura exterior de diseño de la localidad en la que se encuentra emplazada la vivienda. Esta temperatura se haya establecida en la Norma IRAM 11603, adoptando para Córdoba una temperatura exterior de diseño de 0a C para invierno. tabla1. A nivel provincial toda obra pública debe cumplir con el nivel C: mínimo Los resultados de los cálculos de K para cada caso se verifican con los que establece la norma para Córdoba, verano e invierno.
t2_pos_000052;contribucion;no_contribucion;;82297336.txt;doc_82297336_sec01_chk01;0;INTRO;positivo_planb_alto;explicito_propio;698;El presente trabajo presenta más preguntas que respuestas, acerca de un fenómeno cuyo resultado final es incierto. La Unión Europea ha transitado por un derrotero de más de 50 años, en un proceso que se inició tímidamente con la voluntad de poner paz población europea en dos Guerras Mundiales. En ese camino, las Comunidades Europeas, hoy la Unión Europea, ha forjado una zona de paz, estabilidad y prosperidad. Pero como todo proceso en permanente transformación se enfrenta ahora al desafío de considerar el resurgimiento de diferentes movimientos separatistas dentro de alguno de los Estados que integran el bloque comunitario, algunos de los cuales datan de largo tiempo atrás, preexistiendo incluso al actual panorama europeo de aparentemente consolidadas e inamovibles fronteras europeas. En virtud de estas eventuales amenazas a la integridad territorial de los Estados miembros nos cuestionamos cuán inmóviles o fluctuantes pueden ser las fronteras de un Estado europeo para seguir perteneciendo a este proyecto comunitario. Hacia dónde va la UE y la ciudadanía europea? Hasta dónde llegan sus límites culturales, institucionales, y hasta donde pueden extenderse? Cuán consolidada está la ciudadanía europea, cuando los Estados miembros podrían ver alterarse sus fronteras políticas de un momento a otro, amenazando el mantenimiento de esa ciudadanía europea de la que gozaban sus nacionales como status accesorio a sus nacionalidades de origen? La ciudadanía europea, o mejor dicho, la pertenencia a una conciencia ciudadana europea, si bien preexistía2 laxamente al proceso constitutivo de las Comunidades Europeas que se inicia luego de la Segunda Guerra Mundial, tuvo su respaldo jurídicopolítico a partir de ese proceso. Por eso, fue una ciudadanía que fue construyéndose paulatinamente y que fue fijándose naturalmente en las subsiguientes generaciones de 2 En efecto, durante el último tercio del siglo XIX, el hombre europeo de la belle époque, podía viajar libremente a lo largo del continente europeo, confiado en esos valores de superioridad intelectual y material que a través del desarrollo de la ciencia, las artes y el urbanismo europeo permitían dar fe. europeos que hoy pueden viajar sin fronteras desde Lisboa hasta Tallin, y desde Atenas a Helsinki, y sentirse amparados por un elenco de derechos garantizados judicialmente en la Carta de Derechos Fundamentales, vinculante para todos los países de la UE a partir de 2009. Desde un análisis histórico, la construcción del concepto de ciudadanía europea nos recuerda al proceso de consolidación cultural, social y política del pueblo alemán en el siglo XIX, el cual, a partir de un proyecto político-económico fue recreándose y construyéndose una conciencia nacional alemana, a partir de los elementos en común que tenían los prusianos con los bávaros, los renanos y los sajones, amalgamados por las obras de Wagner, Fichte y el zollverein. Conforme ha ido avanzando el proceso de integración europeo, el ciudadano portugués, sueco, maltés, irlandés, así como el resto de los ciudadanos de los 28 Estados miembros de la UE han ido adosando a ese estatus jurídico, el hecho de ser también ciudadanos europeos, con su inmanente contenido de derechos y deberes. Con el reavivamiento de algunos movimientos independentistas en el seno de algunos países miembros del bloque común, y con la consecuencia probable de que se surjan dentro del mapa de Europa nuevas unidades políticas soberanas, una de las interrogantes que se plantean es cómo jugará esa ciudadanía europea de la que ya gozaban los ciudadanos escoceses y catalanes, por ejemplo, a los cuales se les puede agregar vascos, bretones, flamencos, y tantos otros -, por pertenecer a unidades estatales mayores, frente a la nuevas nacionalidades que amenazan con surgir luego de las probables independencias. Los procesos de secesión en ciernes aseguran una fuerte tormenta jurídica y política en Bruselas. Cuál será la solución a la que se llegará finalmente frente al deseo de estos nuevos Estados de seguir perteneciendo a la Unión Europea, y por ende de seguir gozando de todos los beneficios y soportando las cargas que esa pertenencia implica? Este trabajo plantea un recorrido a través de las consideraciones históricas, jurídicas y políticas que los activos movimientos separatistas plantean. Previo a explorar las diferentes opiniones respecto al vacío normativo existente para los casos de secesiones de territorios de Estados miembros de la UE, analizaremos los
t2_neg_000038;no_contribucion;no_contribucion;;66112310.txt;doc_66112310_sec01_chk01;0;INTRO;negativo_dificil;objetivo_sin_novedad;401;"Complications Trial Research Group. Este estudio es un ensayo clínico controlado, multicéntrico y prospectivo, realizado para comparar los efectos de la TI y de la TC sobre la aparición prevención primaria y progresión intervención secundaria de los efectos adversos provocados por la diabetes a largo plazo1. Se evaluaron los resultados obtenidos en una muestra muy amplia de pacientes cuidadosamente seleccionados y muy motivados. En la bos regímenes terapéuticos, tal y como se plantearon en el DCCT. Los programas terapéuticos con TI realizados tras el DCCT se ajustan en gran medida al régimen terapéutico planteado en él. Los resultados obtenidos en el estudio llevaron al Grupo de Investigación del DCCT a sugerir que la terapia intensiva, que pretende alcanzar un nivel de glucemia lo más próximo posible al intervalo normal en ausencia de diabetes, retrasaba de forma efectiva el inicio y la progresión de la retinopatía, neuropatía y nefropatía diabéticas. En relación con los efectos adversos, la terapia intensiva produjo aumento de peso y tres veces más episoconsiderando que los efectos positivos compensaban notablemente a los adversos, se propuso la terapia intensiva como el tratamiento de elección en ciertos sujetos con diata a comparar dos formas de administración del medicamento, sino dos pautas terapéuticas. Sin embargo, es el estudio que incluye el llado durante un período prolongado de tiempo. En esto radica, fundamentalmente, la importancia que se le ha concedido, pese a haberse diseñado para comparar los resultapara comparar las II.MM. y la ISCI. Otros amplios estudios que se han aplicado a la valoración de las bombas implantables para infusión de insulina son: el EVADIAC16, el Point Study Group II3 y el Implantable Insulin Pump Trial Study18. El objetivo del EVADIAC, un estudio multicéntrico francés, era evaluar los tres modelos de bombas implantables disponibles la bomba Promedos ID3, evaluada ya en el Point Study; la bomba Infusaid Model 1000, evaluada también en el IIPST, y la bomba Minimed y comparar los resultados metabólicos obtenidos antes y después del implante y, a su vez, algunas diferencias entre las bombas. Desde los primeros implantes de bombas en 1989, todos los centros franceses siguen un protocolo común e informan y mandan sus datos a un registro central controlado por la sociedad EVADIAC - Evaluación en Diabetes de Implantes Activos. El estudio se basa en los datos procedentes de este registro. En 1995, el grupo del Point Study publicó un artículo para evaluar la versión actualizada"
t2_neg_000019;no_contribucion;no_contribucion;;122789234.txt;doc_122789234_sec09_chk06;6195;RES;negativo_dificil;senal_contrib_no_propia;473;"1 Invertir mucho tiempo y esfuerzo en la propia capacitación. 32 Liderar en los grupos. 31 Entablar relaciones con personas que piensan como uno. 8 Esforzarse para ocupar altos rangos. 21 Buscar reconocimiento por las conductas y aportes realizados a la sociedad. Persuadir o convencer para que los otros asuman puntos de vista similares a los propios. 0,41 7 Competir para alcanzar posiciones jerárquicas 12 Dejar de lado metas personales o sueños por los hijos u otros. 0,83 11 Abandonar una carrera o estudio por los hijos. 0,81 19 Cuidar y priorizar el bienestar de los seres queridos antes que el propio. 0,46 0,47 2 Trabajar esforzadamente para brindar seguridad a uno mismo y a la familia El primer factor explica el 22,16 de la varianza y se denominó Tendencia generativa. Los ítems que presentan mayor saturación en este factor son los que evidencian preocupación tanto por el desarrollo personal como por el cuidado, acompañamiento, guía y atención de otras personas; sin describen a sujetos equilibrados que distribuyen sus esfuerzos generativos entre el desarrollo del Self y el cuidado de otros, tanto en el ambiente familiar como en el ámbito laboral. Para la escala definitiva se seleccionaron aquellos ítems que saturaron en el factor 1, cuyo El segundo factor explica el 7,28 de la varianza y se denominó Tendencia comunitaria, ya Cornaccione, M.; Urrutia, A,; Ferragut, L.P.; Moisset de Moiseet de Espanés, G.; Guzmán, E., y Sesma, S. Estos ítems describen a sujetos que dirigen sus esfuerzos generativos primordialmente al cuidado de otros. En la elaboración definitiva de la escala se excluyeron los ítems 15 y 1, por ser sus pesos factoriales menores a.50. El tercer factor explica un 5,89 de la varianza y se nominó tendencia agéntica. Los ítems liderazgo, las ambiciones, el reconocimiento, la jerarquía, etc, los cuales describen a sujetos que encauzan mayormente sus esfuerzos generativos hacia el propio Yo. Se excluyeron los ítems 21, 10 y 28 siguiendo los mismos criterios por su baja saturación en el factor 3. El cuarto factor fue denominado sacrificio del Self, ya que los ítems de mayor saturación 12 y 11 se refieren a conductas de sacrificio y abandono de intereses personales en pro de los otros. Estos ítems describen a sujetos con un marcado desequilibrio en la distribución de sus esfuerzos generativos, centrándolos en los hijos u otras personas con quienes tienen un fuerte vínculo afectivo. categorías teóricas de Bradley, corresponderían a expresiones exacerbadas o extremas de aquellas propias del estilo comunitario. Confiabilidad Para determinar la consistencia interna de la escala se utilizó el coeficiente alpha de Cronbach. La escala original presentó un coeficiente alpha de.85 y para la escala en su versión abreviada 13 ítems el coeficiente fue de.78. Se calculó también dicho coeficiente para cada factor, los cuales"
t2_pos_000047;contribucion;contribucion;;79553797.txt;doc_79553797_sec01_chk01;0;INTRO;positivo_planb_alto;explicito_propio;326;"La popularización del uso de Internet y la globalización por la que está pasando el mundo requiere que los alumnos tengan conocimiento de al menos una lengua extranjera. Por lo que en nuestro país es requisito dominar el idioma Inglés para obtener un grado de licenciatura. A través de diferentes entrevistas a estudiantes universitarios, ha sido posible identificar que algunos de ellos están predispuestos a rechazar el aprendizaje de otro lenguaje debido a que lo encuentran difícil. Ante tal situación, este equipo de investigación ha tenido la idea de desarrollar herramientas automatizadas para facilitar el proceso de enseñanzaaprendizaje de lenguas extranjeras a los estudiantes desde temprana edad. Sin embargo, una pregunta importante que surgió fue cómo evaluar el progreso de la adquisición del conocimiento? por lo que nos dimos cuenta que debe hacerse a través de diferentes fases. Con base en la respuesta anterior, encontramos que la taxonomía de Bloom establece que el proceso de aprendizaje se logra en seis etapas; cada una de ellas se describe por un verbo clave que etiqueta a cada nivel. Bloom propone las etapas de: memorización, entender, aplicar, analizar, evaluar y crear. Este trabajo inició considerando sólo las tres primeras etapas, las cuales nos valen como guía para la creación de herramientas de software que sirvan a los estudiantes para aprender el idioma Inglés y practicarlo de una manera lúdica y fuera de lo convencional. En diversos lugares de la red se pueden encontrar muchas aplicaciones que ayudan a aprender inglés, tales como Duolingo y Babbel. Sin embargo, una de las contribuciones de este trabajo es el uso de una interfaz que permite la participación colaborativa de dos estudiantes simultáneamente mediante el reconocimiento de gestos con la mano usando guantes de diferente color, de tal forma que las herramientas desarrolladas puedan ser manejadas por más de un participante al mismo tiempo. Es importante mencionar que de lenguas extranjeras, sino también crear un ambiente de cooperación y compañerismo entre los estudiantes."
t2_pos_000089;contribucion;no_contribucion;;87084181.txt;doc_87084181_sec01_chk01;0;INTRO;positivo_planb_alto;explicito_propio;744;"Rescatar la labor pedagógica en el aula implica reflexionar continuamente acerca de las actitudes, prácticas y relaciones para ajustarlas a fines, supuestos y realidades cambiantes; es decir, pensar cómo se enseña? y cómo se aprende?, por qué se enseña? y por qué se aprende?, para qué se enseña? y para qué se aprende?. En este sentido, la práctica educativa es una actividad intencional desarrollada de forma consciente, que sólo puede hacerse inteligible en relación con los esquemas de pensamiento, a menudo tácitos y, en el mejor de los casos, parcialmente articulados, en cuyos términos dan sentido a sus experiencias los profesionales. Por otra parte, en este devenir histórico se han destacado el modelo de escuela tradicional y el modelo de escuela nueva. Cada uno de estos modelos tiene defensores y detractores. Cada cual busca resaltar las bondades de cada sistema o por el contrario, critica sus falencias. Ello ha dado lugar al surgimiento de diversos enfoques pedagógicos que por un tiempo parecen ser la panacea a los problemas estructurales de los procesos enseñanza y aprendizaje, para terminar en decadencia al perder importancia y ser remplazados por un nuevo paradigma educativo. Este tipo de determinación, generalmente, se visualiza en documentos institucionales como el Proyecto Educativo Institucional P.E.I, entendido como la consecuencia de la acción, donde se planifica la gestión educativa de un plantel. Para el caso de los Liceos del Ejercito, el PEI existente visualiza como dinamizador del proceso formativo el Modelo Pedagógico de Excelencia Liceos del Ejército, el cual se soporta en el concepto de excelencia y en los enfoques cognitivo, humanista, constructivista, hermenéutico, aprendizaje basado en problemas, escuela activa, aprendizaje significativo, y pedagogía conceptual. Al respecto, la Dirección General de los Liceos del Ejército dentro de sus propósitos en el marco de las políticas internas 2010 y con el ánimo de unificar y cualificar los procesos pedagógicos de los colegios que la integran, implementó el Modelo pedagógico de Excelencia Liceos del Ejército. Toma como base lo cognitivo, humanista, constructivista, hermenéutico, aprendizaje basado en problemas, escuela activa, pedagogía conceptual, constructivista y el enfoque de aprendizaje significativo, para articular la práctica pedagógica, con el objetivo de actualizar y optimizar la labor formativa que se desarrolla bajo los parámetros de calidad que exige un proceso de acreditación EFQM. El concepto de excelencia se entiende como el cumplimiento de requisitos, especificaciones y exigencias dentro de los diferentes procesos académicos que se cumplen en los Liceos; su adecuación y adaptación a las necesidades, intereses y expectativas de la comunidad educativa. En este marco, se caracterizan las dinámicas pedagógicas de la institución. procesos de capacitación en el tema de la propuesta didáctica que asume la institución; en quehacer reflexión y auto-análisis con el fin de lograr la calidad educativa que busca la institución. En este sentido, se detecta que el se encuentra dentro del marco contemplado para la formación de los educandos. Lo anterior, se hace evidente en las reuniones de área y las generales, donde los educadores, al exponer sus prácticas y actividades, terminan identificándose con modelos tradicionales y conductistas. Igualmente, la apropiación teórica sobre el modelo constructivista y sus enfoques, siempre termina siendo reduccionista por parte del cuerpo de docentes. Esta situación exige que dentro de la propuesta para la mejora de la situación se involucren espacios que permitan la actualización de los docentes. También, la falta de conocimiento ha repercutido en el rendimiento académico de la población infantil, pues los métodos ortodoxos que emplean los docentes, desmotivan a los educandos y generan que éstos en algunas requeridas para su nivel de desarrollo. Lo anterior, se registra en las estadísticas de rendimiento académico de los educandos. Según lo planteado, en consecuencia, se plantea la siguiente pregunta de investigación: Cuál es la coherencia entre el modelo pedagógico institucional y las prácticas académicas de los docentes en el Liceo Colombia? En relación con lo expuesto, el presente documento está estructurado en los siguientes acápites: Se inicia con la descripción de la problemática identificada, luego, se exponen los argumentos teóricos que fundamentan el presente estudio en torno a práctica pedagógica, modelo pedagógico y gestión educativa; posteriormente, se presenta el diseño metodológico implementado, se explican los instrumentos de recolección de datos que son el análisis documental y el grupo focal de discusión y se realiza el mapeo y muestreo de la población objeto de estudio. Finalmente, se presenta el análisis e interpretación de la información obtenida mediante los instrumentos de recolección aplicados y, se plantean las respectivas conclusiones."
t2_neg_000044;no_contribucion;no_contribucion;;71632563.txt;doc_71632563_sec03_chk01;1535;METH;negativo_facil;zona_sin_senales;329;Se incluyeron las siguientes variables: Índice brazo tobillo: indicador sencillo fácil y menos invasivo para determinar el grado de isquemia en pacientes con pie diabético. Grado de isquemia en pacientes con pie diabético: se controló con tiempo de evolución de la enfermedad, valores de hemoglobina glicosilada, valores de glicemia. Se realizó la medición del ITB según el procedimiento considerado de elección en la actualidad5-6. Para las mediciones se utilizó un manguito convencional de determinación de la presión sanguínea y un aparato de Doppler portátil. ITB es el resultado de dividir la presión arterial sistólica PAS de cada tobillo, escogiendo el valor más alto entre la arteria pedia y la tibial posterior, entre el valor de la PAS más alto de cualquiera de las dos arterias braquiales. Así se obtienen dos valores de ITB, uno para cada miembro inferior, seleccionando como definitivo el más bajo de los dos7 El examen de los pies se llevó a cabo meticulosamente. El pie se examinó por la condición de la piel y la presencia de callosidades. Una evaluación biomecánica también se realizó examen de abultamientos o callosidades juanetes, deformidades de los dedos menores, y enfermedad de Charcot de la articulación. Además, la actividad física se limitó durante el período de 3 horas antes de realizar las evaluaciones. Así las mediciones del índice tobillo-brazo fueron tomadas después de que los pacientes habían permanecido inmóviles sobre su respectiva cama durante unos 15 minutos. Se compiló la información obtenida en la hoja de datos Excel 2007 en la misma se analizaron las medidas de tendencia central y de dispersión, para el cálculo de medidas bioestadísticas se utilizó el programa estadístico MedCalc versión 2.1 Se procedió a realizar con la muestra obtenida medidas de tendencia central que variaron de acuerdo a la dispersión muestral, así mismo se utilizaron medidas de dispersión para validación de la hipótesis de acuerdo al tamaño muestral obtenido, de manera consecutiva se realizó la t de student o chi cuadrado.
t2_neg_000022;no_contribucion;no_contribucion;;123146966.txt;doc_123146966_sec07_chk06;248;sin_asignacion;negativo_dificil;tercero_citado;361;"experiencias en la reflexión, como Heidegger lo pone perspicuamente, marchan ante la mirada vor dem Blick paradieren, vorbei-marschieren GA 58, 123. Trad. mía. Pero cómo se alcanza la convicción de que la vivencia se presenta en la reflexión como un proceso o un objeto? Aquí se presentan al menos dos alternativas: esta convicción se puede alcanzar o bien de modo reflexivo, o bien de un vicción misma, tendría que haber necesariamente un suelo de evidencia para suscribirla. La pregunta central es cómo se accede a este suelo. Supongamos, do con una sugerencia contenida en el KNS, y desarrollada por von Herrmann reflexión sino de simpatía con la vida Lebenssympathie GA 5657, 110; cf. el flujo experiencial de la vida en el que ésta busca una autocomprensión en sus propios términos, en su propio lenguaje, al margen de toda teorización GA 58, 42. Si optamos por este camino, sin embargo, nos encontramos con una discrepancia fundamental entre el método para alcanzar la convicción antes mencionada y el contenido de la convicción misma. En efecto, acaso es plausible suponer que a través de Lebenssympathie podría alcanzarse la convicción de que las vivencias se presentan en la reflexión de manera procesual y objetual? Si simpatía con la vida, como señala von Herrmann, es el Gegenwort acerca de la naturaleza modificadora de la reflexión pueda llegarse siguiendo dicho camino. Por otra parte, por supuesto, podría sostenerse que a la convicción mencionada se llega reflexivamente: es decir, que es sólo a través de una reflexión de segundo grado, dirigida a la reflexión previamente ejecutada sobre la vivencia de ver la cátedra, que puedo llegar a asegurar que esta vivencia se presenta en la reflexión de primer grado como un objeto o un proceso. Si es así, sin embargo, habría que conceder la razón a Husserl, cuando argumenta que la posibilidad de poner en duda a la reflexión necesariamente la presupone Hua III1, 154. Hay que destacar que, a pesar de sus diferencias, estas dos maneras de leer la crítica de Heidegger dan por descontado que ésta es una crítica escéptica. Lo que se pone en cuestión, en ambos casos, es el importe cognoscitivo de la"
t2_neg_000039;no_contribucion;no_contribucion;;67249583.txt;doc_67249583_sec07_chk04;5669;RES;negativo_facil;zona_sin_senales;468;"Debido a la identificación de fallos y componentes críticos se propone mejorar la disponibilidad de los servicios informáticos de la empresa de servicios públicos configurando la infraestructura actual en un sistema de alta disponibilidad. Para realizar esta nueva configuración se modificará el esquema de diseño de los clústeres, donde el clúster del sitio alterno desaparece y los hosts que lo componen serán añadidos al clúster del sitio principal, garantizando que los dos sitios sean principales y se conserve el objetivo de Disaster Recovery. A continuación, se presenta el nuevo diseño de infraestructura hardware y software: Esta alternativa reutilizará gran parte de la infraestructura actual, con el fin de minimizar costos. Al implementarla se deberá reemplazar y configurar dos componentes, el almacenamiento y los switchs. El almacenamiento del sitio alterno el Proliant DL380 Gen6 - StorageWorks X1800 equipo está elaborado para soportar todos los sistemas operativos e hipervisores más importantes del mercado, como lo es VMware, soporta la aplicación Hp StoreVirtual Centralized Management Console, la cual es la encarga de realizar la aplicación entre los almacenamientos. También cuenta con dos 2 puertos iSCSI de 10 GbE, lo que permitirá realizar una replicación de hardware a hardware, lo que quiere decir, que se replicará cada almacenamiento del sitio principal a estos dos nuevos equipos. y alterno serán reemplazados por dos 2 switchs HP 5130-48G-4SFP, estos nuevos equipos son mucho más robustos y sus prestaciones son incrementar el tráfico entre sitio y sitio, disminuyendo tiempo de latencias y logrando la replicación de los almacenamientos, entre sus principales características, ofrece 48 puertos 101001000BASE-T, 4 puertos SFP 100010000 y admite la tecnología Intelligent Resilient Framework IRF y el enrutamiento de Capa 3 de RIP y estático. Simulación Para realizar pruebas de conmutación por error en las Máquinas Virtuales y asegurar una alta disponibilidad, se hace uso de la plataforma online que ofrece VMware para simular laboratorios en un ambiente soportado en vSphere with Operations Management 6. En la simulación se configura la infraestructra actual de la entidad, en donde se realiza el apagado forzado del sitio principal y se observa que las máquinas virtuales que tienen configurado los servicios se interrumpen. Para evitar la interrupción de los servicios informáticos, se simula el diseño propuesto, la cual consiste en configurar los servicios de vSphere DRS y vSphere HA de los Datacenter Site; una vez realizada la activación de los servicios se observa que los hosts y máquinas virtuales se equilibran gracias al balanceo de cargas producto de los servicios configurados anteriormente. Al tener el balanceo de cargas se procede a realizar el apagado forzado del sitio principal, el cual genera una interrupción de los servicios informáticos, pero automáticamente se activa la configuración de conmutación por error y balanceo de carga, permitiendo el paso de todas las máquinas virtuales al sitio de respaldo."
t2_pos_000081;contribucion;no_contribucion;;84237546.txt;doc_84237546_sec01_chk01;0;INTRO;positivo_planb_alto;explicito_propio;359;La fotografía denominada plenóptica ha adquirido especial interés en los últimos años 1. Si bien sus orígenes se remontan a aparición de alguna capacidad de cálculo y tecnología para la fabricación de pequeñas lentes que cobró relevancia 2-5. Las posibilidades que brinda, atractivas en primera instancia desde el punto de vista recreacional, abren un abanico de aplicaciones donde interesa la visualización en tres dimensiones. Idealmente, la función plenóptica 4 actúa como la relación entre los objetos físicos y sus correspondientes imágenes retinales y por eso se dice que es intermediaria entre el mundo y el ojo. La función plenóptica representa los parámetros de la energía radiante del entorno. Es una función 7 dimensional posición en el y tiempo 1D que contiene la información visual disponible para un observador en cualquier punto en el espacio. Cada elemento de este espacio 7D corresponde a un único rayo de luz. En 1996 Levoy y Hanrahan 6 propusieron una parametrización que es un subconjunto 4D de la función plenóptica y tomaron de Gershun 7 el término light field campo de luz, LF para definir la radiancia en el espacio como función de la posición y dirección. Dicha reducción de parámetros sucede cuando se trabaja con imágenes estáticas con canales de color separados y con parametrizaciones especiales 8. Con el LF es posible, a posteriori de la captura, obtener imágenes reenfocadas en una región de interés, visualizar la escena desde diferentes ángulos y generar mapas de profundidades de la escena. El PIDUNER propone aplicar esta metodología al diagnóstico de patologías del fondo ocular. Tal es el caso del edema macular, donde la posibilidad de contar con imágenes de la topografía del fondo ocular es unaherramienta de soporte a la toma de decisiones. El proyecto tiene tres líneas de trabajo, una de las cuales es el desarrollo de la algorítmica para la obtención de imágenes multifoco, multiperspectiva y mapa de profundidades. El presente trabajo presenta los resultados del ensayo de tres algoritmos implementados. Por plenópticas del fondo ocular, pero sí hay avances en la configuración de algunas ópticas que han permitido capturar imágenes de escenas pequeñas con buena calidad, preservando las propiedades de radiancia.
t2_pos_000100;contribucion;contribucion;;99100863.txt;doc_99100863_sec04_chk04;6837;DISC;positivo_planb_alto;explicito_propio;645;"Las conductas de alimentación se han deteriorado en los últimos años y se requiere la búsqueda de estrategias para revertir esto. Se han realizado variadas intervenciones en colegios para modificar los hábitos alimentarios y promover la actividad física con el fin de reducir la prevalencia de obesidad. La mayoría de ellas se centra en educación sobre el tema y fomento de la actividad física y consisten principalmente en alcanza a ver resultados a nivel del Índice de Masa Corporal 22. El cambio de conducta es un componente fundamental para lograr cualquier respuesta frente al sobrepeso y a la obesidad. Sin embargo, es un proceso complejo que va más allá de la educación y entrega de información. Se hacen necesarios cambios en el ambiente para prevenir conductas poco saludables. La evidencia sugiere que las estrategias cubren todas las variables que influyen 9. La mayoría de los tratamientos de la dificultad para lograr cambios de conducta en esta área, el énfasis para abordar este problema debe situarse en la promoción de estilos de vida saludable y en la prevención. La innovación en este proyecto está basada en los modelos de aprendizaje integral que contemplan los factores contextuales, cognitivos y afectivos; la participación y la incorporación de medios de comunicación en la intervención. Este estudio aporta información relativa a la prevención del sobrepeso y obesidad en escolares chilenos, centrándose en las prácticas o conductas de autocuidado relacionadas con la alimentación y la capacidad de los niñosas para modificarlas, más que en la entrega de contenidos educativos y la práctica de actividad física. El diagnóstico basal realizado a través del MIN-C mostró que los niños presentan prácticas que requieren ser mejoradas. El resultado es similar al encontrado en un estudio previo realizado en nuestro país para validar el instrumento 17 y al encontrado por su autora en Washington DC 21. Esto muestra la importancia de continuar en la búsqueda de las mejores estrategias que permitan modificar esta situación. Entre las intervenciones que se han realizado con éxito para este fin se pueden citar: Un estudio de 2 años de duración que realizó una intervención educacional en hábitos alimenticios saludables y actividad física como actividad extracurricular, en escolares de 5o y 6o básico de España, encontró una disminución del aumento del IMC y cambios favorables en hábitos alimenticios en niños del grupo intervenido en comparación con el grupo control 24. Fahlman, Dake, McCaughtry y Martin encontraron que el grupo de estudiantes con promedio de edad de 12 años, intervenido con un Modelo de Curriculum de Nutrición en Michigan, mejoraba sus conocimientos post intervención y que posteriormente tenía mayor disposición hacia el consumo de frutas y verduras y menor disposición hacia la comida chatarra que el grupo control, así como mayor confianza en consumir alimentación saludable 25. Un estudio piloto realizado en Washington por la autora del instrumento MIN-C, utilizado en el presente trabajo, estudió el efecto de un programa de educación en nutrición denominado Color My Pyramid, dirigido a niñosas de 4o y 5o año básico. Analizaron conocimientos, prácticas de autocuidado, niveles de actividad física y estado nutricional en un estudio cuasi experimental. La intervención utilizó el componente on resultados mostraron un incremento en los conocimientos de nutrición y tiempo de actividad física en el periodo entre pre y postest 20. En Chile, se aplicó el Programa Desafío Chileno para una Vida Activa en escolares de Casablanca, consistente en educación alimentario-nutricional aplicando metodologías y materiales educativos específicos y actividad física en el quehacer habitual. Si bien los cambios de peso sustentable en el tiempo 26, 3. Rajalakshmi, Lakshman, Sharp, Ong y Forouhi desarrollaron un juego de cartas para enseñar nutrición a niños de escuelas primarias en Gran Bretaña y demostraron que este juego facilita el aprendizaje. También encontraron mejores hábitos en el grupo intervenido que en el grupo control al finalizar la intervención de 9 semanas 27"
t2_neg_000073;no_contribucion;no_contribucion;;83622686.txt;doc_83622686_sec10_chk04;8146;RES;negativo_facil;zona_sin_senales;430;un despacho termoeléctrico previo dado que solo existe una central térmica, y por tanto la función objetivo es su costo de su generación total en el año. El DHT programa un plan de generación de manera que la generación total hidráulica sea aproximadamente constante como se observa en la figura 7. Esta política de operación minimiza los costos anuales del sistema. Si se compara una solución inicial suponiendo las centrales a filo de agua con la óptima se puede obtener que las diferencias económicas son apreciables. El costo de operación de la solución a filo de agua es de 29106 mientras que el de la óptima es 6.69106. La solución a filo de agua propone que el nivel de los embalses permanezca constante y se turbinen solo las afluencias, energía. La solución filo de agua tiene un patrón de comportamiento dado por la hidrología, lo que genera ineficiencias en momentos donde el caudal sea mayor que el nominal porque se producen vertimientos de agua que nunca produciría energía. Las estrategias de operación de los embalses son mostradas en la figura 9. El embalse de la central Sobradinho, ubicada aguas arriba actúa como un embalse regulador de manera que las demás centrales que están aguas abajo perciban una trayectoria de afluencias aproximadamente constante a lo largo del año. Por tanto, de esta manera se esta consiguiendo una curva de generación constante. Para que el embalse de Sobradinho cumpla con su función de regulador, sus afluencias son empleadas estratégicamente. Durante la primera mitad del horizonte de planeamiento que las afluencias son pocas, el agua almacenada en el embalse de Sobradinho es empleada hasta un 40 de su volumen útil para entregar un caudal aproximadamente constante a la central de Itaparica. Posteriormente, cuando la hidrología comienza a crecer después del 6o mes, ésta es usada para seguir entregando el mismo nivel de caudal y comenzar el proceso de llenado del embalse y cumplir la condición final impuesta al embalse que es el 100 de su volumen útil. El proceso de convergencia del algoritmo es rápido y sensible a la solución inicial factible entregada. Para el DHT implementado en este trabajo es importante proveer una buena inicialización para garantizar la convergencia hacia un óptimo de buena calidad. Para el algoritmo implementado, se muestra el comportamiento de la función objetivo en la figura 10, siempre es decreciente, por ser un método de primer orden, sin embargo, las eficiencias computacionales de la formulación del problema en forma de red son comprobadas en la rapidez de convergencia para encontrar la solución en un tiempo de 10s.
t2_pos_000054;contribucion;contribucion;;82297682.txt;doc_82297682_sec02_chk01;49;INTRO;positivo_planb_alto;explicito_propio;404;El presente trabajo se inscribe en el marco de un proyecto de investigación20 que se propone indagar las relaciones entre el orden social y la producción de conocimiento y las prácticas de la psicología en diversos campos profesionales, en la Argentina, desde fines del siglo XIX hasta la creación de las primeras carreras universitarias de psicología 1890-1955. Uno de los tópicos abordados por este proyecto refiere a las relaciones entre psicología y educación, lo cual incluye el análisis de los diversos modos en que se desarrollaron conocimientos y técnicas para explicar e intervenir en el ámbito educativo, y de los autores y corrientes teóricas que fueron referentes en esta área. En el marco de este tópico, reciben especial interés los contenidos y autores propios de la psicología incorporados en la currícula de la formación docente implementada en el marco de la Sección ................................................................................................................................................. CUARTO CONGRESO INTERNACIONAL DE INVESTIGACIÓN de la Facultad de Psicología de la Universidad Nacional de La Plata 263 Pedagógica, creada en 1906 en la Facultad de Ciencias Jurídicas y Sociales de la Universidad Nacional de La Plata. En este trabajo se analizará el tratamiento que Víctor Mercante 1870-1934 da al concepto de aptitud en una serie de artículos publicados entre los años 1906 y 1914 en los Archivos de Pedagogía y Ciencias Afines, órgano de difusión de la Sección Pedagógica. Sus desarrollos pueden considerarse parte de la cultura científica, entendida como el conjunto de intervenciones teóricas que reconocen el prestigio de la ciencia como dadora de legitimidad de sus propias argumentaciones Terán, 2008:9 y es una figura insoslayable a la hora de considerar las características que adquirió la articulación entre psicología y educación en los orígenes de la psicología en nuestro país. Por este motivo indagar su concepción respecto de estos temas es un modo de dar cuenta de esta articulación. El uso que Mercante hace de la noción de aptitud es factible de ser analizado desde diferentes perspectivas. Aquí se pondrá de relieve el carácter impreciso que adquiere la noción en los artículos analizados, teniendo en cuenta una serie de características que, explícita o implícitamente, lo configuran. Este análisis permite evidenciar cómo, a pesar de una filiación fuertemente positivista, que destaca el valor del conocimiento obtenido a partir de métodos como la observación y la experimentación, muchas de las conclusiones expuestas por Mercante distan de los cánones de imparcialidad y neutralidad exigidos desde esta misma concepción. Anderson, 2004
t2_pos_000040;contribucion;no_contribucion;;77869857.txt;doc_77869857_sec02_chk05;6055;INTRO;positivo_planb_alto;explicito_propio;313;Método de Búsqueda Parcial: Se caracteriza por la participación de los estudiantes y la realización de determinada tarea organizada por el profesor, o sea, plantea un acercamiento gradual al método investigativo a través de la fórmula de hipótesis, la elaboración de un plan de investigación, etc. Método de Exposición Problémica: El profesor, a través de la situación problémica y un problema, demuestra la veracidad de los datos, descubre las contradicciones presentes, y muestra la lógica de solución del problema. Es como el diálogo mental que se establece entre el estudiante y el profesor, y que le permite a este último hacer los conocimientos más comprensibles al estudiante, ofrecer un modelo para la El trabajo con métodos activos requiere de una nueva forma de pensar con relación a estudiantes y profesores, lo cual se hace más fácil si el estudiante desde sus inicios recibe esta forma de trabajo en clases. El trabajo con los métodos activos requiere de un mayor nivel de conocimientos en el profesor, tanto desde el punto de vista teórico como de su aplicación. Los estudiantes que acuden a las aulas en la actualidad poseen un caudal de información enriquecida, y por tanto, ante el análisis de cualquier problema pueden enfrentarlos de diversas formas. Cada uno de los métodos anteriormente relacionados, así como los procedimientos para motivar el proceso de enseñanza permiten activar: Propiciar un ambiente de aprendizaje en que los estudiantes tengan la necesidad y la oportunidad de participar activamente en la construcción de sus conocimientos, de reflexionar sobre los procesos que llevan al dominio de los mismos, de conocerse a sí mismos y a sus compañeros como aprendices y de asumir progresivamente la dirección y control de su propio aprendizaje. En este trabajo se propone trabajar la canción en tres etapas: 1. Antes de escuchar la canción. 2. Mientras se escucha la canción. 3. Después de escuchada la canción.
t2_neg_000029;no_contribucion;no_contribucion;;18414647.txt;doc_18414647_sec01_chk01;0;BACK;negativo_facil;zona_sin_senales;442;La UNLu ha sido una de las primeras universidades que admitió el ingreso de personas resuelve tomar una prueba de madurez intelectual y cultural a las personas mayores de 25 años que aspiren a ingresar a la Universidad sin acreditar estudios de nivel medio completos. La resolución fue dictada por Emilio Mignone, según su propia interpretación respecto de que para ingresar a la UNLu mediante este régimen 200 aspirantes, de los cuales 70 superaron las evaluaciones y pudieron comenzar estudios universitarios. De aquellos 70 ingresantes sin estudios secundarios completos, obtuvieron título de la UNLu 38 estudiantes algo más del 50. Para ingresar como alumno a las instituciones de nivel superior, se debe haber aprobado el nivel medio o el ciclo polimodal de enseñanza. Excepcionalmente, los mayores de 25 años evaluaciones que las provincias, la Municipalidad de la ciudad de Buenos Aires o las universidades en su caso, establezcan, que tiene preparación yo experiencia laboral acorde con los estudios que se proponen iniciar, así como aptitudes y conocimientos suficientes para cursarlos satisfactoriamente. En este marco, la UNLu volvió a habilitar el ingreso de tengan aprobado el nivel medio o polimodal de enseñanza. Desde el año 1996 ingresaron a la UNLu estudiantes en el marco de la Resolución C.S.N 02696 la que reglamenta la aplicación del artículo 7 de la LES. En trabajos anteriores, identificamos a los estudiantes que ingresaron a la UNLu entre los años 1996 y 2008, ambos inclusive, mediante la instancia de evaluación prevista por la cohortes. AÑO Sin Estudios Completos TOTAL Rel. La Tabla 1, muestra que los ingresantes, mediante esta modalidad, representan el 1 del total de ingresantes de la UNLu, centrándonos, dado el objeto de este trabajo, en las cohortes comprendidas entre los años 1996 y 2005. Bajo este criterio, se definió que la población en estudio estaría conformada de la siguiente manera: La misma resolución prevé que los aspirantes a ingresar a la UNLu, mediante esta modalidad, deben acreditar estudios de nivel primario completo y antecedentes laborales que tuvieran relación con la carrera en que se inscriben. INGRESANTES AÑO Sin Estudios Completos Con Estudios Completos TOTAL La Tabla 2, muestra como se integra la población para la que se analizará la tasa de egreso. En primer término, se consideraron a los egresados que pertenecen a las cohortes en estudio, identificando, en cada caso cual fue la modalidad mediante la que había ingresado. Se calculo la tasa de egreso para aquellos ingresantes que obtuvieron alguno de los títulos que otorga la carrera, sea este de grado o pregrado. Tomamos esta decisión dado que hay estudiantes cuyo estudios hasta el nivel de grado. INGRESANTES SIN ESTUDIOS COMPLETOS
t2_pos_000055;contribucion;contribucion;;82298998.txt;doc_82298998_sec01_chk02;1404;INTRO;positivo_planb_alto;pasivo_anclado_trabajo;499;La actividad Cuestionario del Moodle es una heramienta que permite explorar nuevas estrategias motivadoras para contribuir a la evaluación formativa de los alumnos complementaria a la tradicional prueba escrita. Las características actuales de los alumnos como su familiaridad, habilidad y adaptabilidad en el manejo de las tecnologías de la información y la comunicación, junto con nuestra experiencia docente, nos levan a pensar en cambios y renovación de las prácticas educativas que nos permitan contemplar, por ejemplo, el carácter heterogéneo del grupo de alumnos, la existencia de distintos estilos y tiempos de aprendizajes, al mismo tiempo que promover el desarolo de destrezas transversales resolución de problemas, pensamiento crítico, creación de relaciones entre materias. Se presenta en este trabajo la descripción de la experiencia, sus objetivos, los resultados y opinión de los alumnos sobre la actividad y por último, se hace una reflexión sobre la contribución y utilidad de los cuestionarios en línea al aprendizaje de estos importantes conceptos de la materia y a la evaluación formativa de los alumnos. 2-Objetivos del trabajo Como señalan Pozo y Monereo 2009: De hecho, la única forma de evaluar realmente la comprensión es ir más alá de lo aprendido y pedir a los alumnos que usen sus conocimientos para afrontar una pregunta o situación nueva. Y eso nos leva al segundo rasgo del buen aprendizaje, la capacidad de transferir el conocimiento a nuevas situaciones y contextos.. De modo que, basándonos en nuestra experiencia docente en la materia, se propuso desarolar un recurso didáctico que permitiera a los alumnos otra forma diferente e innovadora de tener una medida de los conocimientos adquiridos, del avance en el estudio del tema y tener la posibilidad de reforzar los conceptos durante el período de repaso previo al examen escrito. Los objetivos principales de la utilización de estos cuestionarios se pueden resumir en los siguientes aspectos: Introducir a los alumnos en la utilización de actividades autónomas de enseñanza y aprendizaje. Disponer de evaluaciones formativas en línea que permitan a los alumnos, mediante una realimentación inmediata, tener una medida de los conocimientos y habilidades adquiridos durante el proceso de aprendizaje y poder detectar y coregir erores, tanto de concepto como de cálculo, en la resolución de los cuestionarios. Establecer un registro de los resultados obtenidos por los alumnos que permitan a los docentes del curso un análisis y evaluación del proceso de enseñanza y aprendizaje determinando las dificultades de orden conceptual, de cálculo y de interpretación gráfica que se presentan en la resolución de los cuestionarios. Incluir actividades de evaluación conceptual que promuevan la comprensión y la revisión de los conceptos involucrados y su relación con temas vistos previamente en la materia. Promover mediante visualizaciones gráficas relaciones conceptuales que contribuyan a la comprensión de los temas involucrados en los cuestionarios. tradicional, utilizando las potencialidades de la interactividad de la plataforma. Motivar el estudio y la ejercitación de los alumnos en aquelos temas en los que suelen tener más dificultades. 2015 - Año Internacional de la Luz163 Departamento de Ciencias Básicas
t2_pos_000061;contribucion;no_contribucion;;82317990.txt;doc_82317990_sec02_chk03;2871;sin_asignacion;positivo_planb_alto;explicito_propio;420;"la tarea de selección y secuenciación de contenidos conceptuales y modos de conocer queda a cargo de la pareja pedagógica; utilizamos como sustento teórico para tal fin las producciones de los investigadores que son referentes de las áreas asociadas al Espacio Curricular. Es abundante la oferta editorial en el ámbito pedagógico-didáctico, hecho que facilita la elección de aquellas propuestas que mejor se adecuan a las necesidades de cada grupo. Pero también plantea la necesidad del diálogo académico de la pareja pedagógica para responder a necesidades reales sin recargar, tampoco limitar demasiado la tarea de losas estudiantes y sostener la coherencia entre el enfoque generalista y especialista. Entendemos que este trabajo contribuye con el cumplimiento de los propósitos. Desde el espacio generalista comenzamos con el tema de la autobiografía escolar como eje troncal, donde los alumnosas evocan sus experiencias en los diferentes trayectos escolares que realizaron durante su vida, y reflexionan sobre los perfiles docentes que dejaron huella en ellos y ellas. De esta manera se comienza a construir su rol docente. Desde el espacio de la práctica específico se da lugar al conocimiento didáctico del contenido. De esta manera el alumno configura el qué hacer, el cómo hacer y el cómo ser Green 1983 citada por Coll, 2001 explicita que en el aula se genera multiplicidad y diversidad de informaciones cuyos significados se interpretan y negocian en marcos de referencia compartidos por docentes y estudiantes, cada significado actuaciones, enunciados, gestos y movimientos es inseparable del entorno comunicativo en el que se produce. Cuando esto ocurre en el aula, se puede afirmar que todos los actores forman parte la misma comunidad lingüística. Esta idea permite entender la importancia que tiene el proceso lingüístico para el aprendizaje y la necesidad de propiciar la interacción dialógica para optimizar resultados. De Longhi 2011 se pregunta Qué es lo bueno que podemos agregar a nuestras estrategias de enseñanza si promovemos la interacción comunicativa con los alumnos?. Posicionada en el constructivismo, la investigadora responde: Nos podemos enterar de sus ideas previas, de sus modelos de referencia, de los malentendidos y trabajar a partir de ellos. También podemos ir guiando interpretaciones sucesivamente más complejas sobre el tema. Nos podemos dar la libertad de plantear dudas o interpretaciones que problematicen el conocimiento, que lo cuestionen desde diferentes perspectivas o que generen nuevos referentes para poder entenderlo. De Longhi, 2011 Como pareja pedagógica, adherimos a esa propuesta y aplicamos estrategias de enseñanza destinadas a promover contextos comunicacionales que permitan una genuina interacción de los alumnos con el conocimiento."
t2_pos_000097;contribucion;contribucion;;98894056.txt;doc_98894056_sec01_chk01;0;INTRO;positivo_planb_alto;explicito_propio;498;La iniciativa de elaboración de este protocolo se debe a una práctica profesional voluntaria extracurricular en la Unidad de Tratamiento de Quemados de un hospital público de gran tamaño especializado en urgencias y emergencias en Belo Horizonte. Estas prácticas tuvieron una duración de tres meses en cada clínica, donde el alumno en prácticas de enfermería cumplía una jornada semanal de doce horas. En contraprestación, la institución avalaba el trabajo del alumno a través de la supervisión del enfermero de la unidad, resultando que al final de las prácticas el estudiante se comprometía a presentar al enfermero y a la coordinación general de enfermería un trabajo escrito de su experiencia y una propuesta para una mejora de la asistencia de enfermería. Teniendo en cuenta la gravedad y las peculiaridades del paciente quemado a causa del sufrimiento físico, de la incertidumbre de su recuperación y también por la presencia constante del miedo a quedar desfigurado para toda su vida, el presente trabajo presenta una propuesta de implantación e implementación de protocolo para plan de cuidados al paciente quemado de la Unidad de Tratamiento de Quemados UTQ de un hospital público de gran tamaño en Belo Horizonte, el cual atiende urgencias y emergencias de todo el estado. La UTQ es una unidad de referencia en la asistencia a personas víctimas de quemaduras Entiendense por centros de referencia en asistencia a Quemados, aquellos hospitales, servicios, debidamente acreditados como tal, que disponiendo de un mayor nivel de complejidad, condiciones técnicas, instalaciones físicas, equipamientos y recursos humanos específicos para la atención a pacientes con quemaduras, sean capaces de constituir la referencia especializada en la red de asistencia a quemados. Según Smeltzer y Bare 2 aproximadamente 2,5 millones de personas en los EUA son víctimas anualmente de por lo menos una lesión por quemaduras al día. De este grupo, 200.000 reciben tratamiento ambulatorio y 100.000 son hospitalizados. Cerca de 12.000 personas mueren por quemaduras y lesiones relacionadas con inhalación y 1.000.000 de días de trabajo se pierden cada año. Según Gomes et al 3 los accidentes por quemaduras ocupan el segundo lugar en el mundo, por detrás solamente de las fracturas. Para asistir a pacientes quemados que padecen de gran sufrimiento físico y consecuentemente psicológico por secuelas resultantes del terror del accidente yo de las marcas severas en su cuerpo, la UTQ cuenta con un cuerpo clínico multiprofesional compuesto por médicos clínicos de medicina interna, cirugía plástica y clínica del dolor, equipo de enfermería, nutricionista, fisioterapeutas, psicólogos y una asistenta social. De acuerdo con la ley 749886 que legisla sobre el Ejercicio Profesional de Enfermería, cabe al enfermero particularmente la planificación, organización, coordinación, ejecución y evaluación de los servicios de enfermería y también la prescripción de la asistencia de enfermería.4 Hay por tanto una necesidad de sensibilización y posicionamiento de los enfermeros para la implantación e implementación del protocolo en la asistencia. Por ello, se hace necesario que estos profesionales sean transmisores del conocimiento para otros enfermeros y
t2_neg_000033;no_contribucion;no_contribucion;;5255621.txt;doc_5255621_sec01_chk01;398;METH;negativo_facil;zona_sin_senales;488;"Instrumento Se elaboró un cuestionario para evaluar cuatro aspectos diferentes de las actitudes de los estudiantes hacia el uso de la tecnología en el proceso de enseñanza y aprendizaje de las matemáticas, que consideramos importantes: utilidad de la de la tecnología en las matemáticas, gusto y motivación de los estudiantes por la implementación de la tecnología en las matemáticas y creencias de los estudiantes con respecto a su aprendizaje de las matemáticas con el uso de la tecnología. El cuestionario consta de 35 ítems y para su construcción se analizaron escalas previamente validadas en diferentes investigaciones, encontrando que los diferentes aspectos que pretendemos evaluar se cubren con los ítems pertenecientes a las sub escalas correspondientes a: la interacción de las matemáticas con el ordenador, la experiencia del uso de la tecnología en el aprendizaje de las matemáticas y el gusto por la integración de la tecnología en las matemáticas. Los estudiantes debían indicar su grado de acuerdo o desacuerdo con las afirmaciones propuestas por medio de una escala de Likert de 5 valores. Para medir el grado de interacción del pensamiento matemático de los estudiantes con el ordenador involucrando la utilidad del uso de la tecnología en hacer y aprender matemáticas, y creencias de los estudiantes acerca de su aprendizaje de las matemáticas con tecnología consideramos los ocho ítems ver Tabla II de la sub escala Interacción ordenador y matemáticas de Galbraith y Haines 1998, 2000. Para medir el gusto y la motivación de los estudiantes hacia el uso de la tecnología en las matemáticas se tomaron cuatro ítems de Pierce, Stacey y Barkatsas 2007 sobre Actitudes hacia el aprendizaje de matemáticas con tecnología, los cuáles modificamos sustituyendo el término calculadora gráfica por computadora ver Para medir los sentimientos de gusto y motivación al uso de la tecnología cuando se hace y se aprende matemáticas, así como para evaluar el interés de los estudiantes hacia el uso de la tecnología en su aprendizaje de las matemáticas, consideramos doce ítems de Cretchley y Harman 2001; Cretchley 2007; Fogarty et al. 2001 recogidos en la Tabla IV. Los ítems del 15 al 19 son los que consideramos en las matemáticas. Para evaluar las actitudes de los estudiantes con respecto a su experiencia personal del uso de software en su aprendizaje de las matemáticas seleccionamos cinco ítems ver Tabla V de Cretchley y Harman 2001. La administración del cuestionario la realizó en el aula el propio investigador por grupos de estudiantes, durante una sesión de clase. Antes de entregar el cuestionario, el evaluador proporcionó las instrucciones del llenado y la finalidad de la aplicación respuesta; sin embargo, todos los estudiantes dedicaron menos de 20 minutos a completar el cuestionario. ANÁLISIS Y RESULTADOS El primer análisis que hemos realizado ha sido detectar la confiabilidad del test construido. Para determinar el grado de homogeneidad existente entre los elementos de la escala en conjunto, se calculó el Coeficiente Alfa de Cronbach para el total"
t2_pos_000086;contribucion;no_contribucion;;86679872.txt;doc_86679872_sec01_chk01;25;INTRO;positivo_planb_alto;explicito_propio;581;"Al comenzar el siglo XXI la sociedad humana se encuentra comprometida en un rumbo insostenible. Los problemas que configuran este cuadro amenazador son globalmente reconocidos: el aumento de la población mundial, el crecimiento renovables, entre ellos los energéticos fósiles, el cambio climático global y el incremento de la pobreza. Después de más de tres décadas de reuniones internacionales para acordar políticas que propicien un mejor nivel de sostenibilidad ambiental para todo el planeta en el futuro, muy pocos avances se han efectivizado y los principales indicadores continúan evolucionando negativamente. Dresner, 2001 En el momento histórico que transitamos, son previsibles grandes desafíos sociales y ambientales que comprometen seriamente, a corto plazo, la sostenibilidad de los sistemas urbanos y la calidad de vida de las presentes y futuras generaciones. La situación demanda una urgente toma de conciencia por parte de diversos actores involucrados en la construcción del territorio, pero especialmente del sector político al que la sociedad está reclamando una mayor responsabilidad en la toma de decisiones que permita planificar, desarrollar e implementar acciones que mejoren los niveles de sostenibilidad social, económica y ambiental de la ciudad, eligiendo como paradigma el modelo conocido como ciudad compacta. Jenks, M.; Breheny, M.; Hillman, M; 1996 Planteada así la cuestión, la propuesta de reforma al código edilicio de la ciudad de Mendoza constituye una oportunidad para implementar las estrategias que faciliten el camino hacia la sostenibilidad territorial. La revisión de los modelos precedentes que guiaron el desarrollo urbano, el conocimiento disponible para una evaluación más precisa y las demandas sociales explícitas para la construcción de una ciudad más inclusiva y equitativa, -ergo, más sostenible-, constituyen el marco de los desafíos a los que la nueva propuesta podría dar respuesta. Sin embargo del análisis se desprende que la nueva normativa distaría, por su desmesura, de acercarse al paradigma de ciudad compacta lo cual resultaría clave para un desarrollo más sostenible de un conglomerado urbano en el contexto de las tierras secas. Este trabajo parte de considerar que si bien la construcción de la ciudad se presenta como una obra colectiva, las improntas que los diversos actores imprimen en su paisaje denotan los estilos de desarrollo que ellos mismos encarnan. Así, el paisaje urbano es capaz de dar cuentas de las distintas estrategias de aprovechamiento de los recursos ambientales y culturales que han guiado los procesos de construcción de la ciudad así como los que se proyectan hacia el futuro. En este marco, se propone evaluar los impactos que producirían las reformas propuestas a la normativa de edificación de la ciudad de Mendoza, particularmente, en las incidencias que se producirían en el aprovechamiento de los recursos ambientales y culturales. El avance de la investigación que aquí se presenta, aborda específicamente los impactos en el aprovechamiento del recurso solar como fuente de energía renovable y a partir de allí, las afecciones que produciría en el paisaje cultural como patrimonio ambiental. Becaria Post Doctoral CONICET. Investigador Adjunto CONICET. Investigador Principal CONICET. ASADES Avances en Energías Renovables y Medio Ambiente 05.65 El estudio se ha concentrado hasta el momento, en la estimación del deterioro de los aspectos de mayor relevancia de ambas problemáticas abordadas, en caso de implementarse masivamente las reformas al Código Urbano y de Edificación propuestas por el municipio. En lo energético, del potencial solar existente en las construcciones urbanas para calefacción de espacios y calentamiento de agua y en lo ambiental, la pérdida de la fisonomía urbana como patrimonio cultural, reconocido como valioso ejemplo de ciudad oasis."
t2_neg_000021;no_contribucion;no_contribucion;;122841342.txt;doc_122841342_sec02_chk03;4274;METH;negativo_facil;zona_sin_senales;460;2.1. Participantes Este estudio extrae los datos de la base REUNA Registro Estadístico Unificado de Niñez y Adolescencia a partir de las intervenciones realizadas por los 22 Servicios Zonales de Promoción y Protección de Derechos del Niño SZPPD de la Provincia de Buenos Aires, Argentina, en el año 2010. El REUNA es un sistema descentralizado que se encuentra instalado en un servidor oficial de la Provincia de Buenos Aires y al que se puede acceder desde el sistema Intranet Provincial. Los usuarios del sistema son trabajadores de los SZPPD, quienes supervisión mediante, pueden modificar la información en el REUNA cuando esto sea necesario, a fin de mantener el sistema permanentemente actualizado. El presente trabajo utiliza datos del REUNA con el fin de comenzar a obtener provecho de la creación de este tipo de registro. La población estudiada es el conjunto de niños y adolescentes de la provincia de Buenos Aires que han sido intervenidos por haber sido vulnerados sus derechos. La base total estaba compuesta por 10677 casos. En función de los objetivos del presente trabajo se seleccionaron aquellos casos que fueron motivados de derechos por ejemplo adicciones. De esta manera, la base de datos finalmente quedó compuesta por un total de 5341 casos. 2.2. Instrumentos El ingreso de los datos al REUNA fue realizado por profesionales integrantes de los Equipos Técnicos e.g. psicólogos, psicólogos sociales, asistentes sociales, etc. de todos los SZPPD de la provincia de Buenos Aires, teniendo cada registro carácter protocolar y siendo documentado en él los datos filiatorios, la situación de vulneración de derechos que originó la intervención, las estrategias implementadas y las estrategias a implementar. Cabe destacar que todos aquellos datos que remitiesen a la identidad de los sujetos involucrados fueron eliminados de la base previamente al análisis, a los efectos de un tratamiento anónimo de los datos. De esta manera, se utilizaron solo aquellos datos que concernían a la edad, el sexo y la situación de violencia que ameritó la intervención con la clasificación que es dada en el REUNA. Se utilizó la categorización que se emplea de modo consensuado en los SZPPD para la clasificación de los casos, la cual incluye Maltrato Físico, Maltrato Psicológico, Abuso Sexual, Negligencia y Situación de Abandono adoptando las definiciones descriptas en la Introducción. 2.3. Análisis de datos Para el análisis estadístico de los datos se utilizó el SPSS 17 Statistical Package for the Social Sciences, y para la confección de gráficos el Excel, Microsoft Windows 7. Debido que los datos empleados en los análisis de las variables de sexo y motivo de intervención poseen un nivel de medición nominal, se U de Mann Whitney yo H de Kruskal Wallis. El nivel de significación estadística alfa se estableció para todos las pruebas en.05.
t2_pos_000017;contribucion;contribucion;;2643542.txt;doc_2643542_sec08_chk07;879;CONC;positivo_planb_alto;entidad_propia_objeto;284;En este trabajo se ha presentado una primera estimación del impacto de la propuesta de sociales. Con este fin se ha proyectado la senda esperada del gasto en pensiones contributivas en ausencia de reformas, actualizando las proyecciones realizadas por de la Fuente y Doménech 2009 para el período 2008-60, y se ha estimado el impacto sobre esta senda de la elevación de la edad de jubilación hasta los 67 años, la ampliación del período de cómputo de de la base reguladora. Las reformas previstas están en la línea de las adoptadas en años recientes en otros países garantizar por sí mismas el equilibrio financiero del sistema, constituyen un paso sustantivo en la dirección correcta por tres razones. En primer lugar, porque han abierto un importante debate social sobre la sostenibilidad del sistema público de pensiones en el que han sociedad civil. En segundo lugar porque, con el acuerdo alcanzado para la elevación de la edad de jubilación, la reforma ha roto lo que hasta el momento había sido un auténtico tabú. Una vez traspasada esta frontera, será mucho más sencillo plantear con naturalidad los nuevos cambios paramétricos que pueda exigir en el futuro la sostenibilidad del sistema. Finalmente, y en línea con el punto anterior, porque la introducción del denominado factor de sostenibilidad supone un cambio cualitativo en el diseño del sistema al convertir en cuasiautomática la adopción de reformas que hasta el momento han exigido largos plazos de gestación y laboriosos consensos. Condicionados a los supuestos realizados sobre la evolución del empleo, la productividad y la demografía, los resultados de este trabajo sugieren que las tres principales reformas propuestas tendrán un impacto apreciable sobre el gasto en pensiones, con un ahorro que
t2_neg_000031;no_contribucion;no_contribucion;;2888083.txt;doc_2888083_sec02_chk03;1469;sin_asignacion;negativo_dificil;tercero_citado;453;una discontinuidad en la función que genera la dinámica. 3 Estos puntos de vista de Georgescu-Roegen acerca de los ciclos económicos inspiraron a Goodwin 1951 y Leontief 1953, pero, fuera de estas contribuciones, la posibilidad del uso de las oscilaciones de relajación como modelo de los ciclos económicos fue casi abandonada en la literatura teórica moderna. Para muchos historiadores de la economía, el crecimiento económico debería ser descripto en términos de estadios de desarrollo. Para estos, las economías han pasado a través de las épocas históricas con muy diferentes estructuras caracterizadas por distintas tecnologías, modos de producción y organizaciones sociales. Es entonces que en este ámbito, las ideas de régimen y cambio de régimen aparecen en modo natural relacionadas a los estadios de desarrollo. Estos estadios cambian con el tiempo dando lugar a distintas estructuras con diferencias cualitativas en sus conductas dinámicas. variables sino también cambios en el modo en que la economía funciona. Estos cambios pueden incluir modificaciones en las tecnologías, la emergencia de nuevas instituciones socioeconómicas, la utilización de nuevos recursos, cambios en los gustos y preferencias del consumidor, etc. Todos estos cambios introducen una modificación cualitativa en la conducta dinámica de la economía. La literatura en desarrollo económico contiene descripciones de varios aspectos del proceso de cambio de régimen asociados al cambio estructural. Conceptos como el big push Rosenstein-Rodan, Nurkse, 1953 o las economías duales Lewis, 1954 están todos conectados con un cierto tipo de cambio de régimen en el sistema económico. Integrando la teoría económica con la historia, en su libro The Stages of Economic Growth Rostow 1960, Walt W. Rostow presenta una clasificación de los sistemas económicos en cinco categorías o regímenes, cada una de ellas con su propia conducta dinámica, donde cada economía puede pasar por estos regímenes en forma ascendente a lo largo de su historia. Es claro que en la visión de Rostow los cambios de régimen son irreversibles y además están dados en un cierto orden y el escenario parece ser mucho mas complejo de lo que sostienen los economistas del desarrollo. Genéricamente, los modelos con múltiples regímenes se pueden caracterizar por la presencia de múltiples equilibrios, al menos uno por cada régimen y, recíprocamente, muchas veces es útil interpretar un modelo con múltiples equilibrios como un modelo que puede exhibir múltiples regímenes. Sabemos que en los modelos económicos de última generación, la presencia de múltiples equilibrios 5 es una propiedad genérica. Por ejemplo, los modelos macroeconómicos donde hay fallas de coordinación, spillovers y complementariedades estratégicas pueden producir múltiples equilibrios. 6 En gran parte de esta literatura, los equilibrios son Pareto-ordenables y uno de los problemas es el de encontrar mecanismos que permitan pasar de un equilibrio a otro. Generalmente los
t2_neg_000050;no_contribucion;no_contribucion;;78312198.txt;doc_78312198_sec02_chk02;548;INTRO;negativo_dificil;objetivo_sin_novedad;362;"cias y los valores de los usuarios. 2. La experiencia y el juicio clínico del profesional evidencia interna. 3. Los resultados de la investigación clínica evidencia externa. 4. Los recursos sanitarios y humanos disponibles. A los dos primeros elementos se les conoce como evidencia de mínimos deben estar siempre presentes, y los dos siguientes como evidencia de máximos, su aplicación dependerá de la fuerza de recomendación tras evaluar el costo-beneficio y su disponibilidad. Toda esta información está a su vez recogida en unos documentos especiales denominados Guías de Práctica Clínica GPC, cuyo objetivo es mejorar la efectividad y la calidad de la práctica asistencial, disminuir la variabilidad injustificada en la práctica clínica y establecer criterios homogéneos en el abordaje de las patologías más frecuentes1,2; elaborando para ello, recomen-daciones basadas en la evidencia yo buenas prácticas asociadas según los hallaz-gos con niveles de fuerza de recomendación, para orientar a los profesionales y gestores sobre la idoneidad de su implementación para la toma de decisiones. Appraisal of Guidelines for Research Evaluation2,6, una herramienta validada para evaluar con fiabilidad la calidad metodológica de las GPC, de este modo podemos identificar cuáles serían las más recomendadas para la de decisiones. Sin embargo, la aplicación del AGREE-II requiere seguir un procedimiento riguroso y seres tienen la suficiente formación para su mallevar a cabo una revisión a fondo. Para paliar estos inconvenientes o dificultades; el grupo AGREE ha elaborado una versión reducida para hacer más accesible a otros profeservir como modelo pedagógico de lectura crítica de guías. La versión creada se denomina AGREE-GRS Global Rating Scale7,8; obteniéndose tras su aplicación un nivel global aproximado de la calidad global de la guía evaluada; siendo además el instrumento idóneo para evaluar otros tipos de documentos, como las guías basadas en la evidencia; es decir, aquellas guías de buena práctica GBP que se elaboran a partir de las recomendaciones de las ser oficialmente consideradas una GPC9,10. Por todo ello, el objetivo de nuestro estudio consistió en evaluar la calidad global de la colección de guías prácticas de heridas del Servizo Galego de Saúde Sergas, consideradas GBP para la toma de decisiones clínicas."
t2_pos_000066;contribucion;contribucion;;84089739.txt;doc_84089739_sec02_chk01;1212;sin_asignacion;positivo_planb_alto;explicito_propio;585;"Este artículo propone una mejora al modelo propuesto en Ferrero et al, 2006 donde se abordó el problema mediante varias capas de procesamiento. 2.1 Base Utilizada por la Propuesta Luego de ser escaneada la imagen, se la somete a un proceso de ajuste de brillo y contraste para resaltar las diferencias obtenidas, luego ésta es utilizada en crudo como entrada para una red neuronal que será quien la clasifique obteniendo como resultado el tipo de anomalía. La base de datos de mamografías utilizada por el citado trabajo fue la de la Mammographic Image Analysis Society MIAS. En este artículo se proponen dos mejoras sustanciales. La primera es la utilización de una base de datos The Digital Database for Screening Mammography DDSM Heath, 1998; 2001 de la University of South Florida USF, que posee imágenes de mayor resolución y tiene una cantidad mucho más grande de estudios agrandando así el tamaño de la muestra. Además se cuenta con mayor información sobre cada imagen, como el contorno de los tumores y varias otras La segunda mejora es la utilización de un filtro de imágenes que permite encontrar gradientes y la información de contorno que esta base de datos provee. 2.3 Definición de los Contornos analizar la mama por separado. Para poder ubicar el o los potenciales tumores será necesario conocer sus respectivos contornos. Este artículo propone abstraerse de la forma en que se obtiene el contorno alrededor de un tumor; se asume que este es dato y la forma en que vendrá dado puede ser tanto por selección manual como por detección automática Lee, 2006. Una vez obtenido el contorno, se aplican técnicas especiales que dependen de la distancia a la zona contorneada y de la imagen superpuesta obteniendo información que va a servir para alimentar las redes neuronales. Existen dos formas de almacenar el contorno de un tumor para aplicar estos procesos, la primera es de manera vectorial y la segunda es como un mapa de bits o bitmap. Si se aproxima el contorno por una elipse o circunferencia, el almacenamiento será mucho menor, solo deben ser guardados el centro de la circunferencia o los focos de la elipse. La utilización del mapa de bits, en cambio, es mucho más precisa pero consume más recursos. En nuestros resultados experimentales, trabajando con imágenes de alta definición 16 bits, en ocupar aproximadamente 20Mb cada una. En el caso de la elipse, una forma de almacenarla vectorialmente es mediante sus focos. Si se parte de allí, una forma de obtener una buena imagen para ser superpuesta sobre un tumor, es la resultante de la ecuación 1. diferenciadas Cabe destacar que en la figura 4 puede observarse que los focos son más oscuros que el resto de la elipse, esto es sólo una ilusión óptica y, por lo explicado líneas arriba, matemáticamente puede demostrarse que los focos son los valores máximos y son igual de oscuros que el resto del segmento recto que los une. están distanciadas uniformemente. Otros modelos pueden resolver este problema pero son más complicados y costosos a la hora de calcular. La utilización de contornos por mapas de bits permite una mejor aproximación a los bordes del tumor, pero para obtener gradientes alrededor de ellos, las regiones circundantes deben ser procesadas y calculadas mediante algoritmos recursivos que midan la distancia al contorno. Esto puede ser realizado aplicando el algoritmo de Bellman-Ford Bellman, 1958, si se considera al mapa de bits como un grafo donde cada píxel está unido con los cuatro inmediatamente adyacentes."
t2_neg_000099;no_contribucion;no_contribucion;;98894296.txt;doc_98894296_sec17_chk04;6528;METH;negativo_dificil;senal_contrib_no_propia;262;"En los resultados relacionados con los cuidados directos recibidos, se observa que la valoración al ingreso de pacientes es superior en hospitalización convencional respecto a la unidad de corta estancia. La información que se recoge en el registro de valoración al ingreso aporta datos significativos como la presencia de disnea al ingreso, junto a la independencia para alimentarse, lavarse y comer, que contrasta con la dependencia para moverse y presencia de dolor en un porcentaje elevado de pacientes. comunicación. Esta información se pierde en la unidad de corta estancia donde la diferencia en cumplimentación de registro es significativa. En hospitalización convencional se cumplimenta el registro de valoración en el 67 de los ingresos, frente al 4,7 en la unidad de corta estancia p0,001 Del total de pacientes evaluados al ingreso se recogen en la tabla III los resultados relacionados con los cuidados directos y las necesidades humanas. Problemas derivados de necesidades alteradas La necesidad de cuidados derivados de la hospitalización es idéntica para todos los pacientes y las actividades orientadas a la prevención de problemas se realizan en las dos unidades sin apenas diferencias, excepto la evaluación de presencia de úlceras, que, es superior en hospitalización convencional respecto a corta estancia. Los cuidados derivados del tratamiento, indican que las cargas de trabajo son desiguales. La medicación al ingreso es de pauta múltiple en porcentaje superior en las unidades de casos, venosa y arterial, sí se observan diferencias significativas, resultando superior el convencional; las extravasaciones de vía periférica y la toma de constantes son similares en las dos unidades a estudio."
t2_neg_000030;no_contribucion;no_contribucion;;2637715.txt;doc_2637715_sec06_chk04;2997;sin_asignacion;negativo_dificil;objetivo_sin_novedad;448;los alumnos se obtuvieron directamente de los registros de las escuelas. Es de notar que la información que se utiliza en este trabajo, tanto referida a los maestros como las notas finales de los niños corresponden a todo el año lectivo, por lo cual la nota final corresponde a la evaluación que realizó la maestra de la actuación del niño a lo largo del año lectivo. La información disponible permitió la construcción de distintas variables referidas al rendimiento académico de los alumnos. Respecto a los resultados de primer año una de las medidas es la calificación obtenida por el alumno en una escala de 1 a 12, lo que seguramente presenta limitaciones, puesto que ha sido criticada como medida adecuada del lo que se construyó una variable binaria aprobó igual a 1 y cero en otro caso, que toma en cuenta parte de la discusión que sobre el punto se ha desarrollado. Respecto a la medida de rendimiento de largo plazo, nos concentramos primero en las calificaciones obtenidas en es censurada, que definimos como una medida lineal de resultados Performance en que la calificación obtenida en 2004 es multiplicada por un factor igual a uno si corresponde a sexto año, e igual a cinco sextos si la nota obtenida en 2004 corresponde a quinto año, a cuatro sextos si es de cuarto año, y así sucesivamente. El análisis de la información se realiza mediante modelos de regresión con el fin de identificar los efectos de los distintos factores sobre el rendimiento escolar de los alumnos en el corto y en el largo plazo, poniendo particular atención en el efecto de la asistencia a preescolar. Con ese propósito se definen dos dimensiones en la modelización. En primer lugar, se trata de identificar los efectos de corto y largo plazo mediante el análisis de los resultados académicos de primero 1999 y seis años después 2004. La segunda dimensión analítica se refiere al efecto de los distintos factores que pueden contribuir a explicar el rendimiento académico de los alumnos, tanto en el corto como en el largo plazo. Con ese fin se introducen factores ligados a la escuela a la que concurrió el alumno, así como al hogar, a la historia y el medio en que se desarrollo el alumno. Para capturar estos efectos nos valemos de una aproximación de función de producción, en que se asume que el niño recibe una serie de insumos provenientes tanto de su hogar como de su entorno socioeconómico, así como de la escuela, que contribuyen al resultado final. El resultado académico del alumno se considera que es el producto de este proceso productivo el proceso de aprendizaje. Es decir, asumimos que existe una función:
t2_neg_000005;no_contribucion;no_contribucion;;108650630.txt;doc_108650630_sec04_chk07;5319;RES;negativo_dificil;tercero_citado;365;También podemos encontrar los beneficios de su aplicación en el trabajo realizado por Barberos y Del Moral 2016 en las asignaturas Cálculo Numérico y Programación Numérica. En sus propias palabras: Por un lado se logró mejorar la calidad cognitiva del alumnado, y por el otro, la adopción de nuevas experiencias y entrenamientos en la programación ágil de software. Al mismo tiempo, se contribuyó con la disminución de la tasa de deserción e incrementar los índices de rendimientos Del Moral, 2016, p.372. Este ambiente propicia mayor diálogo entre los protagonistas, confianza, actitud activa y participativa, acciones que permite a la cátedra detectar rápidamente problemas cognitivos e instrumentar acciones correctivas Del Moral, 2016, p.373. 2.2.3. Lego Además de las experiencias de las metodologías usadas, también es necesario comentar los beneficios de la introducción de la robótica en el aula, y más concretamente, de la tecnología desarrollada por Lego. Ocaña 2012 comenta los buenos resultados tanto académicos, como motivacionales, obtenidos en su experiencia. En este caso se trata de la implantación de la asignatura de Robótica, su evolución, y el uso de la tecnología Lego para su aplicación. Trabajo Fin de Máster ABP y Scrum como herramientas para la participación en el programa FLL Jorge Castro Rodríguez 16 Como menciona Lamoyi 2012, y partiendo de investigaciones anteriores realizadas por Lego Mindstorms Education, la implantación de la robótica tiene los siguientes beneficios: Beneficios inmediatos: o Se involucran activamente en su propio proceso de aprendizaje. o Desarrollan la intuición científica y de ingeniería. o Desarrollan sus intereses en matemáticas y tecnología científica. o Potencian sus habilidades de investigación y resolución de problemas, así como lectura, escritura, habilidades de presentación y creatividad. Beneficios a largo plazo: o Construye auto-pensadores que además son capaces de apreciar el valor de la auto-motivación y de sentirse con recursos. o Convertirse en un autodidacta activo. o Fomenta la habilidad para resolver los problemas mediante estrategias centrándose en el razonamiento lógico, analítico, y pensamiento crítico. Esta habilidad es la base de muchos campos científicos así como de otras áreas profesionales Trabajo Fin de Máster ABP y Scrum como herramientas para la participación en el programa FLL Jorge Castro Rodríguez 17
t2_pos_000028;contribucion;contribucion;;63958690.txt;doc_63958690_sec01_chk02;1279;sin_asignacion;positivo_planb_alto;explicito_propio;462;"En lo referido a los aspectos de compra y preparaciones culinarias, hay menos tiempo para dedicar a la preparación de la comida debido a complicaciones propias de la vida cotidiana en Cuba por lo que se requieren alimentos fáciles y rápidos de preparar. La comida familiar tradicional pasa a ser una práctica en extinción. En efecto, uno de los aspectos es la prevalencia a que a pesar de que las personas pueden estar juntas. Se produce un picoteo individual sin respetar horarios de comidas, en forma solitaria, sobre todo en niños y adolescentes; o como tendencia general en los hogares cubanos, los miembros de la familia comen frente al televisor. Ello implica una desestructuración de las pautas culturales de la alimentación. A su vez, hay una reducción paulatina de la cantidad de frutas, verduras y cereales; a la par que se produce un incremento del consumo de alimentos de origen animal, como carnes y especialmente de embutidos, que junto al consumo de azucares ej. caramelos, dulces y chocolatinas contribuyen a la obesidad infantil. La inactividad física emerge como una práctica que apunta a ser dominante, representada en conductas sedentarias como ver televisión, jugar videojuegos, hablar por teléfonos celulares, utilizar las computadoras u otras aplicaciones de los dispositivos digitales. En todas estas acciones los movimientos corporales son mínimos y el gasto de energía se aproxima al de la tasa metabólica en reposo. Esta disminución de las prácticas fuera del hogar que sí conllevan actividad física está influenciada, por un lado, por el miedo de los padres al peligro de las calles, parques y otras áreas recreativas o deportivas que se vincula al riesgo de violencia, automóviles y accidentalidad; mientras que por otro también se asocia a la propia estructura y organización de la familia cubana actual. Ver televisión durante muchas horas reemplaza otras actividades al aire libre que consumen más energía, como los juegos o deportes, los niños tienen más posibilidad de tomar aperitivos e internalizar malos hábitos alimenticios que los personajes de la TV reproducen indirectamente. Así, se destaca el papel que han jugado determinantes como: la innovación tecnológica en la producción de alimentos, la crisis económica y la apertura comercial. Respecto a este último elemento, se señala que la existencia de economías abiertas a la importación de alimentos industrializados hipercalóricos con importantes contenidos de grasas y refinados, ha producido cambios en los patrones alimentarios propiciando el incremento del sobrepeso y la obesidad en amplios segmentos poblacionales. El presente estudio pretende examinar las principales causas y condicionantes de la obesidad infantil en tanto práctica de socialización reproducida, legitimada e internalizada por la sociedad cubana como signo de salud. Además, en esta investigación se elabora una propuesta de prevención que contribuye a desarrollar prácticas de socialización que contrarresten el fomento de esta problemática."
t2_neg_000057;no_contribucion;no_contribucion;;79367017.txt;doc_79367017_sec03_chk03;697;RES;negativo_dificil;tercero_citado;430;En este capítulo presentamos los resultados relevantes obtenidos a lo largo de este proyecto. Todas las imágenes presentadas en esta sección has sido renderizadas haciendo uso de nuestro integradores progresivos implementados sobre el trazador de rayos basado en física PBRT Pharr and Humphreys 2010. También introducimos algunas conclusiones prácticas extraídas de los resultados obtenidos por nuestro sistema, buscando encontrar los parámetros óptimos del sistema. 5.1. Detalles de implementación El PBRT es un sistea de trazado de rayos desarrollado en C altamente modular, que tracing, photon mapping, Metropolis light transport y la formulación original de instant radiosity. Montar la infraestructura para nuestro planteamiento progresivo ha requerido extender ciertas partes de la infraestructura ofrecida por el PBRT. Ha sido necesario implementar un nuevo dado de muestras, como es el caso de los renderers base de PBRT. Los dos esquemas progresivos en este trabajo han sido implementados como un sólo integrador, que genera luces virtuales mediante trazado estocástico de partículas y las evalúa como luces puntuales o como luces esféricas en la fase de renderizado dependiendo de los parámetros con los que se ejecuta. Tanto el trazado de partículas como el renderizado están paralelizados diviendo la tarea en paquetes de trabajo que se ejecutan en paralelo. 5.2. Selección de parámetros Anteriormente en la Sección 4.2 hemos explicado en qué consisten nuestros esquemas de reducción y cómo el factor acota el crecimiento de la varianza en cada paso. En esta sección analizaremos como los distintos parámetros iniciales del algoritmo, es decir, la cota de clamping inicial y el factor para el clamping progresivo y el radio inicial y el factor para las luces esféricas. Para ello analizaremos el error que se introduce en la escena tras varias iteraciones usando diferentes valores de y comparándolas con el ground truth, calculado usando path tracing. En el caso del clamping progresivo, al comparar el MSE entre varios posibles valores de 0, 6 es el que ofrece mejores resultados como se puede apreciar en la comparativa de la perceptuales p.ej. Mantiuk et al. 2004 podrían ser usadas para el error perceptual introducido por el algoritmo. Figura 5.1: La gráfica de la izquierda como va aumentado la cota máxima de clamping para distintos valores del factor, partiendo de una cota inicial de 0,001. La gráfica de la derecha muestra como evoluciona el error de la escena mostrada en la Figura 5.3 para distintos valores de. Podemos ver que aunque una reducción rápida del clampling valores pequeños de convergencia es ligeramente mejor en términos de MSE. Sin embargo, como se observa en la
t2_neg_000042;no_contribucion;no_contribucion;;70363649.txt;doc_70363649_sec01_chk02;1195;INTRO;negativo_dificil;tercero_citado;479;"que se inscribieron en la universidad, 25 lograron egresar. Es decir que si bien el sistema universitario logró reclutar una mayor cantidad de estudiantes, la ampliación de principalmente durante el primer año de cursada. A esta inclusión socialmente condicionada Ezcurra 2011 la denomina inclusión excluyente, concepto que sirve para dar cuenta, entre otras cosas, de la existencia de mecanismos selectivos implícitos de los sistemas educativos que conllevan una selección diferencial condicionada por la procedencia socioeconómica Gluz, 2011, dando cuenta por un lado de las dificultades de los estudiantes para adaptarse a las instituciones de educación superior y, por el otro, de las instituciones por generar mecanismos de recepción Fernández Lamarra, 2002; García de Fanelli, 2005. Obstáculos que son mayores entre los sectores socioeconómicamente desfavorecidos en tanto el abandono y la interrupción los afecta en mayor medida Tinto, 2006; Ezcurra, 2011; García de Fanelli, 2005. garantizar las posibilidades de ingreso sino también a la reducción de las brechas de graduación entre los sectores sociales, demanda tanto de la implementación de políticas públicas que contribuyan en esta línea, como del despliegue de estrategias por parte de las instituciones universitarias para acompañar a sus estudiantes. Al respecto, en Argentina se delinearon políticas públicas destinadas a contrarrestar las tendencias a la deserción en todos los niveles educativos, incluido el de educación superior universitaria García de Fanelli, 2015; Marquina y Chiroleu, 2015. Si bien reconocemos el aporte y lugar fundamental del Estado en combatir las situaciones que devienen en desigualdad y pobreza, el ámbito de las organizaciones de la sociedad civil OSC también se ha movilizado en esta línea. A continuación, se presentan algunos de los resultados de una investigación realizada en el 2012, que consistió en la evaluación de un Programa de apuntalamiento a las trayectorias universitarias de jóvenes,7 financiado por una entidad bancaria de Argentina y gestionado por organizaciones de la sociedad civil.8 Para ello se presentarán primero las características del Programa estudiado y la estrategia metodológica implementada. Luego se darán a conocer los aportes que la beca económica representa para la trayectoria educativa referidos por los estudiantes, ya sean contribuciones en términos de su vida material como de recursos para su 7 Una evaluación tiene como finalidad generar información, conocimiento y aprendizaje dirigidos a alimentar la toma de decisiones oportunas y pertinentes para garantizar los resultados de un proyecto SIEMPRO citado en Fernández Prieto y Cerezo, 2010. Nirenberg 2010 sostiene que la evaluación de resultados contribuye al diseño y gestión de obstáculos emergentes, posibles mejoras o correcciones. 8 El presente artículo presenta algunos de los hallazgos de la Evaluación de resultados del Programa Potenciamos Puentes. Su financiación provino del equipo de Responsabilidad Social Corporativa del Banco Galicia. El informe de esta evaluación fue realizado por Liliana Mayer y Leticia Cerezo. Mayer y Cerezo Análisis de las contribuciones de un programa social a la trayectoria universitaria de jóvenes... 130-152"
t2_neg_000036;no_contribucion;no_contribucion;;64019121.txt;doc_64019121_sec01_chk01;0;INTRO;negativo_dificil;objetivo_sin_novedad;307;"Tradicionalmente hemos estado observando que hablar de administración, se convierte en un problema muy recurrente en nuestros entornos. Lógicamente, esta posición subyace de la propia naturaleza interna que posee el contexto al que nos referimos, y por esa insoslayable necesidad humana; que con un carácter objetivo subyace: el que todo lo tratemos de concebir organizadamente, secuencialmente; en fin, algorítmicamente. La propia naturaleza de los humanos nos obliga a concretar modos y maneras que ayuden a facilitar su vida, su cotidianidad inmediata; he ahí el por qué, la hombres, está avocada a examinarse sistemáticamente en función de la organicidad de los procesos que en ella se suceden. Por tanto, el acierto o desacierto que se oficie en la consecución de los objetivos, en el logro coherente de la misión y la visión que tengan las organizaciones, organismos e instituciones sociales va a depender mucho del nivel que posea la sociedad para alcanzar los objetivos que tiene planteados ante sí. Es innegable que las demandas sociales catalizan el nivel en que se orquestan las tácticas y estrategias, que ayuden a viabilizar determinados procesos; y a su vez, esas propias demandas sociales imprimen las características que van a tener los modos en que se van a cuantificar ya sea, en el orden francamente contable, en la dinámica que impone el rubro financiero o en el desenvolvimiento que tiene una actividad tan exquisita como el marketing. Esto nos lleva a considerar que entre las necesidades sociales que el hombre ha cumplimentado de manera tradicional, y con un profundo rigor se encuentra el proceso de planeación, de organización y de control los sistemas y entidades económicas con las que ha tenido que convivir durante muchos años. Por lo anteriormente expuesto este trabajo tiene como objetivo analizar algunos posicionamientos teóricos sobre la caracterización de administración, planificación y pensamiento administrativo en el contexto empresarial."
t2_neg_000069;no_contribucion;no_contribucion;;82320937.txt;doc_82320937_sec02_chk02;478;INTRO;negativo_dificil;objetivo_sin_novedad;434;Las rocas cuarcíticas de la Formación Balcarce 1, se encuentran aflorando en el sector sur de las Sierras Septentrionales de la provincia de Buenos Aires, desde el área de Chillar partido de Azul hasta la costa atlántica en Mar del Plata. La Formación Balcarce Ordovícico-Silúrico junto a unidades sedimentarias más antiguas del Grupo Sierras Bayas y Formación Cerro Negro Neproterozoico- Cámbrico y al basamento cristalino ígneo-metamórfico Paleoproterozoico, constituyen el total del sistema de sierras Figura 1. En la zona de Chillar la unidad de estudio está en contacto con el basamento cristalino Plata donde sólo aflora la Formación Balcarce 2, 3 VER FIGURA 1 AL PIE DE PAGINA. La explotación como piedra partida, bloques de escollera y recuperación secundaria de arcillas se desarrolla en el área de Batán, en las cercanías de la ciudad de Mar del Plata partido de Gral. Pueyrredón, desde los años 30 y son numerosos los trabajos realizados en relación a su uso en la localidad de Balcarce se desarrollan afloramientos naturales de gran extensión y con alturas que rondan los 100m. Los mismos conforman serranías aisladas de morfología mesetiforme y laderas abruptas, sobre los cuales se han desarrollado amplios frentes de explotación de la cuarcita. Estas canteras, como las que se hallan en el cerro San Agustín, cantera Los Pinos, Sierras de Balcarce y Tea, se encuentran actualmente inactivas. El objetivo de este trabajo es evaluar las cuarcitas de la localidad de Balcarce mediante métodos petrográficos y ensayos físicos en mortero y hormigón. Luego se comparan estos resultados con los obtenidos en trabajos previos para las canteras en producción del área de Batánhistóricos en la zona de Balcarce del estudio de reactividad de estas rocas, pero sí existen antecedentes de estudios tecnológicos para su uso como material de construcción en obras civiles 9. 2. Materiales y métodos Los materiales fueron obtenidos en una cantera inactiva ubicada en el faldeo oriental del cerro San Agustín. Los mismos pertenecen a arenitas cuarzosas cuarcitas de la Formación Balcarce. El frente de cantera está conformado por un corte de unos 120 m de largo y 15 m de altura en su parte más elevada, donde se observan arenitas cuarzosas de grano medio a fino, que se desarrollan en estratos de hasta 3 m de espesor de color blanco grisáceo que intercalan con bancos de arcilla de 10 a 50 cm de espesor Figura 2. Figura 1: Mapa geológico-estructural del Sistema de Tandilia. Cubierta sedimentaria y complejo ígneo-metamórfico. Ubicación de la cantera en estudio en la proximidad de Balcarce, Los Pinos. Modificado de Cingolani, 2011 3. APLICACIONES DE ÁRIDOSB 108107
t2_pos_000006;contribucion;no_contribucion;;112785618.txt;doc_112785618_sec01_chk03;982;INTRO;positivo_planb_alto;pasivo_anclado_trabajo;667;GRUPO DE VARIABLES VARIABLE PARÁMETRO gestión Estructura institucional y organizativa Formas organizativas Manejo de los recursos Integración de actores Coordinación entre instituciones Coordinación con la población Planeamiento de acciones integrales Zona central Periferia formal Periferia informal Identidad con el lugar Participación de la población Gestión Planeamiento Diseño Ejecución Integralidad de las intervenciones A nivel urbano A nivel social GRUPO DE VARIABLES VARIABLE PARÁMETRO Calidad de la vivienda Seguridad Protección contra el medio exterior Constructiva Legal Bienestar Térmico Visual Físico Salud Agua y saneamiento Iluminación natural Protección solar Ventilación natural Identidad Expresión de personalidad y estatus Dania González Couret, Norberto Álvarez Pequeño, Odalia Águila Fleites y Deremis GRUPO DE VARIABLES VARIABLE PARÁMETRO calidad del ambiente urbano Espacios públicos Áreas verdes Parques Circulaciones peatonales Mobiliario urbano Jardinería y arbolado Infraestructura técnica Abasto de agua Evacuación de residuales Alumbrado público Servicio telefónico Servicios Recogida de residuales sólidos Mantenimiento de áreas verdes Limpieza de calles Viales Pavimentación Vías peatonales Señalización Regulaciones urbanas Cumplimiento de las regulaciones Integración con el entorno Servicios básicos Cumplimiento del plan urbano calidad de la vivienda Seguridad Protección contra el medio exterior Constructiva Legal Bienestar Térmico Visual Físico Salud Agua y saneamiento Iluminación natural Protección solar Ventilación natural Identidad Expresión de personalidad y estatus Dania González Couret, Norberto Álvarez Pequeño, Odalia Águila Fleites y Deremis En las Tablas 4 y 5 se muestran las variables y los parámetros considerados en la evaluación de cada una de ellas. El impacto en el medio físico se evalúa de forma objetiva a partir de la medición y la observación sobre la base de criterios técnicos que se comparan con indicadores de referencia, mientras que el impacto en las personas es una valoración subjetiva que refl eja las opiniones expresadas por los habitantes con respecto a su grado de satisfacción en relación con la calidad del hábitat. Sobre la base de las variables y parámetros identifi cados, se realizó un diagnóstico dirigido a evaluar la calidad del hábitat producido antes de la aplicación del nuevo modelo de gestión local diseñado como parte de la investigación, y se estableció la probable relación de los resultados con las variables defi nidas para caracterizar la gestión. Es decir, se identifi caron los problemas de gestión que estaban afectando la calidad del hábitat desde el punto de vista de su impacto en el medio físico y en la satisfacción de las personas, a partir del criterio de 16 especialistas y directivos del sistema de la vivienda y otras instituciones del territorio como la Dirección de Planifi cación Física y la Empresa de Diseño.23 La gestión del Programa de la Vivienda en Cuba parte de una estructura centralizada que permite el manejo de los recursos disponibles a escala nacioprevalece para la vivienda de todos por igual, pero a la vez limita la iniciativa local para el desarrollo de mecanismos de gestión diferentes a los establecidos de manera general para todo el país. Por ello es posible identifi car a nivel local aquellos aspectos del sistema de gestión centralizada que conspiran en contra de la calidad del hábitat en un sitio específi co, incluso, por parte de los actores del sistema de la vivienda o la planifi cación física a esa escala. Por otra parte, resulta imposible para la administración central hacer un diagnóstico objetivo de las carencias, por lo diverso de las condiciones específi cas de cada lugar. Precisamente, el principal aporte del diagnóstico que se presenta en este trabajo radica en su carácter endógeno. Este diagnóstico fue el punto de partida para la propuesta de un nuevo sistema de gestión integral del hábitat a nivel local. Teniendo en cuenta los problemas identifi cados y las mejores prácticas nacionales e internacionales, se defi nieron los principios sobre los cuales debería desarrollarse la gestión del hábitat en relación con las variables inicialmente identifi cadas. Eso condujo a la propuesta de las Unidades Locales de Gestión del Hábitat ULGH a escala del consejo popular, que constituye el nivel de base de la estructura de gobierno en Cuba24.
t2_neg_000071;no_contribucion;no_contribucion;;82321733.txt;doc_82321733_sec03_chk03;4928;METH;negativo_facil;zona_sin_senales;331;"La presencia de las superficies techadas impiden el asoleamiento directo de la totalidad de las paredes sureste y suroeste por lo que el área de radiación es igual a cero; la pared noreste se ve afectada parcialmente por la superficie cubierta de chapa traslúcida por lo que el área de radiación se toma como variable de ajuste. También las renovaciones por hora se toma como variable de ajuste. Antes de comenzar el ingreso de datos del edificio deben ingresarse a las bases de datos de clima y materiales de los de datos horarios sino que deben ingresarse los promedios mensuales de cada parámetro climático Roriz, 1996. Es por esto que se realiza el artificio de ingresar, en lugar de los datos mensuales, los valores correspondientes a los días simulados de tal manera que los datos de temperatura máxima absoluta, máxima media, mínima absoluta y mínima media, humedad relativa media y velocidad y de dirección del viento requeridos por el programa, correspondan a los datos monitoreados del día a simular. Los datos de nubosidad y de lluvia corresponden a los adquiridos a la DNM. situación, se reduce el coeficiente de absorción. Para este programa el color de las superficies se determina en una escala de 1 05.117 El Seti Rivero y Echevarría, 1990, desarrollado en el DECCA, se programó en lenguaje Quickbasic en entorno DOS. Se trata de un programa simple basado en el método de la admitancia, que realiza la simulación de las temperaturas y de las ganancias y pérdidas térmicas de un sólo local a lo largo de 24 horas. Los días a simular fueron seleccionados con el mismo criterio que el caso del programa Arquitrop. Al igual que el Arquitrop mínima medidos Danter, 1983 y los valores de nubosidad media son los adquiridos a la D.N.M. Posibilita, sin embargo, modificar los datos horarios de radiación solar estimados por el programa, de esta manera se contempla la existencia de obstrucciones modificando manualmente los valores de radiación solar."
t2_pos_000024;contribucion;no_contribucion;;53856149.txt;doc_53856149_sec06_chk08;8676;DISC;positivo_planb_alto;explicito_propio;697;En Bargeron, Kenneth, Chad, 2010, argumentan que la Ley Sarbanes-Oxley ha tenido un efecto escalofriante en la toma de riesgos por parte de las empresas estadounidenses que cotizan en bolsa. Utilizando una muestra de empresas británicas, como un punto de referencia, el estudio estableció que las empresas estadounidenses han reducido significativamente su inversión en ID Investigación y Desarrollo y el gasto de capital global, al tiempo que ha aumentado su tenencia de efectivo. Generalizadamente concluyeron, que este comportamiento revela una reducción estadísticamente significativa en la toma de riesgos después de la adopción de la Ley Sarbanes-Oxley, debilitando los mercados de valores de Estados Unidos, conduciendo a las empresas nacionales a compradores de capital privado y causando que las empresas extranjeras busquen asentamiento en otros lugares. Litvak, 2007, utiliza una técnica diferente para medir el efecto de la Ley Sarbanes-Oxley en los mercados de capital de Estados Unidos. En un artículo reciente que examinó su impacto sobre las acciones de empresas que cotizan tanto en América como en el extranjero. Las acciones de empresas interrelacionadas tienden a comercializar con una prima a las acciones para empresas similares. Oxley ha impulsado a las empresas de los mercados públicos. Utilizando una muestra de 8.266 adquisiciones de firmas de capital privado en 76 países entre 2000 y 2004, encontraron que después de aprobada la mencionada Ley, se hizo más probable para las pequeñas empresas públicas de los Estados Unidos, vender a compradores de capital privado que las pequeñas firmas similares en otros lugares. Morse, Zingales, 2010, sostiene que fue un triunfo de las relaciones públicas, el haber restaurado rápidamente la confianza de los sistemas financieros y realiza una contrastación con lo ocurrido en su país donde transcurrieron dos años de peleas y discusiones, después del escándalo de Parmalat, para hacerlo. del auditor, también fue un acierto, según Dyck, Morse, Zingales, 2010. En esta investigación se examinaron 230 presuntos fraudes corporativos en América durante 1996- 2004 encontrando que, previa a la implantación de la Ley Sarbanes-Oxley, sólo un tercio de los grandes fraudes corporativos fueron descubiertos por quienes tienen la responsabilidad de hacerlo, es decir, como auditores, reguladores de la industria o de la SEC. Por otro lado, los autores Minerva, 2015 plantean lineamientos de control interno para la prevención del riesgo de fraude en la empresa, basados en los elementos claves de la sección 302, contemplada en la Ley Sarbanes-Oxley. Para esto desarrollan objetivos específicos para diagnosticar la situación contable actual de la empresa en cuanto a la sección 302, identificar las bases legales de la Ley con respecto a las exigencias de control interno que imponen los procesos e información contable de la empresa, describir el control interno implementado en la empresa para la información contable basado en la Ley, analizar las ventajas y desventajas de la aplicación la Ley en la prevención del riesgo del fraude de la empresa y, finalmente diseñar lineamientos de control interno para la disminución del riesgo de fraude en la empresa. Jaramillo Campuzano, 2008 afirman que el impacto de ésta Ley sobre las organizaciones ha sido grande, a todas sus áreas y resaltan el impacto sobre el área de TI, su seguridad y cada uno de los aspectos detallados de los sistemas de información de la organización y de la concluyen que el impacto de la Ley Sarbanes-Oxley dentro de la infraestructura de TI y en general en todos los procesos de TI, ha sido muy importante dado que el cumplimiento de la Ley Sarbanes-Oxley depende principalmente de unos sistemas de TI confiables y seguros. Raudales, 2011, resalta que los controles financieros son posibles si se cuentan con controles internos diseñados adecuadamente para gestionar los riesgos y que estén operando de forma constante y eficiente. Para lograr esto existen marcos de trabajo aceptados a nivel mundial como COSO. Por tal motivo, el presente trabajo resalta la importancia de la Ley Sarbanes-Oxley y contribuye en su cumplimiento, mediante una propuesta basada en las buenas prácticas en TI. Como se ha mencionado anteriormente, el marco de control interno sugerido por el documento COSO ICIF cuentan con una guía clara para la implementación de estos controles en TI.
t2_neg_000013;no_contribucion;no_contribucion;;122484558.txt;doc_122484558_sec02_chk06;8157;METH;negativo_facil;zona_sin_senales;411;"4.1. Tipo de estudio El tipo de estudio para la presente investigación es descriptivo porque busca señalar las características más sobresalientes de la población en cuestión con respecto al impacto del aprendizaje invertido en la calidad de la educación en la enseñanza de inglés, trabajo realizado por docentes en formación en una básica primaria de un colegio público de Bogotá. De acuerdo con Hernández, Collado y Baptista 2010, los estudios descriptivos sirven para analizar cómo es y cómo se manifiesta un fenómeno y sus componentes, lo cual es totalmente pertinente para el presente estudio. Asimismo, el enfoque elegido para la investigación es el de investigación-acción; desde la perspectiva de Elliott 2000, es definida como la reflexión que se hace sobre la mejora del accionar en una determinada situación y se caracteriza por trabajar en el desarrollo de las dificultades prácticas en lugar de las teóricas. En el entorno educativo cotidiano, su objetivo principal es modificar determinadas problemáticas una vez se haya concientizado sobre ellas. Es decir, se crea un plan de acción, el cual inicia con el diseño de una propuesta para la solución de un problema ya detectado, luego dicho proyecto se lleva a cabo mediante las acciones de implementación sobre un determinado grupo de sujetos; lo que permite realizar una observación del proceso para reflexionar si lo planteado funciona o por el contrario se deben realizar ajustes que hacen posible crear un nuevo plan de acción con el fin de buscar la excelencia. Teniendo en cuenta lo experimental, el análisis se realizará sobre la básica primaria del colegio objetivo, jornada tarde. Diario de campo Observación de los docentes en formación Encuesta inicial y final Reflexiones de los estudiantes Prueba diagnóstica inicial y final Para la presente investigación, los siguientes serán los momentos de su desarrollo: Etapa1: Se recolectará la información necesaria en relación con el problema de investigación. Se revisará la literatura existente con respecto al tema y se empezarán a organizar los constructos del marco teórico. Etapa 2: Una vez ya se tiene el marco teórico y claridad en la metodología de investigación, se procederá a hacer el análisis de datos de manera cualitativa a partir de la teoría fundamentada en datos y se conformarán las categorías temáticas utilizando el software Atlas.ti, última versión. Etapa 3: Se realizará la presentación del análisis en forma de conclusiones y presentación formal del proyecto, compartiéndolo con la comunidad académica por medio de ponencias y un artículo en una"
t2_pos_000093;contribucion;contribucion;;87543111.txt;doc_87543111_sec01_chk05;5474;INTRO;positivo_planb_alto;explicito_propio;679;18 FRITH SIMON: Hacia una estética de la música popular. En: Las culturas musicales: lecturas de etnomusicología, CRUCES VILLALOBOS, Francisco, Editorial Trotta, España, 2001. p 10. p 487. M. Expósito, revisada por J. Barrientos. capitalista en el cual la máquina aparece como un mecanismo de sujeción hacia ese sistema, forma parte de él, por lo tanto la sujeción actúa, como opina Lazzarato, siguiendo las exigencias del poder. Por otro lado, también como dice el autor une a cada individuo a una identidad propia y sabida. De esta manera en nuestro análisis podemos comprender como los músicos pueden, dentro del sistema que significa el rock, utilizar máquinas estando bajo servidumbre hacia ellas o sujetos a ellas para intentar aunque parezca, de forma absolutamente individual imponiendo un enunciado, sino que responde a enunciados colectivos que tienen que ver de forma directa con ese sistema donde transcurre la comunicación: 21El enunciado es siempre colectivo, incluso cuando parece haber sido emitido por una singularidad solitaria como la del artista. Existe otro concepto explicado por Lazzarato al que llama máquina abstracta, que es el que permite avanzar más allá de la producción estandarizada. Mediante este concepto de máquina aparecen posibilidades de procesos de subjetivación independientes, autónomos: de las relaciones de poder y de saber se escinden procesos de subjetivación que escapan a ellas. Coincidimos con el autor en que la relación del sujeto con la máquina de manera abstracta permite un funcionamiento transversal a lo impuesto, a lo esperado, existencial. En nuestra opinión esta última posibilidad es la que permite la creación artística y es la que se logra en parte, en los discos de Charly García expuestos en este trabajo. Funciona dentro del sistema que conlleva implícito el rock, pero aporta elementos nuevos desde la subjetivación. La máquina actúa relacionada con el músico como parte de un mecanismo de expansión de ideas sonoras involucrándose en un sentido estético y formando parte importante de la propuesta. Algunos ejemplos sonoros de Charly García en Yendo de la cama al living En los comienzos de la década del ochenta el estilo new wave aparece como soporte en M. Expósito, revisada por J. Barrientos. el que Charly, como solista, se basa para desarrollar sus ideas estéticas. La posibilidad de acceso a las nuevas tecnologías, utilizadas sobre todo desde lo rítmico - percusivo, devienen en sonoridades que son utilizadas como recurso compositivo. Las funciones texturales basadas en la instrumentación también son una característica importante en las producciones del músico en ese momento. Charly se encuentra en 1982, a pesar de ser ya un histórico dentro del mundo del rock, como parte de lo novedoso del movimiento cultural argentino, de lo actual. En esas producciones aparecen por primera vez en la música nacional sonoridades provenientes de aparatos generadores de sonidos idea de loop como material y una tendencia a minimizar, utilizando texturas de poca densidad en comparación a producciones anteriores como Serú Girán o La máquina de hacer pájaros. La búsqueda de esas nuevas sonoridades comienzan en su primer disco solista Yendo de la cama al living 1982, grabado en el mes de agosto en la ciudad de Buenos Aires, en los estudios Ion, a través de la discográfica Interdisc EMI. Allí aparece por ejemplo en el tema homónimo un sonido de redoblante y bombo generado desde la máquina. bombo en el tiempo uno y tres redoblante en el tiempo dos y cuatro. Aparte de lo tímbrico es muy interesante el efecto sonoro logrado desde la presencia de sonidos agudos estridentes utilizados como elemento de desequilibrio, el plano sonoro del redoblante, que igual que su ecualización. El bajo y la voz cuando van hacia notas agudas tienen una presencia y contundencia que provocan un contraste notorio con el resto de la instrumentación en el minuto 224 la voz sostiene una nota aguda durante cinco segundos que va incrementando su intensidad hasta un corte brusco. El bajo ejecutado con la técnica de slap en el minuto 0105o a partir del minuto 0316 hasta el final fade out.. Otra característica que aparece en esa canción es el cambio en la manera de
t2_pos_000016;contribucion;contribucion;;2582850.txt;doc_2582850_sec01_chk01;4;INTRO;positivo_planb_alto;explicito_propio;491;La seguridad social ofreció por más de una centuria una solución para la provisión de recursos en la vejez a los seres humanos, creando contratos intergeneracionales para transferir recursos de trabajadores activos a los ancianos. El tiempo pasó, hay menos jóvenes, cada vez más viejos y éstos son más longevos. Desde hace unas décadas se busca complementar o reemplazar, en distintas realidades, a los esquemas tradicionales de reparto, por la acumulación de recursos para la vejez en activos financieros. Pero aún suponiendo que hoy un jubilado accediera a recursos para solventar sus años esperados de retiro, se enfrenta a incertidumbre fundada sobre dicha expectativa. Cada día que pasa, la esperanza de vida se extiende en horas para todos los grupos de edades. Poseer recursos financieros y una esperanza matemática de certidumbre de rentas. La clave parecería estar en un seguro de longevidad, que implícitamente otorgaban los sistemas de seguridad social estatales, hoy muy exigidos por la demografía y la carga tributaria de contribuciones sobre las nóminas. Los mercados aseguradores ofrecen hace siglos cobertura contra la longevidad, como sólo el seguro puede hacerlo: calzando en un colectivo de asegurados a personas con mayor y menor longevidad, de modo que la mayor necesidad de recursos de los primeros sea solventada con las primas excedentes de los segundos. Las rentas vitalicias se pueden rastrear en la antigua Roma o en las potencias marítimas europeas del Siglo XVIII, pero sorprende que cuando se examinan los datos contemporáneos, los mercados estén tan poco desarrollados en el mundo. Este trabajo se propone contestar una serie de preguntas sobre la base de examinar la literatura teórica y la evidencia internacional disponible sobre los mercados de rentas vitalicias: cada sección de este estudio procura contestar una pregunta. Tiene tanta dimensión el problema del envejecimiento de la población en el mundo? Cómo se ha ido complementando o reemplazando a la seguridad social con ahorros capitalizados? Qué productos financieros existen para aprovechar esos ahorros en el retiro? Si las rentas vitalicias tienen tantos aparentes atractivos Por qué pocos las compran voluntariamente? Escapa España a las generales de la ley? Qué cuestiones regulatorias importan a la hora de pretender expandir el instrumento? Se pueden pensar reformas para expandir el mercado español de rentas vitalicias? La segunda sección, tras esta Introducción, se refiere al problema del envejecimiento en el mundo. En la tercera se analizan los ahorros para el retiro que se han acumulado en décadas recientes. La cuarta se ocupa de la desacumulación de ahorros en la vejez a través de diversos productos financieros, mostrando las ventajas relativas de las rentas vitalicias frente a sus alternativas. Qué tan buen negocio son las rentas vitalicias, es la cuestión abordada en la quinta sección. El mercado español de rentas vitalicias, hipotecas inversas y seguros de dependencia es la temática abordada a continuación. La séptima sección explora cuestiones regulatorias. Por último, se esbozan sintéticas conclusiones y un conjunto de propuestas de política como recomendaciones. 3
t2_pos_000029;contribucion;contribucion;;68240573.txt;doc_68240573_sec14_chk07;9415;CONC;positivo_planb_alto;entidad_propia_objeto;442;"En el presente trabajo se ha implementado un sistema robusto para la clasificación de complemento. Las imágenes analizadas para extraer información son de profundidad. Dichas imagen ha sido extraída de dos cámaras ToF Kinect II ubicada en una posición cenital. Dada una región de interés alrededor de una persona previamente detectada, la solución medidas a diferentes alturas en la región correspondiente a la cabeza y hombres, y un clasificador basado en PCA. Se han llevado acabo numerosas pruebas experimentales para la evaluación del sistema desarrollado. En ellas para verificar el ratio de acierto del sistema. Durante ellas se han utilizado distintos tipos de vídeos en los que hay diferentes ángulos de grabación, distintos individuos con complexiones físicas distintas y diferentes complementos. En todos los casos se han obtenido resultados que han permitido validar el sistema implementado en este TFG. Para la obtención de resultados se han considerado cinco clases, organizadas de forma jerárquica de menor a mayor complejidad, obteniéndose los siguientes resultados: Estudio de dos clases: se engloban los resultados sin sombrero y con sombrero gorra, sombrero grande,mediano y pequeño. Se obtiene que un 97,9 de aciertos a la hora de Esta es la clasificación mas sencilla y en la que mejores resultados se obtienen. Estudio de tres clases: en el siguiente paso, se desglosan mas las clases, generando una clasificación de: sin sombrero, con gorra y con sombrero que incluye sombreros grandes, medianos y pequeños en una única clase. En este caso, los resultados son los siguientes: 46 Capítulo 5. Conclusiones y líneas futuras Estudio de cuatro clases: en este estudio se muestra una clasificación mas amplia y extensa en la que se comprueba los porcentajes de éxito del sistema dividiendo en Sin sombrero, Con gorra, Con sombrero pequeño o mediano, y Con sombrero grande dando los siguientes porcentajes: Sin sombrero: 92,3; Con gorra: 93,; Con sombrero pequeñomediano: 82,4; Con sombrero grande: 86,1. De esta manera se comprueba que cuanto mas se particulariza la exactitud decae. Estudio de cinco clases: En el estudio de todas las clases los resultados son los siguientes: Sin sombrero: 92,3; Con gorra: 88,9; Con sombrero pequeño: 70,4; Con sombrero mediano: 68,3; Con sombrero grande: 86,1. Los aciertos durante este estudio son algo inferiores, sin embargo conviene destacar la complejidad del problema planteado. Para la clasificación se han estudiado dos alternativas para el cálculo del error de recuperación de PCA: la distancia euclídea y la de Mahalanobis, obteniendo mejores resultados en el caso de la distancia Euclídea. En conclusión el proceso de clasificación ha sido alcanzado con éxito. Aun así queda mucho trabajo de mejora y especialización."
t2_pos_000073;contribucion;contribucion;;84100509.txt;doc_84100509_sec01_chk01;0;INTRO;positivo_planb_alto;pasivo_anclado_trabajo;375;Los procesos de construcción de región en América del Sur2 han contribuido al fortalecimiento de estrategias de cooperación internacional universitaria yo de internacionalización de la educación superior y la producción de conocimiento. Independientemente de la orientación del proyecto político regional en cuestión, el regionalismo sudamericano cuenta con agendas de política regional para la educación superior. La profundización de estas agendas en la última década ha visibilizado las acciones bilaterales de cooperación universitaria entre los gobiernos de la región así como las experiencias de las propias instituciones universitarias y sus actores e incidido en la conformación de un nuevo campo de estudios, si bien aún incipiente. El mapa actual de la región sudamericana delimita un escenario complejo, signado por el solapamiento entre acuerdos de integración regional que, a la vez, representan proyectos políticos de región diferentes. Así, el regionalismo sudamericano presenta seis acuerdos con una historicidad propia y rasgos disímiles en lo que refiere a sus objetivos y vitalidad: el Mercado Común del Sur MERCOSUR, la Comunidad Andina de Naciones CAN, la Unión de Naciones Suramericanas UNASUR, la Alianza Bolivariana para los Pueblos de Nuestra América Tratado de Comercio de los Pueblos ALBA-TCP, la Alianza del Pacífico Alianza y la Comunidad de Estados Latinoamericanos y Caribeños CELAC. El argumento que desarrollamos en este trabajo firma que los procesos de integración regional en curso en América del Sur en tanto espacio de regionalismo regulatorio están promoviendo políticas de internacionalización de la educación superior. Dado que el mapa del regionalismo sudamericano se caracteriza por la diversidad de proyectos políticos, la promoción de la internacionalización de la universidad da cuenta, consecuentemente, de formas de encaminar este 1 Este trabajo se realizó para una publicación colectiva de la Red de Estudios sobre Internacionalización de Educación Superior en América latina RIESAL. abordamos los procesos de regionalismo y regionalización de la educación superior en Centroamérica y Caribe. Además, en términos geopolíticos, retomamos los aportes de Alberto Methol Ferré 2009 respecto de que la unidad de América Latina se inicia a partir de la unidad de América del Sur porque en este último se encuentra el núcleo básico de aglutinación: la unidad argentino-brasilera. Revisitando estos aportes como se desarrolla en este trabajo, el núcleo de aglutinación sudamericano incluye también a Venezuela.
t2_neg_000097;no_contribucion;no_contribucion;;97316522.txt;doc_97316522_sec09_chk05;7628;METH;negativo_facil;zona_sin_senales;401;DESARROLLO: Tras mes y medio de intervención, se realizó la reevaluación de los tres casos - Caso 1 Barthel inicial Barthel post-tto Lawton Brody inicial Lawton Brody posttto MEC inicial presentado cambios cuantitativos. Prácticamente era independiente al principio de la intervención, ya que es ambidiestro. Lo que ha cambiado de enero a marzo, es que ha sido capaz de una mayor integración de su mano derecha en las actividades gracias a nuestro consejo terapéutico y estímulo para ello. En cuanto a la escala de Lawton Brody, ha subido un punto con respecto a la primera evaluación. En la reevaluación, nos comenta que es capaz de utilizar el teléfono con iniciativa propia, y que realiza pequeñas tareas del hogar como hacer la cama. También es - Caso 2 Barthel inicial Barthel post-tto Lawton Brody inicial Lawton Brody posttto MEC inicial En este caso, se observan cambios favorables en el índice de Barthel, ya que aumenta en 15 puntos los resultados obtenidos frente a la valoración inicial. Estos cambios se deben a que se consiguió una alimentación y vestido independientes. También a que es capaz de subir y bajar escalones de manera independiente. En cuanto a la escala de Lawton Brody, el incremento en la puntuación se debe a que se hace responsable de su medicación, las dosis y las horas en las que tomarla. La evolución de este caso, fue bastante lento hasta que sugerimos a su mujer que evitara la sobreprotección y le dejaran hacer las cosas por sí mismo. Tras esta recomendación, se produjo una evolución notable de la funcionalidad de la mano derecha. - Caso 3 Barthel inicial Barthel post-tto Lawton Brody inicial Lawton Brody posttto MEC inicial Al observar esta tabla y mirar los resultados que se obtuvieron con la escala una leve actividad funcional de miembro superior derecho. La realidad, es que es ambidiestro, por lo que realiza todas las actividades con la mano izquierda. En cuanto a la valoración de la escala de Lawton Brody la puntuación ha mejorado en 1 punto porque participa en el cuidado del hogar en pequeñas tareas, aunque sus hijas siguen ayudándole en lo que necesita, en cuanto a actividades que requieren coordinación bimanual. Durante el proceso de intervención, se consiguió utilizar la mano derecha como sujeción o apoyo para que en un futuro pueda utilizar esa mano, por ejemplo, para sujetar el yogourt mientras se lo come con la izquierda.
t2_neg_000026;no_contribucion;no_contribucion;;166534.txt;doc_166534_sec08_chk02;467;METH;negativo_facil;zona_sin_senales;408;"trimestral Poblaciones. Relaciones entre especies. Nicho ecológico y hábitat. 7 12 1.18.b. Existen cálculos teóricos que intentan representar de manera simplificada algunos fenómenos que ocurren en la realidad; esto permite hacer interpretaciones y predicciones. La curva del gráfico anterior representa el crecimiento de una población de gorriones con recursos N del tramo Expresiones explicativas La tasa de crecimiento disminuye La tasa de crecimiento alcanza un valor máximo El crecimiento de la población es exponencial La tasa de crecimiento se acelera Reconocimiento de patrones y tendencias RPyT Comprensión del problema CP Conversión de representaciones CR Emisión de la respuesta ER El diseño experimental aplicado es un diseño cuasiexperimental del tipo Pretest-Postest con pues se trata de grupos ya formados. Es uno de los diseños más utilizados en Ciencias Sociales. Podría simbolizarse como Cook y Campbell, 1979: Tiempo N úm er o de in du os Donde se indica que hay dos grupos, uno, el grupo experimental, referido en la parte superior de la línea, que ha experimentado tratamiento X. El segundo grupo, llamado grupo control, referido en la parte inferior de la línea, no experimenta tratamiento alguno. El grupo experimental fue un grupo de estudiantes de 4o curso de Educación Secundaria 4o3o, mientras que el grupo control, fue otro grupo 4o5o del mismo establecimiento educativo que permanecía bajo las enseñanzas habituales de su profesora. Un cuestionario Pretest-Postest fue aplicado a ambos grupos para evaluar los efectos de la Secuencia Didáctica. Respecto al cuestionario Pretest-Postest, constó de un texto introductorio sobre las distintas denominaciones del ave Zonotrichia capensis, y una RGC de líneas comparativas Fig. 3, que describe un hipotético estudio sobre su densidad de población y sus diferentes denominaciones según la región argentina en que habita: chingolo en la Patagonia, cachilo en la región Este y marumbé en el Litoral. Luego se enunciaron 17 cuestiones, las cuales podían responderse mediante tres opciones de respuestas siguiendo la escala Likert: 1 en desacuerdo, 2 ni acuerdo, ni desacuerdo, o 3 en acuerdo. Cada ítem se definió intencionalmente teniendo en cuenta las funciones cognitivas, las actividades ligadas a la semiosis, las dimensiones y los indicadores que figuran en el Tabla 2. Tuvo buenas características psicométricas Alfa de Cronbach: 0,761 y fue el resultado de un proceso de validación en el que participaron siete expertos internacionales en la materia. La Tabla 7 ejemplifica el ítem 1 propuesto para la actividad semiótica de formación, a través del indicador:"
t2_neg_000081;no_contribucion;no_contribucion;;84100427.txt;doc_84100427_sec01_chk01;0;INTRO;negativo_dificil;objetivo_sin_novedad;465;"La ética es un concepto que siempre ha tenido un grado de importancia entre las diferentes sociedades, por lo que es común escuchar en una sociedad, grupos organizados o bien en una empresa, diálogos relacionados con comportamientos antitéticos o bien conductas que se resaltan por el nivel de ética mostrada. En Costa Rica, desde hace una década, aproximadamente, este concepto ha tomando mayor importancia, ya que es un término que para algunos investigadores está de moda; puesto que en los libros, empresas y link electrónicos, varios autores vienen haciendo énfasis en él. En este país, dicho término tomó mayor interés, desafortunadamente, a través de una serie de acontecimientos de carácter político, empresarial, religioso, social y deportivo que se catalogan como antiéticos. A raíz de ello, existe una preocupación mayor en los ciudadanos, empresas, gobierno, grupos organizados, entre otros; ya que algunos sectores de la población relacionan las conductas incorrectas con la pérdida de valores en los individuos y por ende en la sociedad costarricense. Lamentablemente en el sector público de Costa Rica los comportamientos que se han juzgado como antiéticos han venido en aumento, ya que cada vez es más común escuchar sobre casos de enriquecimiento ilícito, tráfico de influencias, extorción, pago de dadivas, entre otros casos que tachan la imagen y el trabajo del funcionario público. Los antecedentes descritos inicialmente, son quienes dan pie a este estudio, ya que se busca determinar cuál es el comportamiento ético idóneo que debe presentar el personal a cargo de la gestión universitaria, analizándose específicamente un proceso, el de compras, y un espacio determinado, el Recinto de Guápiles de la Universidad de Costa Rica UCR. Un funcionario universitario, tiene las mismas responsabilidades de todo colaborador que trabaje en el ámbito estatal, sin embargo; a nivel nacional los acontecimientos que han sido denunciados ante los Tribunales de Justicia u otras entidades encargadas de emitir un criterio, encierra otras áreas o empresas del sector público. De ahí el interés de conocer cuál es el trabajo que se está llevando a inadecuados ni propios para la administración pública se presenten en las universidades estatales de Costa Rica. Es por ello que es interesante conocer cuál es proceso que se lleva a cabo en la unidad administrativa del Recinto de Guápiles, que permite un manejo apropiado de los fondos públicos y las gestiones administrativas correctas según lo señala la Ley de Administración Pública de este país. Así como conocer cuál es la metodología de trabajo implementada en dicha unidad de trabajo. Por lo tanto, el objetivo final de dicha investigación es identificar cuál es el comportamiento idóneo y deseado por parte de un trabajador que labore en la administración pública. Asimismo, se pretende enumerar los beneficios que conlleva un comportamiento ético para la gestión administrativa en las unidades estatales de Costa Rica."
t2_pos_000031;contribucion;contribucion;;69981028.txt;doc_69981028_sec08_chk02;779;CONC;positivo_planb_alto;explicito_propio;453;Este estudio aporta un panorama exhaustivo y actualizado de la investigación sobre la retención y el abandono estudiantil en Latinoamérica y el Caribe. De los cinco factores propuestos factor individual. Entre las variables que responden a este factor destaca, la variable adaptación, como la variable más mencionada dentro de los estudios. Otro factor que se releva en este estudio es el académico, entre las variables que agrupa destaca rendimiento Académico, lo que da cuenta del rol las instituciones universitarias juegan a la hora de disminuir el abandono. En este contexto, la evidencia señala la importancia de que las instituciones de ESUP, puedan realizar intervenciones en beneficio de los estudiantes, generando ambientes favorables en la adaptación e integración a la vida universitaria, acompañamiento psicológico, relaciones entre profesores y estudiantes, entre otras cosas. Igualmente, los estados deben impulsar políticas públicas que permitan a los estudiantes optar por permanecer o abandonar sus socioeconómica. El factor económico agrupa una cantidad importante de variables. Esto podría dar cuenta de los desafíos pendientes que las sociedades latinoamericanas y en particular los estados tienen en sus estudios superiores por razones económicas es una gran cortapisa para el desarrollo económico y social de la región y que ciertamente forma parte de un circuito que perpetúa la exclusión y la pobreza en el continente. En base al panorama presentado, se desprenden cuatro objetivos que debe perseguir la investigación sobre abandono en Latinoamérica y el Caribe. 1 Es necesario contar con un concepto central unificado que permita un lenguaje en común y a su vez posibilite la comparación entre distintas investigaciones dentro de la región. 2 Solo un pequeño porcentaje 11 de las investigaciones busca sistematizar y analizar intervenciones que han tenido por objetivo aumentar la retención en las instituciones. Es necesario incentivar este tipo de investigaciones, debido a la importancia que tienen a la hora de modificar el fenómeno. indicadores o modelos estadísticos. Estas variables deben ser medidas indirectamente a través de instrumentos adecuados Borsboom, 2008. 3 Se debe tener mayor rigurosidad al momento de medir variables latentes. Son pocos los estudios que utilizan instrumentos adecuados para medir aquellas variables, lo que impide determinar si los resultados obtenidos son confiables. 4 Finalmente, redefinir los factores ALFA-GUIA propuestos, específicamente individualacadémico ya que teóricamente se pueden diferenciar pero prácticamente hay muchas variables que se correlacionan. También es necesario evaluar si el factor cultural atiende a estas dimensiones, o es de segundo orden, debido a la alta complejidad de su medición. El cumplimiento de estos objetivos permitirá investigaciones de calidad, tanto en la información entregada como en la elaboración de resultados comparables entre países, de carácter longitudinal y confiable que permitan reducir el abandono estudiantil en la educación superior en Latinoamérica y el Caribe.
t2_neg_000037;no_contribucion;no_contribucion;;65622197.txt;doc_65622197_sec02_chk03;2822;INTRO;negativo_dificil;objetivo_sin_novedad;463;"En EDINSOST participan 10 universidades y 14 titulaciones de los ámbitos de la educación y de la ingeniería, entre grados y másteres. Entre ellas se encuentra el grado en Ingeniería Informática, impartido por la Facultad de Informática de Barcelona FIB, donde se ha realizado el presente estudio. En JENUI se han presentado previamente diversas propuestas para introducir la sostenibilidad en los estudios de Grado en Ingeniería Informática. En orden cronológico de aparición, se ha propuesto un marco genérico para la inclusión y evaluación de competencias en el Trabajo de Fin de Grado TFG 24; una guía y pautas para formar a los estudiantes en la competencia de Sostenibilidad y Compromiso Social, incluyendo la definición del informe de Sostenibilidad en el TFG 9; el citado proyecto EDIN- SOST, que propone un marco global para alcanzar el objetivo propuesto en el ámbito de las ingenierías y, en general, en las titulaciones de educación superior en España 17; y, más recientemente, un cuestionario para evaluar el nivel de sostenibilidad de los estudiantes de grados en ingeniería TIC 13 y las reflexiones y cambios producidos en el informe de Sostenibilidad del TFG a partir de la experiencia adquirida 4. En la FIB, el informe de sostenibilidad es un elemento clave para el aprendizaje de la competencia Sostenibilidad y Compromiso Social. Este informe se integra de forma obligatoria en el TFG en un capítulo específico. Suele empezar con una autoevaluación del alumno de su conocimiento sobre sostenibilidad, y continúa tratando las implicaciones económicas, medioambientales y sociales del proyecto. Estas implicaciones se analizan utilizando una Matriz de Sostenibilidad que define, para cada dimensión de la sostenibilidad social, ambiental y económica, tres hitos en el desarrollo del proyecto: el primero se refiere a la planificación, desarrollo e implantación; el segundo abarca desde la implantación al desmantelamiento; y el tercero estudia los riesgos durante todo el proyecto. Para poder realizar el informe de sostenibilidad, el alumno dispone de una guía de la sostenibilidad2 y de información adicional3, como vídeos y ejemplos en la página web 4, 9. Este artículo, enmarcado en el proyecto EDIN- SOST, tiene por objetivo analizar el grado de aprendizaje de sostenibilidad que han adquirido los alumnos de la FIB a lo largo de sus estudios en la univerra específica de sostenibilidad, sino que trabajan la sostenibilidad en varias asignaturas técnicas a lo largo de sus estudios. Estas asignaturas forman un itinerario de sostenibilidad que es coordinado por dos profesores, responsables de la competencia Sostenibilidad y Compromiso Social. En este trabajo se pretende comparar el nivel de conocimiento en sostenibilidad que muestran los alumnos al inicio de los estudios primer curso con el observado al final de la carrera al realizar el TFG, sobre la hipótesis de partida de que los estudios realizados mejoran sus competencias en sostenibilidad."
t2_pos_000041;contribucion;contribucion;;77897970.txt;doc_77897970_sec09_chk10;9163;CONC;positivo_planb_alto;entidad_propia_objeto;622;A medida que la sociedad avanza, se consiguen superar diversos retos desde el punto de vista de la accesibilidad como la supresión de las barreras del entorno físico y facilitar que las personas que sufran alguna discapacidad puedan desenvolverse sin restricciones y de una manera independiente. barreras físicas, sino que resulta imprescindible que internet sea accesible a todo tipo de personas. Los usuarios cada vez pasan más tiempo en este medio, y por lo tanto uno de los principales objetivos es que puedan acceder al contenido digital. La actual incorporación de las WCAG 2.1, como una nueva recomendación de la W3C contempla nuevos criterios que miden el nivel de cumplimiento de la accesibilidad Web. Por ello, queda patente la necesidad de que los profesionales digitales pertenecientes a empresas tanto importancia de la accesibilidad Web como vertiente esencial para facilitar el acceso de contenidos a todo tipo de usuarios independientemente de su discapacidad, sino porque las nuevas tecnologías van evolucionando, y surgen nuevos errores de accesibilidad que deben ser corregidos. Tanto los desarrolladores Web, como diseñadores o expertos digitales vinculados en la creacióndesarrolloprogramaciónactualización de la Web, deben tener nociones básicas de consecuencias sobre los usuarios que finalmente van a poder consultarlo. Por lo tanto, las WCAG 2.1 son hasta el momento una recomendación de la W3C, pero con el tiempo se podrían convertir en una normativa que deberán cumplir determinadas empresas y que por lo tanto deben ser tenidas en cuenta. Además, se puede concluir que efectivamente la accesibilidad Web tiene que ser revisada de forma periódica, puesto que cualquier cambio de diseño que se aplique en la página, nuevos desarrollos de programación, así como el contenido que se actualiza, puede afectar a la accesibilidad Web. De ahí que, tras la irrupción de los dispositivos móviles y los nuevos lenguajes de programación como HTML 5, requieren de una adaptación de los criterios de conformidad de la accesibilidad Web, y mediante las WCAG 2.1, dicha adaptación queda cubierta en todos los aspectos. El WCAG-EM se configura como un modelo que establece los pasos necesarios para poder llevar a cabo el análisis de la accesibilidad Web, así como las herramientas automáticas que complementen el proceso de evaluación manual. Como apoyo a este modelo este estudio ha aportado el desarrollo de una herramienta que permite medir un conjunto de indicadores que facilitan la evaluación y comparación de la accesibilidad Web de cada una de las páginas en base a cada uno de los criterios establecidos. El profesional experto encargado de la accesibilidad Web tiene que cumplir además con ciertas habilidades y capacidades profesionales, entre ellas saber manejar e interpretar cada una de las herramientas disponibles en el mercado. Se deduce además de esta investigación, que debido a la reciente incorporación de la versión WCAG 2.1 aún se debe esperar a que las herramientas presentes en el mercado se adapten a esta nueva recomendación y que el experto de accesibilidad Web pueda usarla, ya que hasta ahora solo se han encontrado dos herramientas que de alguna forma lo evalúan de forma completa o una parte, como es el caso de la herramienta Audit Tool WCAG 2.1 o la herramienta de contraste de sonidos Audacity. Las WCAG 2.1 irrumpen en el ámbito de la accesibilidad Web con tanta fuerza que en unos años veremos cómo se convierte en una transición hacia las WCAG 3.0 para adaptarse a las futuras evoluciones tecnológicas. Todo un reto para el sector digital, y por supuesto, nuevas medidas que ayudarán a romper esas barreras que aún existen hacia el contenido digital por parte de muchos usuarios con discapacidad. El objetivo es seguir avanzando para que esas barreras nunca tengan que producirse ni tecnológica ni físicamente.
t2_neg_000058;no_contribucion;no_contribucion;;79374360.txt;doc_79374360_sec03_chk03;358;METH;negativo_facil;zona_sin_senales;363;"El Cuadro de Mando Integral es una herramienta de control y gestión cuyo objetivo es llevar a que las empresas logren sus objetivos propuestos, a través de la definición de estrategias de menor dimensión y planes de acción para llevarlas a cabo. Por tanto, pondremos en marcha esta herramienta y definiremos las acciones que la empresa Administración de Fincas Online AFonline debe llevar a cabo para alcanzar el tipo de empresa que desea ser en un futuro. Para la realización de este trabajo y poder desarrollar el CMI, debía obtener toda la información que pudiese de AFonline, para ello, tuve una entrevista con la directora de este proyecto Carmen Arruego. La entrevista contaba con una serie de preguntas donde principalmente se centraba en las cuatro perspectivas vistas en el punto anterior; financiera, clientes, procesos internos y aprendizaje y crecimiento. Para ello, debo realizar un análisis estratégico a través de tres puntos fundamentales: Matriz DAFO, donde realizaremos un análisis interno y externo de la empresa, y de esta manera podremos observar las Debilidades y Fortalezas que tiene la empresa, mientras que por otra parte observaremos las Amenazas y Oportunidades de la misma. Analisís CAME, donde tendré que Corregir, Afrontar, Mantener y Explotar las distintas cualidades que tenga AFonline. Definiremos la misión y la visión que tiene la empresa, ya que es importante saber lo que la empresa es, lo que quiere llegar a ser, y que valores identificativos de la personalidad de la empresa hacen que se diferencie del resto. TFG: Aplicación de Cuadro de Mando Integral para AFonline Página 3 Gracias a estos al análisis de estos tres puntos fundamentales podremos comenzar a realizar la planificación estratégica y formulación de las estrategias. Las estrategias elegidas nos permitirán definir los objetivos que estos estén alineados y desarrollar el mapa estratégico. Por último, implantaremos las estrategias en la organización y realizaremos un control de las mismas, para cerciorarnos de que se están cumpliendo los objetivos planteados. Como se observa continuación, he realizado un esquema donde se observa gráficamente todos los pasos a seguir a la hora de realizar el proyecto: Ilustración 2. Esquema Organizativo. TFG: Aplicación de Cuadro de Mando Integral para AFonline Página 4"
t2_neg_000048;no_contribucion;no_contribucion;;75272127.txt;doc_75272127_sec02_chk03;2411;METH;negativo_facil;zona_sin_senales;483;"Se realizó un estudio descriptivo transversal; Se tomó una muestra que cumpliera los presencial, considerando que este grupo lleva una trayectoria dentro de la universidad y tienen sentido de pertenencia con la institución; se excluyeron a los estudiantes de 9 y 10 semestres de los tres programas, porque en su mayoría se encuentran en pasantía fuera de la ciudad de Ibagué y su disposición en la universidad es poco. A partir de la aplicación del instrumento Percepción de la educación en salud brindada a los estudiantes de pregrado asistencial en la Universidad del Tolima durante el año 2013, el instrumento utilizado fue elaborado inicialmente por la Pontificia Universidad Javeriana, las preguntas sobre consumo de tabaco, consumo de alcohol, consumo de sustancias psicoactivas y alimentación en su mayoría fueron traducidas al español y adaptadas de la Encuesta Comportamientos de Riesgo en Jóvenes del Centro para el Control de Enfermedades de los Estados Unidos de Norteamérica, otras preguntas de estos temas y las preguntas de los temas propios de la Universidad Javeriana, fueron construidas en los grupos de trabajo de cada tema según Granados y Aldana 20135 además, se ajustó este instrumento y se validaron las preguntas adicionales necesarias para el estudio, con autorización escrita de los autores. Este instrumento de recolección de la información consta de preguntas cerradas para indagar sobre los siguientes temas: percepción general sobre la promoción de la salud en la Universidad del Tolima, consultorio universitario, accidentalidad, consumo de tabaco humo de segunda mano, alcohol sustancias psicoactivas, alimentación, salud sexual y reproductiva; uno de los objetivos de este instrumento elaborado por la Universidad Javeriana era medir el uso que de los servicios de la universidad que hacen los estudiantes de pregrado y la percepción que tienen de los mismos5, el cual es congruente con el objetivo de medición de la percepción de los investigadores. El instrumento fue aplicado a un total de 323 estudiantes previo consentimiento informado y autorización del comité de Bioética de la Institución, esta información fue recolectada en los una prueba piloto en un grupo estudiantes con características similares a los grupos escogidos para fue observar el tiempo de diligenciamiento, la aceptación del grupo y la validación del capítulo de salud sexual y reproductiva la cual fue elaborada para el grupo en estudio. La información recolectada se ingresó en una base de datos para posteriormente ser generada a un archivo plano, tabulada y analizada mediante la aplicación del paquete estadístico INFOSTAT. Esta herramienta estadística permitió caracterizar los datos obtenidos y así determinar los enfoques cuantitativos de la población universitaria, en tablas de frecuencia, cruce de variables y análisis de correspondencia que se escogieron para tal fin. Dentro de los criterios éticos la investigación se basa en la normatividad Colombiana Resolución 8430 de 1993, por la cual se establecen las normas científicas, técnicas y administrativas para la investigación en salud, además se tienen en cuenta los principios de estudio."
t2_pos_000043;contribucion;no_contribucion;;78337358.txt;doc_78337358_sec01_chk03;146;INTRO;positivo_planb_alto;explicito_propio;428;Una limitante del estudio es la localidad en la que se ha tomado la muestra porque, al tratarse de una provincia ubicada al sur del departamento de Lima, es muy probable que la informalidad y el costo de la tierra pudiéndose por ello extrapolar los resultados de preferencia de vivienda social. Sin embargo, por ser un método sencillo, este es fácilmente replicable a cualquier otra localidad. Este estudio utiliza el método Best-Worst Scaling BWS, el cual plantea tres casos de análisis diferentes. La presente investigación propone el análisis de solo uno de estos casos que es el más simple de aplicar, pero igualmente confiable. La investigación sigue una secuencia lógica ver diseño de investigación mediante la cual se asegura su confiabilidad. El libro está organizado en tres capítulos: El capítulo 1 resume brevemente la naturaleza del problema de la vivienda y la evolución de las políticas públicas que han surgido en el tiempo, en el Perú y en otros países de América Latina, con el fin de resolverlo. Esas soluciones son las que han dado forma a los programas de vivienda social, cuya modalidad actual es el subsidio a los sectores de menores ingresos. Factores determinantes en la selección de vivienda social en el Perú11 El capítulo 2 analiza la literatura teórica y práctica estudiada con el fin de conceptualizar, respaldar y explicar teóricamente los determinantes que serán tomados en cuenta en el desarrollo de la investigación de los diferentes factores que influyen en la decisión de compra de vivienda social en el Perú. El capítulo 3 informa sobre el procedimiento de investigación y acerca de los resultados del estudio cuantitativo de los factores determinantes para la decisión de compra de vivienda social en la provincia de Chincha. Entre los diversos factores que influyen o pueden influir en la elección de los consumidores la investigación se centró en identificar los más recurrentes y aplicables a la realidad peruana a partir de un caso específico. Finalmente, se presentan las conclusiones y recomendaciones del estudio. Factores determinantes en la selección de vivienda social en el Perú12 Diseño general de la investigación Elaboración propia. Revisión en la literatura de los métodos empleados para priorizar factores Consolidación de los factores determinantes escogidos de la literatura y de la opinión de expertos Elaboración del instrumento piloto con base en el método escogido. Best-Worst Diseño Validación de los factores escogidos comprensión de los factores Validación con clientes compresión del instrumento Validación del instrumento elaborado Aplicación del instrumento a la muestra de conveniencia de la población de estudio Recopilación y análisis de los
t2_neg_000041;no_contribucion;no_contribucion;;69993254.txt;doc_69993254_sec01_chk01;53;INTRO;negativo_dificil;objetivo_sin_novedad;294;"Se realizó un estudio observacional, descriptivo y retrospectivo en el Municipio de Ranchuelo en el período 2007-2010. La muestra quedó constituida por las 27 gestantes a cuyos fetos se les habían diagnosticado malformaciones congénitas. Para dar cumplimiento a los objetivos se recolectó, en el Departamento de Ultrasonido del Policlínico Docente Juan B. Contreras Fowler, la información relacionada con los hallazgos sonográficos detectados en el ultrasonido prenatal en el primer, segundo y tercer trimestre del embarazo, así como los sistemas afectados. El estudio sonográfico del embarazo se realizó con un ecógrafo marca Toshiba, modelo SSA-320A, se utilizaron transductores sectoriales de 3-5MHz y sonda transvaginal de 5-10MHz y se realizaron cortes transversales, sagitales y coronales. Se revisó el Libro Registro de necropsias del Departamento de Anatomía Patológica del Hospital Universitario Gineco-obstétrico Mariana Grajales de Santa Clara para determinar las malformaciones congénitas diagnosticadas y los hallazgos de necropsis en caso de interrupción o pérdida de la muestra a estudiar; además, se utilizó el Registro cubano de diagnóstico prenatal de malformaciones congénitas RECUPREMAC, que radica en el Centro Provincial de Genética, en Villa Clara. Ambos resultados se vaciaron en formularios diseñados con tales propósitos. Los datos recolectados en este estudio fueron registrados en un libro de Microsoft Excel 2003 y, posteriormente, se procesaron mediante el software estadístico SPSS versión 11.0. Fueron confeccionadas tablas y gráficos estadísticos en los que se muestran frecuencias absolutas, porcentajes y tasas. Se aplicaron las pruebas de bondad de ajuste y de independencia basadas en la distribución Chicuadrado, con la finalidad de identificar diferencias entre por cientos y relaciones significativas entre variables cualitativas o categorizadas. Como resultado de estas pruebas se presenta el valor de su estadígrafo X2, así como el de la significación asociada al mismo p."
t2_neg_000007;no_contribucion;no_contribucion;;109661186.txt;doc_109661186_sec01_chk01;18;BACK;negativo_facil;zona_sin_senales;402;"Marcel Breuer pertenece a la primera promoción de técnicos de la Bauhaus. La particular formación que recibe en esa Escuela le permite explorar el concepto del diseño en su sentido más amplio. En su etapa europea encontramos, en el ámbito más privado y de la pequeña escala, soluciones únicas para el mobiliario y las instalaciones interiores. Su etapa americana se inicia con un fuerte compromiso con soluciones asociadas al terreno residencial y, cuando su figura alcanza un reconocimiento internacional, desarrolla soluciones de gran escala para sus edificios dotacionales públicos y equipamientos urbanos con emplazamientos por todo el mundo. Para Alejandro de la Sota, el conocimiento de otros modos de proyectar y construir de ámbito internacional, supone un punto de inflexión en su vida profesional. En particular, el libro Marcel Breuer: Sun and Shadow: The Philosophy of an Architect es la espoleta que le facilita el tránsito. Desde ese momento, se plantea el trabajo del proyecto bajo la obligación de un profundo conocimiento previo de los sistemas y técnicas constructivas, así como la necesidad de incorporar todos los avances que, a nivel de materiales, la industria pueda ofrecer. Su cambio de actitud, su nueva mirada global hacia el proyecto, es lo verdaderamente transformador. Efectivamente la buena nueva llegó de la manera más tonta. Recuerdo que fue un libro de Marcel Breuer que simplemente se llamaba Sol y Sombra. Aquel libro hablaba de cómo protegía él estas cosas que ahora se han prodigado, a veces de manera tan indecente, proteger las ventanas con un vidrio que absorbe los rayos, los parasoles que todos conocemos, el sistema para sujetarlos, primorosos; le salían esculturas sin ser escultor. Me parece que en arquitectura hay dos maneras de hacer: la física y la química. Yo opté por la física, en la que ningún elemento se mezcla con otro para producir un tercero, sino que con unas pinzas, siempre puedes dar con toda la personalidad de un elemento. Este librito de Breuer lo tengo besos que le doy ahora cada vez que me lo encuentro; está verdaderamente deteriorado. Esa fue una manera de salir de una crisis1 Ambos se convierten en esa clase de diseñadores que pretendía formar Walter Gropius cuando dirige la Bauhaus: capaces de combinar su perfil técnico y su parte creativa de un modo excelente, pues entienden el diseño como un problema global, un ejercicio creativo multidisciplinar liberado de prejuicios y planteado desde una profunda abstracción."
t2_neg_000075;no_contribucion;no_contribucion;;84088244.txt;doc_84088244_sec09_chk06;706;RES;negativo_facil;zona_sin_senales;423;El seguimiento a cargo del subsistema administrativo fue exitoso. Con respecto a los docentes, el responsable a cargo efectuó un fuerte seguimiento de la actividad tutorial lo que permitió efectuar ajustes que se tradujeron en un mayor seguimiento del alumno por parte de los tutores responsables de grupo. Con respecto a los alumnos se hizo un buen asesoramiento inicial pero se desajustó el seguimiento de las deserciones al resultar daba respuesta a los correos que se enviaron tanto por dentro como por fuera del entorno. Se considera como muy necesaria la provisión de números de teléfono por parte de los alumnos, así como la implementación de un sistema de envío de SMS desde el entorno para agilizar el seguimiento de y la cumplen con el cronograma o desvinculan del entorno. Segunda fase al finalizar el curso Uso de la plataforma WebUNLP El uso de la Plataforma resultó sencillo para un 60 de los cursantes, el resto se repartió entre considerar que es de acceso dificultoso, que fue complicado entender su funcionamiento y que las dificultades fueron de conectividad. Evidentemente lo ya señalado sobre la disponibilidad de PCs y el normal proceso de adaptación inicial del curso se manifestaron por medio de estas opiniones. Para el equipo docente la plataforma en sí es problemas señalados, si bien requiere de una mayor cantidad de recursos instrumentales adaptados a las características de las dos disciplinas. Calidad integral de la propuesta Por tratarse de una primera experiencia en educación a distancia, estamos más que satisfechos con sus resultados los porcentajes de aprobación que se muestran más adelante, están por encima de los de la cursada presencial. Todos hemos aprendido mucho de nuestros aciertos y nuestros errores, ahora nos toca corregir estos últimos entre los que destacamos: - aumentar la cantidad y calidad de material multimedial, tal como se mencionara en y - mejorar la comunicación con y entre los alumnos. Se evalúa que los procesos de intercomunicación entre alumnos fueron deficitarios ya que la actividad a través del entorno fue solitaria y como compartían espacios de cursada de otras asignaturas los contactos entre ellos fueron presenciales y, por lo tanto, reducidos a su grupo habitual de trabajo. La implantación de los foros debe considerarse una instancia imprescindible para fomentar Fomentar el usos del área Trabajo Colaborativo, Presentación de alumnos, ya miembros del grupo de trabajo. Fue un sitio al señalados en el punto anterior Dadas las características de recuperación del curso, hubo mucha coherencia entre la propuesta y sus objetivos de aprendizaje. Rendimiento de los alumnos en el curso
t2_pos_000021;contribucion;contribucion;;52705467.txt;doc_52705467_sec03_chk04;9137;CONC;positivo_planb_alto;entidad_propia_objeto;334;"En este trabajo se ha presentado el diseño y desarrollo de una aplicación ubicua para el apoyo a un taller del curso de ingreso de la FCEyT-UNSE. Se ha buscado con el diseño planteado, alcanzar las características esenciales del aprendizaje ubicuo como son la permanencia el estudiante tiene disponibles los OA referidos a las temáticas del taller permanentemente, accesibilidad el estudiante puede acceder a los OA en cualquier momento y lugar desde su dispositivo móvil, inmediatez el estudiante puede concretar su aprendizaje cuando lo requiera y conciencia del contexto la aplicación le permite realizar un aprendizaje situado, en función de la ubicación en la que se encuentra el estudiante. Por otra parte, en esta aplicación, el aprendizaje ubicuo se ve enriquecido al considerar aspectos de personalización, ya que se le recomiendan al estudiante OAs en función a su tiempo disponible para realizar la tarea y a su conocimiento previo. De esta forma, combinando información contextual con información del modelo de estudiante, se logra proporcionar un soporte más conveniente y efectivo al estudiante. Teniendo en cuenta el dinamismo en el desarrollo de aplicaciones móviles, la metofueron excesivamente cambiantes debido a una precisa descripción desde el comienzo, los cambios que surgieron fueron considerados en los Sprints posteriores. Si bien es cierto que la aplicación móvil se mostró estable durante la experimentación informal realizada con estudiantes, está limitada a temáticas relacionadas al curso de ingreso. Además, es necesario que un docente experto en el área cree los Objetos de Aprendizaje utilizando un determinado iDevice de la herramienta Exelearning, de manera que la aplicación móvil sea capaz de capturar el resultado de las evaluaciones incluidas en los OAs. Como trabajo a futuro se prevé concretar una prueba de usabilidad en el entorno real del curso de ingreso; y en un futuro un poco más lejano, podría ampliarse las funcionabién en el desarrollo de las carreras de la universidad, permitiendo a los estudiantes interactuar con Objetos de Aprendizaje independientemente del tiempo y espacio en el que se encuentren"
t2_pos_000067;contribucion;contribucion;;84090480.txt;doc_84090480_sec01_chk01;25;INTRO;positivo_planb_alto;explicito_propio;632;En este trabajo se presenta una técnica para el descubrimiento incremental y actualización de las Reglas de Asociación Temporales. Es una extensión del Modelo de Reglas El problema del descubrimiento de las reglas de asociación temporales surge de la necesidad de descubrir patrones interesantes en los datos transaccionales. Ya que los datos transacciones son temporales, se espera encontrar patrones que dependan del tiempo. En grandes volúmenes de datos, se pueden encontrar información relacionada a productos encontrar un producto nuevo que fue introducido luego del comienzo de la recolección, como así también productos que han sido discontinuados antes del final de la misma recolección de datos. soporte, pero que tienen soporte relativo a su lifespan o period of life mayor al soporte mínimo propuesto. Por tanto, estos nuevos productos podrían aparecer en las reglas de asociación interesantes y potencialmente útiles. Además deberíamos considerar los casos de productos que pueden ser frecuentes sólo en algunos subintervalos contenidos estrictamente en sus períodos de Podemos solucionar este problema incorporando el tiempo en el modelo de descubrimiento de las reglas de asociación. Y llamamos a estas nuevas reglas como las Reglas Generales de Asociación Temporales. Un derivado de esta idea es la posibilidad de la eliminación de reglas desactualizadas, de acuerdo a los criterios del usuario. Además es posible la eliminación de conjuntos de items obsoletos como una función de sus lifestime, reduciendo la cantidad de trabajo que debe ser realizado en la determinación de los items frecuentes y por lo tanto, en la determinación de las reglas. Las reglas de asociación temporales introducidas en 3 y 4 son una extensión del itemsets al lifetime de los miembros que integran el itemset. Por otro lado, para evitar considerar frecuente un itemset con un período de vida period of life muy corto, por ejemplo un item que se vende solo una vez, se incorpora el concepto de soporte temporal. De este modo, cada regla tiene un time frame asociado, correspondiente al lifetime de los items participantes en la regla. Si la extensión del lifetime de la regla excede al mínimo estipulado por el usuario, analizamos si la regla es frecuente en ese período. Este concepto permite encontrar proponen alguna técnica de actualización de las reglas. En 5 y 12 los autores proponen una técnica de actualización de las reglas de asociación en el caso en que se agregan nuevas transacciones a la base de datos. En 13 se amplía el trabajo último 12 contemplando los casos de eliminación y modificación de transacciones de la base de datos. Nuestra propuesta difiere de las reprocesar la base de datos de la cual ya se extrajeron las reglas anteriormente. La contribución de este trabajo para la actualización de las Reglas de Asociación es que propone procesar solo las nuevas transacciones incorporadas a la Base de Datos. De esta manera se evita el tiempo de procesar transacciones ya existentes y anteriormente procesadas. Las nuevas transacciones incorporadas a la Base de Datos, pueden generar eventualmente nuevas Reglas de Asociación. A fin de cumplir con la propiedad de maximalidad, es necesario evaluar si el lifespan de las nuevas Reglas de Asociación se puede extender sobre la Base de Datos existente. Del mismo modo, se deberá evaluar si el lifespan de las Reglas de Asociación preexistentes, pueden extenderse sobre la Base de Datos nueva. En el caso de la depuración de la Base de Datos, es necesario también depurar las Reglas asociadas. El siguiente trabajo está organizado de la siguiente forma: en la sección 2 se describe el Modelo General Temporal, sus definiciones y el proceso para el descubrimiento de las Reglas Generales Temporales. En las seccion 3 y 4 se presenta el modelo y el algoritmo para la actualización de las reglas. Finalmente la sección 5 se presenta la conclusión y el trabajo futuro.
t2_pos_000044;contribucion;no_contribucion;;79334048.txt;doc_79334048_sec01_chk01;13;INTRO;positivo_planb_alto;explicito_propio;598;La música, como la literatura y otras artes, tiene la capacidad de crear sentimientos y emociones: de hacernos sentir. El desafío de un gran escritor es manejar la transmisión de sentires y son muchos los que han integrado música en sus obras de literaria estamos limitados a imaginarnos la música a través de su descripción... O será que de alguna manera la escuchamos, sin realmente escucharla? Puede un sordo escuchar música? Puede un ciego ver? Los efectos mágicos de los sentimientos sobre la realidad forman la base de un nuevo término llamado idealismo mágico. Su principal cultivadora en la actualidad, y la que lo teoriza, es la colombiana Ángela Becerra, conocida por sus novelas románticas. Su novelística es objeto de debate por parte de los críticos Robledo 2009: 295. Becerra ha acuñado este término para hablar de un estilo que ella cultiva en su novelística. Sin embargo, el idealismo mágico forma un tema sumamente enigmático, debido a la asociaciones con el realismo mágico, una corriente literaria bien estudiada desde mediados del siglo XX, relacionada con su exponente principal, el colombiano Gabriel García Márquez. La literatura contemporánea latinoamericana ha sido fuertemente marcada por las obras de García Márquez, quien ganó el premio Nobel de literatura de 1982. Indudablemente, hablar de idealismo mágico, tanto dentro de un contexto colombiano como afuera, es una manera de acercarse y alejarse de García Márquez. Cómo se diferencia el idealismo mágico del realismo mágico? Cómo se puede definir el idealismo mágico? Tiene la música, una herramienta para transmitir sentimientos, algo que ver con el idealismo mágico, cuyo núcleo, según Becerra, está en los sentimientos? 1.1 OBJETO DE ESTUDIO Y CAMPO DE INVESTIGACIÓN La solapa de la novela El penúltimo sueño nos informa que la autora colombiana Ángela Becerra nació en la ciudad de Cali en 1957. Tuvo una carrera exitosa como directora creativa en varias agencias de publicidad en Colombia y España. Desde 1988 reside en Barcelona. Becerra dejó su carrera en el año 2000 para dedicarse a escribir a tiempo completo. Publicó su primera obra, una colección de poemas llamada Alma abierta, en 2001, y en 2004 publicó su primera novela De los amores negados. Otras obras de Becerra son Lo que le falta al tiempo y Ella, que todo lo tuvo. La autora ha ganado cinco premios literarios por sus obras, las cuales han sido traducidas a 17 idiomas diferentes. Algunos especialistas consideran que en popularidad por Gabriel García Márquez. Por su novela El penúltimo sueño, publicada en 2005, obtuvo en España el premio Azorín de la novela. El penúltimo sueño también recibió el premio a Mejor Libro Colombiano de Ficción 2005 y, en Estados Unidos, el Latino Literary Award 2006. La novela ha vendido más de un millón de ejemplares El Universal 2009. Como se ha mencionado, Ángela Becerra escribe de una manera presuntamente especial que se ha dado en llamar el idealismo mágico. Con el fin de entrar en profundidad en su significado se ha escogido El penúltimo sueño como objeto de estudio de este trabajo, debido a que es la más leída y premiada de sus novelas. Nos cuenta una historia de un amor imposible que se desarrolla durante varias décadas y abarca tres generaciones. Dado que es una novela relativamente nueva hay escaso material académico sobre ella, igual que sobre las otras novelas de Becerra. La falta de material académico puede ser una desventaja en el análisis de este trabajo. Sin embargo, esto indica que queda un hueco que llenar. Además, la popularidad comercial de la novela puede decir algo interesante sobre la literatura contemporánea en español.
t2_pos_000018;contribucion;no_contribucion;;2651190.txt;doc_2651190_sec07_chk09;8537;CONC;positivo_planb_alto;pasivo_anclado_trabajo;778;Consistentes con la idea de que una correcta aplicación del procedimiento de tarifas price cap supone la realización de un conjunto de análisis que requieren estimar variables similares a las usadas para el diseño de la empresa modelo, parece razonable esperar que en un sentido teórico o más exactamente, prescriptivo los problemas de obsolescencia, plusvalía e indivisibilidades también están presentes. La obsolescencia tecnológica se manifiesta como dificultad en el contexto de la determinación del factor X, cuando se intenta buscar algún criterio de aumento de productividad que sea razonable aplicar. Teniendo en mente lo señalado por Loube 1995, si el cambio de productividad que representa las mejores prácticas de la industria se estimara, por ejemplo, a partir de la disponibilidad de nuevas tecnologías en el mercado, 26 se llegaría a un resultado equivalente al de la ficción de una empresa modelo. Si por mejores prácticas se entiende el uso de la tecnología disponible que minimice los costos, al incurra en una pérdida significativa, castigando parte relevante de sus activos. obstante lo importante desde un punto de vista conceptual es que en la aplicación del marco regulatorio price cap el tema de la obsolescencia está presente en toda su magnitud. probablemente debido a que la determinación del factor X se desarrolla en un contexto en Tal como se deduce de lo expuesto en el presente trabajo, los activos considerados en la base del cálculo tarifario juegan un rol crucial en los resultados de las empresas. Bajo la determinación de los incrementos en la productividad esperada, sino también en cualquier intento por saber si las tarifas permiten cubrir los costos de la firma o contienen renta. La estimación de los costos, ya sea teóricos y reales, supone la definición de los desde la óptica de la eficiencia económica. Nuevamente, en la identificación de los activos relevantes para efectuar cualquier cálculo o análisis, el tema de la obsolescencia tiene un rol preponderante, especialmente en un medioambiente con incertidumbre e inversiones de carácter irreversible. En un texto referido en un sentido amplio a los mecanismos de regulación de precios, en que razonablemente se puede asumir que el análisis es también pertinente para el caso de price cap, Evans y Guthrie 2005 argumentan que en la medida en que el regulador requiere definir los costos apropiados de los activos de la firma, respecto de los cuales ésta debe poder recibir el retorno correspondiente, debe compensarse a la empresa superiores que incluyen este riesgo. De lo anterior se deduce que usar directamente el valor de reemplazo de los activos pudiera ser una decisión inapropiada. Los mismos autores en un texto posterior Evans y Guthrie, 2006 señalan que el valor de los activos de la firma debe exceder el costo optimizado de reemplazo, ya que la empresa real incrementa óptimamente su capacidad en etapas, mientras la firma hipotética modelo es capaz de explotar las economías de escala aplicada a toda su capacidad. En definitiva, la valoración de los activos implica consustancialmente tomar una opción tecnológica, en la que el tema de la obsolescencia va a estar presente. En relación a la plusvalía en los activos, el problema se manifiesta en los mismos ámbitos que los referidos al tema de obsolescencia tecnológica. Por un lado, la determinación de los aumentos de productividad, que sustentan la determinación del factor X, requiere necesariamente alguna estimación del valor de los activos a partir de los cuales la firma produce. Por tanto, la decisión de mantener el valor histórico de éstos, en en la fijación tarifaria. Cualquiera sea el sesgo que involucre la incorporación de la plusvalía de los activos en el cálculo de precios, el tema estará presente en el procedimiento price cap. Por otro lado, el trabajo permanente de la autoridad regulatoria para monitorear los niveles de precio respecto a aquellos que son teóricamente correctos, es decir, que reflejan los costos de largo plazo, implica tener una percepción sobre los costos de producción y el valor de las inversiones realizadas. Nuevamente, en la identificación de dichos valores habrá de tomarse una decisión cuando los activos presenten plusvalía. Finalmente, también en el contexto del esquema regulatorio price cap, habrá que optar por una manera específica de enfrentar el dilema de la trayectoria de inversiones en un marco de indivisibilidades de naturaleza económicas. De hecho, cualquier predicción sobre la firma que se lleve a cabo implicará establecer una trayectoria de inversiones, de modo de poder responder a los incrementos de la demanda. Independiente del método exacto que se use para determinar el factor X o el nivel tarifario, el regulador tendrá que 28 optar por un programa de inversiones futura, más o menos cercano a la trayectoria de la demanda.
t2_pos_000035;contribucion;contribucion;;70364775.txt;doc_70364775_sec08_chk05;9164;CONC;positivo_planb_alto;explicito_propio;313;"En el presente estudio se pretendía analizar las posibles divergencias en estilos de resolución de conflictos en adolescentes españoles, tomando como variables el sexo y el tipo de organización escolar escuela mixta o escuela diferenciada. Para ello, se propusieron dos objetivos. En primer lugar, aportar a la comunidad científica y educativa un cuestionario que permitiera detectar los estilos de los adolescentes en la resolución de conflictos. Se ha tomado como base el TKI, un instrumento sobradamente utilizado y validado, tanto en su versión original como en su versión en español. Sobre esta última se realizó una adaptación del lenguaje para adolescentes, con la colaboración de académicos de diferentes campos, y se confirmó la validación de su consistencia interna. En segundo lugar, se pretendía obtener datos cuantitativos sobre las semejanzas y divergencias entre adolescentes en resolución de conflictos, en función de su sexo y según el tipo de escolarización coeducativa o diferenciada por sexo. Los resultados confirman diferencias significativas entre los sexos, tal como la literatura ha aportado hasta el momento; mientras que entre las tipologías escolares solamente se muestran diferencias significativas en el estilo colaborador, en el que puntúan por encima las escuelas diferenciadas. Los conflictos son inevitables en las actividades y relaciones humanas. La presente investigación aporta una perspectiva y resultados novedosos sobre los adolescentes y sus estilos de resolución de conflictos. De una parte, la validación para adolescentes del cuestionario TKI facilita que, en el campo escolar, se evalúen con una herramienta fiable los estilos de resolución de conflictos dominantes en un entorno, o bien individualmente. De otra parte, los resultados pueden contribuir a conocer el desarrollo competencial de los adolescentes españoles, también en función de su sexo y el tipo de escuela, aspectos que han sido poco investigados fuera de los países anglosajones Luengo et al., 2013. Camps Bansell, Selvam y Sheymardanov Resolución de conflictos en la adolescencia... 01-22"
t2_pos_000053;contribucion;no_contribucion;;82297434.txt;doc_82297434_sec01_chk01;0;INTRO;positivo_planb_alto;explicito_propio;647;"Este trabajo se inserta en una de las líneas de investigación propuestas por un proyecto aun más amplio, cuyo interés es delimitar el contexto de recepción del psicoanálisis francés en La Plata en el período que se extiende desde 1966 hasta 1976. Para ello recurriremos al concepto de recepción, cuya autoría se atribuye a Hans Robert Jauss, quien lo propuso como un recurso fundamental en su teoría de la comunicación literaria. Hugo Vezzetti presentó en el año 1994 un panorama de la historia de la psicología en la Argentina aplicando este concepto a la misma. A su vez, Alejandro Dagfal 2004, p. 5 ha retomado este término postulando que todo autor, es en primer lugar un lector, que como tal, está atravesado por la fusión de un horizonte de expectativas disciplinar y un horizonte de expectativas más general, propiamente concibe desde una concepción dialéctica, donde entra en juego una selección que realiza aquel que se encuentra con la obra, teniendo ésta un carácter necesariamente parcial, en tanto se ve implicado su propio punto de vista. Por lo tanto el acto de lectura supone siempre tres factores: el autor, la obra y el público, ocurriendo un intercambio entre producción y recepción. Siguiendo esta línea, identificamos distintas vías de ingreso del psicoanálisis francés en la ciudad de La Plata. Una de ellas es la que corresponde al ámbito académico universitario, en particular en las carreras de Psicología y Filosofía; otra al ámbito privado, como por ejemplo la formación a través de grupos de estudio; y podría precisarse una tercera, relacionada con la formación de los profesionales del campo de la salud mental en las instituciones públicas. Esta última es la vía que este trabajo se propone abordar. La presentación de Oscar Masotta en el Hospital Interzonal de Agudos Especializado en Pediatría Sor María Ludovica El Hospital de Niños Sor María Ludovica de la ciudad de La Plata es la institución de máxima complejidad para la atención pediátrica en la provincia de Buenos Aires. En él se desarrolla actividad asistencial, docente y de investigación. En el año 1970, se dictó en esa institución un ciclo de conferencias que posteriormente fueron editadas por el Dr. David Ziziemsky y la Ps. Dora Gola, bajo el título Métodos de investigación en psicología y psicopatología 1971. Estas conferencias fueron organizadas por el Departamento de Docencia e Investigación del Servicio de................................................................................................................................................. TERCER CONGRESO INTERNACIONAL DE INVESTIGACIÓN de la Facultad de Psicología de la Universidad Psiquiatría y Neurología de dicho Hospital. El objetivo -explicitado en la introducción de la publicación- era reunir figuras provenientes de diferentes disciplinas para exponer sus posturas en relación a las concepciones de ciencia y de algunos de los métodos contemporáneos más importantes empleados en la consideración de la vida psíquica normal y anormal p.7. Teniendo en cuenta que el análisis epistemológico de la relación entre objeto y método constituiría un eje de debate fundamental en la década del 70 en nuestro país, el interés subyacente a las mismas tomaba como punto de partida un problema: el de los obstáculos presentes en el camino de la psicología y la psicopatología hacia el logro de un estatuto científico. Entre los autores que formaron parte de esa publicación se encontraban Gregorio Klimovsky, J. Ricardo Musso, Juan E. Azcoaga, José Bleger, Luis F. García de Onrubia, Oscar Masotta y David Ziziemsky. Debemos destacar la importancia de esta publicación en su totalidad, en tanto fue y es utilizada aún hoy como bibliografía dentro de los programas de distintas materias en argentinas sino también del extranjero. Por otra parte, dos de los expositores pertenecían al plantel docente de la carrera de Psicología: García de Onrubia Psicología III y David Ziziemsky Psicopatología General y Psicología Evolutiva. Teniendo en cuenta la referencia conceptual anteriormente desarrollada, y en función del objetivo de este trabajo, se considerará como un acontecimiento la conferencia dictada por Oscar Masotta, titulada Significante y psicoanálisis."
t2_neg_000054;no_contribucion;no_contribucion;;79360396.txt;doc_79360396_sec03_chk01;1497;METH;negativo_dificil;senal_contrib_no_propia;368;"Al realizar la búsqueda he obtenido numerosos artículos y guías clínicas, he relevante en este trabajo, bien porque era de antes del año 2000 y podían existir utilización y eficacia en sí de los productos, etc. aportándome diversas guías clínicas, protocolos de prevención y de tratamientos, casos clínicos... También he consultado información en diferentes libros como Prevención y tratamiento de úlceras y escaras de Martínez López JF; y me he documentado sobre los diferentes tipos de apósitos, sus características y su utilización con médicos del servicio de Cirugía Vascular del H.U.M.S. Actualmente en el mercado hay una gran cantidad de apósitos estériles y otros productos utilizados en la cura de heridas crónicas como son las úlceras por presión. La evidencia científica demuestra la efectividad clínica de la técnica de la cura de heridas en ambiente húmedo CAH frente a la cura tradicional, así como su mayor eficacia coste-beneficio. Para la elección del apósito adecuado a la hora de realizar una cura, hay que tener en cuenta diferentes aspectos: - Debe ser biocompatible, proteger la herida de agresiones externas físicas, químicas y bacterianas, mantener el lecho de la úlcera continuamente húmedo y la piel circundante seca; controlar exudados y tejido necrótico mediante su absorción y dejar la mínima cantidad de residuos en la lesión. Ser adaptable a localizaciones difíciles y de fácil aplicación y retirada. - El apósito se elegirá teniendo en cuenta: Localización de la lesión. Estadío. Severidad de la úlcera. Cantidad de exudado. Presencia de tunelizaciones. Estado de la piel perilesional. Signos de infección. Estado general del paciente. Nivel asistencial y disponibilidad de recursos. Coste-efectividad. Facilidad de aplicación en contextos de autocuidado. - Será preciso elegir el apósito que permita un óptimo manejo del exudado sin permitir que lesione el tejido periulceral. - La frecuencia de cambio de cada apósito vendrá determinada por las características específicas del producto seleccionado. En general podemos decir que la cura húmeda nos aporta: Aumento del aporte de Oxígeno y nutrientes vía endógena a través de la angiogénesis. Acidificación del ph de la zona. Control del exudado sin perjudicar la piel periulceral. Mantener la temperatura adecuada. Disminución del dolor. Protege a las heridas de la contaminación. Reduce el tiempo de cicatrización."
t2_neg_000051;no_contribucion;no_contribucion;;78343259.txt;doc_78343259_sec03_chk03;4218;RES;negativo_facil;zona_sin_senales;370;"Las regiones geográficas determinadas en este trabajo fueron cinco, con una participación mayor de entidades en la región centro Fig. 1. Cabe aclarar que la delimitación de las ambientales como sería lo deseable, por lo cual podrían ser consideradas como preliminares. registradas 45 especies fue la noreste, en registró en la región centro; en tres de las regiones hubo predominio de especies de encinos blancos Lepidobalanus y únicamente en la región sur y sureste hubo todas las regiones presentaron al menos una especie exclusiva, resultando un total de 31 de especies exclusivas de alguna región destacando la noreste con 16 especies, debido a la importancia en endemismos de la península de Baja California, así como excepto la región sur y sureste Tabla 1. El análisis de similitud entre pares de regiones mostró mayor semejanza entre las regiones central y occidental 72 y la sur y sureste y la central 63, en tanto que la menor 14.6 fue entre la nordeste y la sur y sureste, como cabría esperarse Tabla 2, dadas las diferencias en condiciones ambientales y ubicación geográfica entre ambas. entidades federativas, a través del cociente obtenido de encinos rojos entre blancos EL, últimos en entidades del centro y norte del país, lo cual es indicado por los cocientes menores que la unidad Fig. 2, a; para las demás entidades las propias de las regiones sur y sureste, centro y occidente los cocientes fueron mayores que la unidad. Esto último rojos que de blancos en el sur y lo contrario en el norte del país Fig. 2, b. Con base en las 112 especies de Quercus consideradas en este trabajo ANEXO, 51 extienden su distribución más allá de nuestras fronteras, 31 la comparten con Norteamérica básicamente con E.U. y 19 con Centroamérica Fig. 3 a, b. En cuanto a la concentración de especies por regiones geográficas del país, fueron escasas las de distribución amplia presentes en las cinco regiones, de acuerdo con la Fig. 1, ya que solamente presentaron este rasgo casi el 3 de las especies Q. glaucoides, Q. laeta y Q. rugosa, ANEXO; 11 de las especies se P Protobalanus y cociente de encinos rojos entre blancos EL para las regiones geográficas y el país."
t2_neg_000078;no_contribucion;no_contribucion;;84095583.txt;doc_84095583_sec03_chk03;1739;sin_asignacion;negativo_dificil;tercero_citado;393;El análisis se ha realizado a partir de la recolección de datos de los sitios web de las emisoras a través de la aplicación de una grilla de observación de diversos aspectos, principalmente de sus páginas de inicio, y de la medición de una serie de variables. Cabe consignar, que la intención de sino observar más bien cuántas, qué porcentaje significan, qué particularidades adquieren y cómo lo hacen, para analizar el panorama de las emisoras universitarias argentinas en internet. 3.1 Características de la radio en internet El primer dato del análisis se centró en las características de la emisora universitaria en internet. Para ello se establecieron dos niveles: clasificación inicial y alojamiento. 3.1.1 Clasificación inicial En esta clasificación inicial, se establecieron cuatro categorías y se ubicó en ellas a cada una de las 35 emisoras de la muestra, según los datos recogidos a principios del año 2010, obteniendo el gráfico que se presenta a continuación: Observamos que la mayoría de las radios, 20 emisoras, poseen tanto sitio web como emisión en pero sí algunos lineamientos en la página en la que se alojan, por lo cual se han incluido en el análisis de las variables que se detallan en este apartado. Si analizamos estos datos en porcentajes vemos que el 74 de las emisoras 26 radios tienen presencia en internet, ya sea mediante la combinación de sitio web y emisión online, o bien con una El análisis de este punto es central para comprender el estudio que se expone ya que las variables emisoras sólo con sitio web, y otras 2 emisoras que aunque ubicadas en la categoría sólo emisión en página en la que están alojadas que hicieron que se considere pertinente incluirlas en el análisis. 3.2 Contenidos La variable contenidos se analizó desde varios aspectos. En primer lugar, se puso en común la cantidad de contenidos desarrollados en las páginas de inicio de las emisoras, estableciendo 10 categorías. Así, la cantidad total de contenidos que se registraron en cada categoría se muestran en el siguiente gráfico: La visualización del gráfico permite valorar que los contenidos más desarrollados en las páginas de inicio de las emisoras son los vinculados a la programación: se han contabilizado un total de 61 contenidos de este tipo en las páginas de inicio de las 24 emisoras lo que representa el 20 del
t2_neg_000009;no_contribucion;no_contribucion;;113588317.txt;doc_113588317_sec03_chk01;172;INTRO;negativo_dificil;tercero_citado;316;En la provincia comunera del departamento de Santander, tiene entre sus objetivos dentro del plan de desarrollo municipal Lineros, 2016 de acuerdo al desarrollo del milenio propuesto por la visión de la agenda 2030 es, incorporar los principios del desarrollo sostenible en las políticas y los programas nacionales, y propender por la reducción del agotamiento de los recursos naturales y de la degradación de la calidad del medio ambiente CEPAL, 2017, por lo tanto se realizan las adecuaciones tecnológicas en actividades agropecuarias para disminuir el calentamiento global y el consumo energético, la evolución en la mejora del clima dependerá de lo que seamos capaces de hacer para desacelerar dicho consumo Bondoni, 013. Análogamente el informe sobre el crecimiento económico colombiano del 2016, muestra un crecimiento moderado del 1,8, en el departamento de Santander, Por este motivo, el plan de desarrollo regional Santander 2017 tiene como reto la necesidad de mejorar la utilización de suelos con protección al medio ambiente, disminuyendo el atraso tecnológico en cuanto a los procesos que involucran el área rural jurisdiccional, con adecuaciones desde el punto de vista técnico, en pro de mejorar la productividad física de productos. Bajo esta iniciativa es importante aclarar que el municipio del Socorro, es el objeto de este planteamiento con una base económica como sector agropecuario, que representa el 91,9 de las unidades censales con actividad agropecuaria asociada DANE, 2015, también la industria aporta al sector agropecuario un 12,6 al comercio del municipio. Por lo tanto, en la provincia mencionada existe un desconocimiento sobre la manipulación de equipos electrónicos, para la industria agrícola, trayendo efectos en la baja automatización de dispositivos para el campo. También en esta zona se ha impartido la formación técnica en electrónica, realizando una baja profundización tecnológica en equipos electrónicos agrícolas. Ante estas cuestiones planteadas se origina la siguiente pregunta: En consecuencia, la problemática expresada se orientó para el siguiente
t2_pos_000064;contribucion;contribucion;;83623210.txt;doc_83623210_sec01_chk01;27;INTRO;positivo_planb_alto;explicito_propio;769;"El café Colombiano es reconocido a nivel mundial por sus cualidades organolépticas dadas gracias a sus particulares condiciones geográficas. Colombia, por su demanda, ocupa los primeros lugares a nivel mundial. Uno de los principales factores que afectan la cantidad y la calidad de la producción colombiana es la presencia del hongo de la Hemileia Vastatrix y los picos característicos asociados a carotenoides caroteno que se encuentran presentes en este hongo se pueden determinar por microscopia Raman. Este hongo es comúnmente conocido como La Roya. La almendra de la coffea es uno de los granos de mayor estudio en nuestro país dado que este representa un gran porcentaje de las exportaciones colombianas. Diversos estudios se han enfocado en la investigación de campo, estudio de suelos, tratamiento de plagas, fumigaciones, entre otras, pero son pocas las investigaciones realizadas al grano almendra a nivel microscópico. En este trabajo se realiza el análisis vibracional de la estructura de la almendra de coffea que se reflejan en la calidad comercial del café proveniente de muestras de tipo comercial, el estudio es realizado mediante las técnicas espectroscópicas de tipo óptico, tales como Raman e infrarrojo. La mayor parte de los estudios realizados hasta el momento se han centrado en los componentes activos de la cafeína, uno de los derivados de mayor importancia en la extracción de la almendra, extracción que introduce o elimina elementos contaminantes al producto final. Se han realizado estudios por técnicas de Análisis químico como cromatografía liquida de alta resolución, cromatografía de gases con columna capilar de espacio de cabeza combinado con análisis de componentes principales, pero son pocas las investigaciones a partir de la técnica espectroscopia Raman. El café Colombiano es reconocido a nivel mundial por sus cualidades organolépticas y ocupa los primeros lugares a nivel mundial. Tiene su reputación a nivel internacional debido a su calidad, sabor y aroma. Esto es posible gracias a las particulares condiciones geográficas con las que cuenta nuestro país además del esfuerzo, cuidado y dedicación de nuestros campesinos en el cultivo y recolección del grano. Existen diferentes especies de coffea pero las más reconocidas son el café arábigo Coffea arabica, Cultivada en nuestra región y el robusta Coffea Canephora, representando la primera un mayor mercado a nivel internacional. Entre las principales diferencias a nivel molecular se han determinado que el café arábigo contiene una mayor concentración de trigonelina y sacarosa mientras que el café robusta presenta porcentajes aproximados al 13 de ácido clorogénico CGA y cafeína 1. La espectroscopia Raman ha sido también usada para suministrar información relacionada con la naturaleza de los estados electrónicos de los carotenoides, carotenos y polienos en general 2. Los carotenoides son pigmentos orgánicos formados a través de la vía de isoprenoides y que se encuentran presentes en animales y plantas, también tienen funciones como antioxidantes, estabilizadores de membrana y como precursores metabólicos esenciales 3. Los carotenoides tienen una transición π-π permitida que ocurre en la región visible. El espectro de resonancia Raman se obtiene cuando esta transición electrónica de carotenoides coincide con la longitud de onda del laser de excitación. Para la determinación de la concentración de ácido Clorogénico y sus lípidos, se ha utilizado la espectroscopia Raman y el análisis de componentes principales ACP 4. tomados para muestras de café arábigo y robusto coincide con los del CGA puro. Dos vibraciones correspondientes al de los anillos fenilos y a extensiones vibracionales de los corresponden a vibraciones en el ciclohexano y a enlaces CH y COH respectivamente. Los modos de vibración en y COH en el anillo fenilo y a una distorsión en la vibración de éste. La banda en 1690 cm-1 es asignada a vibraciones de estiramiento del CO ver tabla1. También, es utilizada la técnica de transformada de Fourier en el Infrarrojo FTIR para la identificación de los compuestos en los granos de café molido 6. La técnica al café en polvo proveniente de café sin defectos con aquel que ha sido procesado usando granos afectados por la broca o granos negros 7. En este trabajo se presenta el análisis de las vibraciones moleculares compatibles con los modos normales de vibración y comparadas con la literatura del grano de café tipo comercial de la región cafetera colombiana. Las técnicas empleadas en la caracterización fueron las espectroscopias Raman e infrarrojo, que son complementarias, ya que existen modos normales de Infrarrojo y viceversa; esto es debido a las consideración de la configuración geométrica de los grupos funcionales y moleculares determinados por la teoría de grupos. Estas dos técnicas de caracterización tiene la ventaja de ser de que la técnica Raman permite la fácil preparación de la muestra."
t2_neg_000004;no_contribucion;no_contribucion;;108427917.txt;doc_108427917_sec09_chk02;6621;RES;negativo_dificil;senal_contrib_no_propia;456;"de las energías renovables. Se realizó este documento con 20 preguntas con todas ellas de carácter obligatorio que se usaron para el proceso de evaluación. Las preguntas se caracterizan con dos bloques, una de caracterización y una de conocimientos sobre ODS, la encuesta se ha enviado a un total de 85, de ellos han accedido 40 personas que corresponde al 34. La encuesta se usó de la plataforma de Google con plantillas de correspondientes y criterios planteados desde el comienzo, orden de preguntas orientadoras para conocer la población que es dirigido el proyecto de investigación y es modificando para que las persona que responder la encuesta personas que pertenezcan Fundación Universitaria del Área Andina, de la facultad de ciencias de la salud y del deporte seccional Bogotá el medio de difusión fue por medio de redes sociales tales como WhatsApp, Facebook y Twitter, y la cuarenta personas encuestadas. Para la investigación realizada se generó una encuesta en la cual se realizó una caracterización de la población con preguntas claves en cuanto a nombre, edad, sexo, último grado de escolaridad alcanzado; con el fin de que los estudiantes de la facultad de ciencias de la salud y el deporte seccional Bogotá de la Fundación universitaria del Área Andina fuera encuestados, ya que como la sostenibilidad hace parte del modelo de responsabilidad social de la misma; haciendo énfasis en el la población que oscila entre los 18 y 25 años que cursan actualmente programas de pregrado en la misma. Discusión y conclusiones El objeto del estudio es la inquietud sobre el desarrollo sostenible en Colombia y tema dentro de un aula entonces con la recopilación de la literatura se obtuvo información sobre la enseñanza de las energías renovables en Colombia y en las diferentes edades, se investigó de bases de datos académicas literaturas que abarcaran el tema de entre los año 2000 y 2019, se compara algunos autores y sus aportes sobre la enseñanza en la escuela de los objetivos de desarrollo sostenible ya que algunos lo dejan para la vida universitaria y otros exponen que es importante el el hecho de una aplicación en la escuela en una investigación cualitativa con abordaje de encuestas leyendo precavidamente y recolectado los que responden a los interrogantes planteados Buesaquillo, 2015 Los resultados obtenidos en este proyecto, evidencian que posterior al haberse plenitud, llevando a implementar la necesidad de educar a la población objeto en cuanto a la importancia de las energías renovables en el futuro. Y demostrando que la sociedad actual presenta un desorden de consumo. Jimenez, Restrepo y Mulcue, 2019 Por lo anterior se acepta la pregunta problema planteada: la importancia de educar a los jóvenes en cuanto a la importancia de conocer las energías renovables para el futuro."